Survivor:_San_Juan_del_Sur,Locations_of_College_GameDay_(football),4
Locations_of_College_GameDay_(football),Wikipedia:Administrator_intervention_against_vandalism,5
Katie_Stevens,User_talk:Willaford,-1
Adam_Lallana,Antoine_Griezmann,3
Adam_Lallana,Antoine_Griezmann,3
2014_Tour_de_France,User_talk:Lucas_Thoms,-1
Barnsley_F.C.,Danny_Porush,4
Danny_Porush,Sergio_Pizzorno,4
Digger_T._Rock:_Legend_of_the_Lost_City,Steam_(software),2
Battleground_(2014),Talk:Battleground_(2014),-1
Talk:Battleground_(2014),User_talk:JakeTheFace,-1
User_talk:JakeTheFace,Talk:Battleground_(2014),-1
Asiatique,Mazzika,5
Mazzika,Ted_Leonsis,4
Ben_10,The_Breaker_(manhwa),4
The_Breaker_(manhwa),Naruto_Uzumaki,4
Naruto_Uzumaki,The_Breaker_(manhwa),4
The_Breaker_(manhwa),Dream_Eater_Merry,3
Dream_Eater_Merry,Goku,2
Samurai_Shodown_V_Special,Parallel_construction,4
Parallel_construction,Wikipedia:Barnstars,4
Wikipedia:Barnstars,Dennis_Kardon,-1
Dennis_Kardon,User:Mattyboy4/sandbox,-1
User:Mattyboy4/sandbox,Dragonsinger,-1
Conservation_Center_for_Art_and_Historic_Artifacts,Ghost_Slayers_Ayashi,4
Ghost_Slayers_Ayashi,User_talk:WadeSimMiser,-1
User_talk:WadeSimMiser,Ecgfrith_of_Northumbria,-1
Ecgfrith_of_Northumbria,User_talk:Mattyboy4/sandbox,-1
User_talk:Mattyboy4/sandbox,User_talk:WadeSimMiser,-1
John_Tenniel,John_James_(tennis),4
John_James_(tennis),John_Tenniel,4
"Carmel_College,_Darlington",File:Carmel_College_Logo.svg,-1
Revenants_in_fiction,Harry_Potter_universe,3
Cheese_puffs,User_talk:Richard_b_347,-1
User_talk:Richard_b_347,Draft:FLUFFY_UNICORNS,-1
Draft:FLUFFY_UNICORNS,File:HarryPotter5poster.jpg,-1
File:HarryPotter5poster.jpg,Taxicab_geometry,-1
Taxicab_geometry,Wikipedia:Article_wizard/Category,-1
Wikipedia:Article_wizard/Category,Draft:Harry_potter,-1
Draft:Harry_potter,Lübeck–Hamburg_railway,-1
Bad_Girls_Club_(season_11),Ron_Killings,3
President_of_Russia,Talk:George_W._Bush,-1
Talk:George_W._Bush,Talk:President_of_the_United_States,-1
Talk:President_of_the_United_States,Talk:Barack_Obama,-1
Talk:Barack_Obama,Talk:President_of_the_United_States,-1
James_Young_(basketball),A._J._Gass,4
Ray_Allen,"Antonio_Brown_(wide_receiver,_born_1988)",3
James_Young_(basketball),Servite_High_School,4
Bauer_Hockey,Suave,4
June_2014_Borno_State_attacks,User:Jimbo_Wales,5
User:Jimbo_Wales,Destruction_of_Syria's_chemical_weapons,4
Destruction_of_Syria's_chemical_weapons,EU_(disambiguation),4
David_Tutera,Eric_Decker,4
Eric_Decker,Jessie_James_Decker,2
Jessie_James_Decker,John_Legend,2
Tamar_Braxton,BET_Awards_2014,2
BET_Awards_2014,Tina_Turner,3
Paula_Patton,Tanisha_Thomas,4
Tanisha_Thomas,Trista_Sutter,2
Trista_Sutter,Catherine_Giudici,2
Catherine_Giudici,Tasha_Smith,4
Brandy_Norwood,19_Kids_and_Counting,3
19_Kids_and_Counting,Bethany_Hamilton,1
Bethany_Hamilton,19_Kids_and_Counting,1
19_Kids_and_Counting,Drew_Seeley,3
Dylan_Lauren,Jeannie_Mai,3
Jeannie_Mai,Cyndi_Lauper,2
Brooklyn_Decker,User_talk:Theefancyone,-1
Scooby-Doo,User_talk:AhmedCows4000,-1
Jusuf_Nurkić,2013–14_Miami_Heat_season,3
2013–14_Miami_Heat_season,2014–15_NBA_season,2
2014–15_NBA_season,2014–15_Boston_Celtics_season,2
2014–15_Boston_Celtics_season,2014–15_NBA_season,2
2014–15_NBA_season,Joel_Embiid,2
Joel_Embiid,Dario_Šarić,2
Dario_Šarić,Cory_Jefferson,1
Cory_Jefferson,User_talk:Fredyyy03,-1
Amado_Boudou,Cristina_Fernández_de_Kirchner,1
Toy_Story_(franchise),Disney_Junior_(international),2
Disney_Junior_(international),Say_I,4
Say_I,Forever_(Drake_song),3
Forever_(Drake_song),User_talk:Possibly_Unorginal,-1
User_talk:Possibly_Unorginal,User:Possibly_Unorginal,-1
Imaginary_friend,User_talk:Nicholas_Buckworth,-1
Truman_Bodden_Sports_Complex,User_talk:Vieque,-1
User_talk:Vieque,1970_FIFA_World_Cup,4
Emmanuel_Emenike,Marcos_Rojo,2
Marcos_Rojo,User_talk:ClueBot_Commons,-1
User_talk:ClueBot_Commons,User_talk:Swagmaster1202,-1
User_talk:Swagmaster1202,Shinji_Kagawa,1
Shinji_Kagawa,User_talk:Swagmaster1202,-1
Ethics,"John_Y._Brown_(politician,_born_1835)",4
"John_Y._Brown_(politician,_born_1835)",Jesse_Ventura,3
Jesse_Ventura,Eli_Walker,4
Eli_Walker,Marvel_Comics,4
Syria_and_weapons_of_mass_destruction,John_Holmes_(pornographic_actor),4
John_Holmes_(pornographic_actor),Debi_Diamond,2
Eunuch,User:Jimbo_Wales,4
User_talk:Widr,Eric_Byler,-1
Eric_Byler,User_talk:Widr_12,-1
Joel_Embiid,Doug_McDermott,2
Doug_McDermott,Cleanthony_Early,2
Cleanthony_Early,Shabazz_Napier,1
Wiener_Library,Dzhanykel_Hydro_Power_Plant,5
Dzhanykel_Hydro_Power_Plant,Robert_J._Reiley,6
Robert_J._Reiley,Trinidad_&_Tobago_National_Petroleum_Marketing_Company_Limited,-1
Trinidad_&_Tobago_National_Petroleum_Marketing_Company_Limited,Qais_Abd_al-Karim,5
Qais_Abd_al-Karim,James_Burke_(baseball),6
James_Burke_(baseball),Mighty_Munch,6
Mighty_Munch,Kopernica_nad_Jeziorem,5
Kopernica_nad_Jeziorem,Mughal-Rajput_War_(1525),5
Mughal-Rajput_War_(1525),Slick_Shoes,5
Slick_Shoes,Raymundo_Perdigon_Brito,5
Raymundo_Perdigon_Brito,Smoothnose_wedgefish,5
Power_Rangers_Time_Force_(video_game),Power_Rangers:_Super_Legends,1
Power_Rangers:_Super_Legends,User:Kevin12345671/sandbox,-1
User:Kevin12345671/sandbox,User_talk:Kevin12345671,-1
User_talk:Kevin12345671,Starbound,3
Starbound,User:Kevin12345671/sandbox,-1
User:Kevin12345671/sandbox,User_talk:Kevin12345671,-1
User_talk:Kevin12345671,User:Kevin12345671/TWA/Earth,-1
User:Kevin12345671/TWA/Earth,User:Kevin12345671,-1
User:Kevin12345671,ICarly_(video_game),-1
ICarly_(video_game),Mystery_Case_Files,3
Mystery_Case_Files,User:Kevin12345671/TWA/Earth/2,-1
User:Kevin12345671/TWA/Earth/2,Minecraft:_The_Story_of_Mojang,-1
Minecraft:_The_Story_of_Mojang,Minecraft,1
Minecraft,Angry_Birds_Trilogy,3
Angry_Birds_Trilogy,Minecraft,2
Minecraft,Disney_Channel,3
Disney_Channel,Minecraft,3
Minecraft,Markus_Persson,1
Markus_Persson,Video_game,2
Video_game,Wizards_of_Waverly_Place_(video_game),4
Wizards_of_Waverly_Place_(video_game),Phineas_and_Ferb:_Quest_for_Cool_Stuff,3
Phineas_and_Ferb:_Quest_for_Cool_Stuff,User:Kevin12345671/sandbox,-1
User:Kevin12345671/sandbox,Diary_of_a_Wimpy_Kid:_Rodrick_Rules_(film),-1
Diary_of_a_Wimpy_Kid:_Rodrick_Rules_(film),Minecraft,3
Minecraft,Star_Wars,2
Star_Wars,User:Kevin12345671/sandbox,-1
Christ_the_Redeemer_(statue),User:Kind_Tennis_Fan,-1
Gabby_Adcock,Akinwale_Arobieke,4
Prachi_Sinha,Angry_Young_Man_(film),1
List_of_countries_by_level_of_military_equipment,List_of_countries_by_number_of_military_and_paramilitary_personnel,2
List_of_countries_by_level_of_military_equipment,List_of_countries_by_number_of_military_and_paramilitary_personnel,2
List_of_countries_by_number_of_military_and_paramilitary_personnel,Military,1
Premier_League,Lucas_Moura,2
Lucas_Moura,Loïc_Rémy,3
Diego_Milito,2012–13_Arsenal_F.C._season,3
2012–13_Arsenal_F.C._season,2012–13_Chelsea_F.C._season,2
2012–13_Chelsea_F.C._season,Mario_Götze,2
Mario_Götze,2012–13_Chelsea_F.C._season,2
2012–13_Chelsea_F.C._season,Jack_Wilshere,2
Jack_Wilshere,Julian_Draxler,2
Julian_Draxler,Gareth_Bale,2
Gareth_Bale,Julian_Draxler,2
Julian_Draxler,Tony_Parker,3
List_of_NHL_statistical_leaders,"Fernando_(Brazilian_footballer,_born_1987)",4
"Fernando_(Brazilian_footballer,_born_1987)",Sabrina_Carpenter,4
Sabrina_Carpenter,LeBron_James,3
22_Jump_Street,Landry_Bender,4
Landry_Bender,Jarnell_Stokes,5
Jarnell_Stokes,Nate_Robinson,3
User_talk:Fredfiggglehorn,Vajiralongkorn,1
Vajiralongkorn,The_Sims_4,4
The_Sims_4,Profanity,3
Profanity,Total_Drama,3
Chișinău,Ryan_Kelly_(basketball),3
Ryan_Kelly_(basketball),Wikipedia:Sandbox,4
Wikipedia:Sandbox,Shabazz_Napier,-1
Shabazz_Napier,Trevor_Howard,4
National_Baseball_Hall_of_Fame_and_Museum,User_talk:PowerOfGamers,-1
User_talk:PowerOfGamers,Luna_(singer),1
Luna_(singer),User:BracketBot,-1
User:BracketBot,Template:DailyBracketBot,-1
Template:DailyBracketBot,Luna_(singer),-1
Luna_(singer),User:MifterBot,-1
User:MifterBot,User_talk:MifterBot,-1
User_talk:MifterBot,User_talk:Mifter,-1
User_talk:Mifter,Luna_(singer),4
Luna_(singer),Phone_Losers_of_America,4
"Elmore,_Victoria",Madeleine_Chapsal,5
Madeleine_Chapsal,Dionysus,3
Mike_French,Canal_de_Bourbourg,5
Dunk,Christopher_Columbus_(1949_film),4
Christopher_Columbus_(1949_film),Kamikaze,3
Tom_Jones_(singer),Dioctria_atricapilla,5
Thomas_J._Haynes,User_talk:Biloremand,-1
Vengeance_Falls,Matt_Heafy,1
Boston_Bruins,The_Governor_(The_Walking_Dead),4
Coulrophobia,List_of_Kim_Possible_characters,3
List_of_Kim_Possible_characters,North_Dakota,3
Upazila_Nirbahi_Officer,Corruption_in_Bangladesh,3
Corruption_in_Bangladesh,Anti_Corruption_Commission_Bangladesh,2
Anti_Corruption_Commission_Bangladesh,Crime_in_Bangladesh,2
Mitchell_Johnson_(cricketer),Joe_Owen,5
Joe_Owen,Charith_Sylvester,5
Sing_(Ed_Sheeran_song),West_Coast_(song),4
West_Coast_(song),Lana_Del_Rey_discography,2
Sing_(Ed_Sheeran_song),Never_Say_Never_(Brandy_album),3
Never_Say_Never_(Brandy_album),Full_Moon_(Brandy_album),2
Full_Moon_(Brandy_album),Afrodisiac_(Brandy_album),2
Afrodisiac_(Brandy_album),Never_Say_Never_(Brandy_album),2
Never_Say_Never_(Brandy_album),Full_Moon_(Brandy_album),2
Sing_(Ed_Sheeran_song),West_Coast_(song),4
West_Coast_(song),A_Sky_Full_of_Stars,3
A_Sky_Full_of_Stars,Sheezus,3
Sheezus,Brandy_Norwood,2
Brandy_Norwood,Chandelier_(Sia_song),3
Sing_(Ed_Sheeran_song),Afrodisiac_(Brandy_album),3
Afrodisiac_(Brandy_album),Pills_n_Potions,3
Pills_n_Potions,Put_It_Down_(Brandy_song),3
Put_It_Down_(Brandy_song),Shades_of_Cool,4
Shades_of_Cool,West_Coast_(song),1
West_Coast_(song),Lana_Del_Rey_discography,2
Lana_Del_Rey_discography,West_Coast_(song),1
Sing_(Ed_Sheeran_song),Ed_Sheeran_discography,2
Ed_Sheeran_discography,Give_Me_Love_(Ed_Sheeran_song),1
Give_Me_Love_(Ed_Sheeran_song),Sexy_Lady_(Jessie_J_song),4
Sexy_Lady_(Jessie_J_song),I_Will_Never_Let_You_Down,3
Sing_(Ed_Sheeran_song),Ed_Sheeran_discography,2
Ed_Sheeran_discography,Ultraviolence_(album),3
Ultraviolence_(album),Lana_Del_Rey_discography,2
Lana_Del_Rey_discography,Ultraviolence_(album),1
Ultraviolence_(album),Whispers_(Passenger_album),3
Whispers_(Passenger_album),Two_Eleven,4
Two_Eleven,Ultraviolence_(album),3
Television_program,Yu-Gi-Oh!_Zexal,2
Yu-Gi-Oh!_Zexal,Hardcore_pornography,3
Hardcore_pornography,MILF_pornography,2
MILF_pornography,Kayden_Kross,3
8414_Atsuko,Hydrelia_flavidula,7
Hydrelia_flavidula,List_of_number-one_Billboard_Hot_Latin_Songs_of_2006,5
List_of_number-one_Billboard_Hot_Latin_Songs_of_2006,User_talk:GETTING_MY_REVENGE,-1
Eilidh_Child,George_(given_name),4
Adam,Chubby,-1
Chubby,Kinky,-1
Michael_Scott_(The_Office),Nellie_Bertram,2
Nellie_Bertram,User:Bongwarrior,-1
Michael_Scott_(The_Office),User_talk:Gggman98,-1
Master_of_Reality,Vol._4_(Black_Sabbath_album),2
Steve_Bartman_incident,Giannis_Antetokounmpo,3
Giannis_Antetokounmpo,Kent_Bazemore,3
Kent_Bazemore,International_University_of_Malaya-Wales,4
Flagg_(surname),Pascal_College,5
Pascal_College,Johnny_Jordaan,3
Johnny_Jordaan,Jacob_de_Wilde,4
Jacob_de_Wilde,Jordaanlied,4
Jordaanlied,Johnny_Jordaan,1
Batholith,Matt_Smith_(actor),3
Matt_Smith_(actor),F.O.O.D.,5
Toronto_Blue_Jays,Anthony_Bennett_(basketball),3
Anthony_Bennett_(basketball),Mike_D'Antoni,3
Steve_Nash,Kenny_Stills,3
Kenny_Stills,2013_NFL_draft,2
Derp_(hacker_group),Lobster,3
2014_Stanley_Cup_Finals,William_Coventry,4
Tiago_Splitter,Balankine_Nord,6
Balankine_Nord,Sunday_Edition_(TV_series),5
Nagorno-Karabakh_dram,Karabakh,2
Carlisle_United_F.C.,Richard_Rose_Morton_Academy,2
Richard_Rose_Morton_Academy,Fabio_Capello,4
Carlisle_United_F.C.,Cumbria_shootings,2
Cumbria_shootings,7_July_2005_London_bombings,3
7_July_2005_London_bombings,Boston_Marathon_bombings,2
Family_Force_5,Resurrection_(U.S._TV_series),3
Resurrection_(U.S._TV_series),Girl_Meets_World,3
Family_Force_5,Resurrection_(U.S._TV_series),3
Resurrection_(U.S._TV_series),Building_429,4
Family_Force_5,List_of_Sam_&_Cat_episodes,3
List_of_Sam_&_Cat_episodes,Sam_&_Cat,2
A_Little_Bit_Longer,"Lines,_Vines_and_Trying_Times",2
"Lines,_Vines_and_Trying_Times",Nick_Jonas,1
Jonas_Brothers,Nick_Jonas_&_the_Administration,2
Nick_Jonas_&_the_Administration,Phineas_and_Ferb,3
Phineas_and_Ferb,Sam_&_Cat,2
Sam_&_Cat,Camp_Rock_(soundtrack),3
Camp_Rock_(soundtrack),Good_Luck_Charlie,3
Good_Luck_Charlie,Dylan_and_Cole_Sprouse,2
Sony_BMG_copy_protection_rootkit_scandal,Matt_Bonner,4
Steve_Nash,Howerton,-1
Oddworld:_New_'n'_Tasty!,User_talk:Soldier50,-1
Infant_(disambiguation),Cue_sports_at_the_World_Games_2009,6
Cue_sports_at_the_World_Games_2009,Ōsama_(musician),5
Ōsama_(musician),José_Luis_Báez,4
José_Luis_Báez,Kate_Bohner,5
Samurai_Shodown_V_Special,User_talk:Jinkinson,-1
User_talk:Jinkinson,Wikipedia:Articles_for_deletion/Blue_Beaked_Cockatoo,-1
Wikipedia:Articles_for_deletion/Blue_Beaked_Cockatoo,Echidna,4
Echidna,List_of_Red_vs._Blue_characters,3
List_of_Red_vs._Blue_characters,Ash_Ketchum,3
The_Temptation_of_St._Anthony_by_Salvador_Dalí,Martín_Javier_Mina_y_Larrea,4
Martín_Javier_Mina_y_Larrea,Detroit,3
Jacques_Balsan,Barababaraba_language,5
Barababaraba_language,Pancalia_gaedikei,7
Pancalia_gaedikei,Béhencourt,5
Béhencourt,FEAR_(terrorist_group),4
FEAR_(terrorist_group),1932_Major_League_Baseball_season,3
Alix_Bushnell,User_talk:NiciVampireHeart,-1
User_talk:NiciVampireHeart,User_talk:VeryCrocker,-1
User_talk:VeryCrocker,User_talk:Piemanvdvs,-1
Optical_aberration,Kepler_(spacecraft),3
Anu_Malik,Raju_Kher,2
Raju_Kher,Anupam_Kher,1
Sunil_Shetty,Raju_Kher,2
Raju_Kher,Qazi_Wajid,4
Qazi_Wajid,Sanjay_Dutt,3
Anu_Malik,Raju_Kher,2
Raju_Kher,Neil_Nitin_Mukesh,3
ClickTale,User_talk:Discospinster,-1
User_talk:Discospinster,Wikipedia:Template_messages/User_talk_namespace/Single-level_templates,-1
Suzuka_Nakamoto,Glasgow_City_Council,4
Bring_Me_the_Horizon,User_talk:Dylank69,-1
User_talk:Dylank69,Vans,5
Modern_paganism,Psychokinesis,2
Psychokinesis,Every_Witch_Way,4
Ander_Herrera,Persija_Jakarta,3
Persija_Jakarta,User_talk:Chickennnnn,-1
User_talk:Chickennnnn,User_talk:Ged_UK,-1
User_talk:Ged_UK,Persija_Jakarta,4
Persija_Jakarta,User_talk:Chickennnnn,-1
Tania_Raymonde,Lia_Marie_Johnson,3
RollerCoaster_Tycoon_2,Electronicore,4
Electronicore,Dark_Horse_(Katy_Perry_song),3
Tom_Clancy's_The_Division,Stock_market,3
Stock_market,User_talk:Stupidguy101,-1
User_talk:Stupidguy101,The_Best_Things_in_Life_Are_Free,4
Love?,LOL_Smiley_Face,3
LOL_Smiley_Face,Love?,3
Newcastle_United_F.C.,User:ClueBot_Commons/Praise,-1
List_of_Prime_Ministers_of_Canada,Service_de_sécurité_incendie_de_l'agglomération_de_Longueuil,3
Service_de_sécurité_incendie_de_l'agglomération_de_Longueuil,Service_de_police_de_l’agglomération_de_Longueuil,2
Service_de_police_de_l’agglomération_de_Longueuil,Service_de_sécurité_incendie_de_l'agglomération_de_Longueuil,2
Service_de_sécurité_incendie_de_l'agglomération_de_Longueuil,Service_de_police_de_l’agglomération_de_Longueuil,2
Kenny_Hotz,User_talk:Lugia2453,-1
Talk:Luis_Suárez,Japan_Football_Association,3
"Carleton,_Carlisle",Brunton_Park,2
Brunton_Park,User_talk:Uniquemoto,-1
User_talk:Uniquemoto,Bar_Paly,5
Bar_Paly,Michelle_Keegan,4
Michelle_Keegan,Django_Unchained,3
Django_Unchained,Million_Dollar_Arm,3
Million_Dollar_Arm,Pain_&_Gain,2
Pain_&_Gain,Michelle_Keegan,4
Michelle_Keegan,Non-Stop_(film),4
Non-Stop_(film),Carlisle,4
Brunton_Park,Pedobear,4
Japan_national_football_team,The_Avengers_(2012_film),3
The_Avengers_(2012_film),Van_Halen,3
Belgium,User:Lewisdox,-1
Angles,Marauder_(vehicle),4
Weathering,Manuel_Argüelles_Argüelles,4
Amazon.com,User_talk:1anamada,-1
Abra_(rapper),Mel-Man,4
Blood_Raw,Emancipator_(musician),4
Emancipator_(musician),M-Doc,4
M-Doc,I-20_(rapper),3
I-20_(rapper),Belo_Zero,3
Talk:Minecraft,Hubble_Space_Telescope,-1
Takapuna_Rugby_Football_Club,Wikipedia:Edit_filter/False_positives/Reports,-1
Ricardo_Vaz_Tê,Bristol_Rovers_F.C.,2
Vine,Vine_(service),2
Vine_(service),69_(number),3
Bray_Wyatt,Bo_Dallas,1
Bow_tie,Bo_Dallas,4
Kray_twins,User_talk:Allyismeswaggie,-1
User_talk:Allyismeswaggie,User:Allyismeswaggie,-1
User:Allyismeswaggie,User:Dwpaul,-1
User:Dwpaul,User:Racerx11,-1
Hyuna,User_talk:Mysterious_ham,-1
User_talk:Mysterious_ham,Draft:Mary_chizwick,-1
Draft:Mary_chizwick,User:Blockeduser2002,-1
Hyuna,User_talk:Blockeduser2002,-1
User_talk:Blockeduser2002,User_talk:Amortias,-1
User_talk:Amortias,In_the_Night_Garden,5
In_the_Night_Garden,User_talk:Blockeduser2002,-1
User_talk:Blockeduser2002,Wikipedia:Sandbox,5
Hyuna,User:Blockeduser2002,-1
Wendy's,User_talk:Tacotape,-1
User_talk:Tacotape,Five_Guys,2
User:Matanderson24/sandbox,Squad,-1
Ash_Ketchum,Ryzza_Mae_Dizon,4
Ryzza_Mae_Dizon,List_of_programs_broadcast_by_GMA_Network,2
List_of_Pokémon_anime_characters,Prinsesa_ng_Buhay_Ko,4
Prinsesa_ng_Buhay_Ko,Sym-Bionic_Titan,4
Sym-Bionic_Titan,List_of_Pokémon_(152–201),3
List_of_Pokémon_(152–201),List_of_Pokémon_(650–719),2
List_of_Pokémon_(650–719),List_of_Pokémon_anime_characters,2
List_of_Pokémon_anime_characters,Wikipedia:Tutorial/Editing,-1
Wikipedia:Tutorial/Editing,List_of_Pokémon_anime_characters,-1
Serena,List_of_Pokémon_(650–719),2
List_of_Pokémon_(650–719),Serena,5
Serena,List_of_Toriko_characters,4
List_of_Toriko_characters,"Vanillite,_Vanillish,_and_Vanilluxe",3
"Vanillite,_Vanillish,_and_Vanilluxe",List_of_Pokémon_anime_characters,2
List_of_Pokémon_anime_characters,Template:Pokémon_directory,2
Template:Pokémon_directory,List_of_Pokémon_(650–719),-1
List_of_Pokémon_(650–719),Natsu_Dragneel,4
Natsu_Dragneel,List_of_Ben_10:_Omniverse_episodes,3
List_of_Ben_10:_Omniverse_episodes,List_of_Phineas_and_Ferb_characters,5
List_of_Phineas_and_Ferb_characters,Symphogear,4
Symphogear,Ryzza_Mae_Dizon,4
Ryzza_Mae_Dizon,User_talk:Karsad147,-1
Jerry_Springer,Kawhi_Leonard,3
Kawhi_Leonard,User_talk:Nicnel18,-1
Anthony_Davis_(basketball),Rıdvan_Dilmen,4
Rıdvan_Dilmen,User_talk:NbaabN,-1
Beau_Bokan,Ronnie_Radke,2
John_Marshall_High_School_(Los_Angeles),Thomas_Starr_King_Middle_School_(Los_Angeles),-1
User_talk:DBrown_SPS,User_talk:MWeit57,-1
User_talk:MWeit57,User:331dot,-1
User:331dot,User_talk:331dot,6
User_talk:331dot,User_talk:Miguelemejia,-1
User_talk:Miguelemejia,User_talk:Boleyn,-1
User_talk:DBrown_SPS,User:DBrown_SPS,-1
User:DBrown_SPS,Wikipedia:Meetup/LA/EOB,-1
Wikipedia:Meetup/LA/EOB,User_talk:I1990k,-1
Hyuna,User_talk:Amortias,-1
Hyuna,User_talk:Mysterious_ham,-1
Hyuna,User_talk:Mysterious_ham,-1
User_talk:MWeit57,User_talk:DBrown_SPS,-1
Band_on_the_Run_(song),22_Jump_Street,3
22_Jump_Street,Member_states_of_the_Organization_of_Ibero-American_States,4
Member_states_of_the_Organization_of_Ibero-American_States,Arabs,3
Arabs,User_talk:331dot,5
User_talk:331dot,User:331dot,5
User:331dot,User_talk:331dot,6
Transitions_(El_Ten_Eleven_album),Operation:_Z.E.R.O,4
Operation:_Z.E.R.O,Pierre_Arpaillange,4
Pierre_Arpaillange,The_Disappearance_of_Nora,5
The_Disappearance_of_Nora,Kogi_people,4
Steve_Sidwell,Kim_Bo-kyung,3
Kim_Bo-kyung,Chuck_Jones,4
Ron_Vlaar,Alexander_Büttner,2
Alexander_Büttner,Kim_Bo-kyung,3
Dave_Finlay,Children_in_Need_Rocks_2013,4
Children_in_Need_Rocks_2013,Wikipedia_talk:Articles_for_creation/Sufeng_Li,-1
Wikipedia_talk:Articles_for_creation/Sufeng_Li,Template:A_Pink,-1
Template:A_Pink,Main-belt_comet,-1
Main-belt_comet,P/2010_A2,2
P/2010_A2,User_talk:Bousaba,-1
User_talk:Bousaba,Shadowmoss_Metrolink_station,5
Shadowmoss_Metrolink_station,User_talk:Motorsporteditor,-1
User_talk:Motorsporteditor,Grenoble-Bastille_cable_car,4
Grenoble-Bastille_cable_car,Richard_E._Parker,4
Richard_E._Parker,List_of_Hot_Wheels_Battle_Force_5_characters,5
List_of_Hot_Wheels_Battle_Force_5_characters,User_talk:Castarama,-1
IOS_jailbreaking,Assassination_of_John_F._Kennedy,3
Assassination_of_John_F._Kennedy,Jacob_Berger,3
2014_FIBA_Asia_Cup,Development_of_Grand_Theft_Auto_V,5
Development_of_Grand_Theft_Auto_V,NBA_2K14,3
NBA_2K14,NBA_2K13,1
NBA_2K13,San_Antonio_Spurs,2
San_Antonio_Spurs,Wikipedia:Articles_for_creation/Redirects,-1
"St._Conrad's_Inter_College,_Agra",Bill_Shorten,4
Bill_Shorten,User_talk:NiceSix,-1
Teen_Top,Joe_McElderry,3
Teen_Top,Cameron_Boyce,3
Cameron_Boyce,Wassup_(band),5
Wassup_(band),Cameron_Boyce,4
Cameron_Boyce,Aramis_Knight,3
Leo_Howard,Lana_Del_Rey,3
Leo_Howard,Yesung,4
Yesung,Aramis_Knight,4
Aramis_Knight,Cameron_Boyce,3
Urine_therapy,Todd_Starnes,3
Beauty_&_Ruin,List_of_people_from_Merseyside,4
List_of_people_from_Merseyside,Todd_Starnes,4
List_of_people_from_Merseyside,Marty_Raymond,4
Marty_Raymond,List_of_American_films_of_1927,5
Kidd_Field,Todd_Starnes,4
Cherry_Hut,Nev_Schulman,5
Nev_Schulman,Kevin_Costner,3
Cherry_Hut,Mike_Brewer_(television_presenter),5
The_Washington_Post,Kingsman:_The_Secret_Service,3
Kingsman:_The_Secret_Service,Anton_Yelchin,3
Mario_Lopez,Frank_Welker_filmography,4
Frank_Welker_filmography,Jimmy_Kimmel,2
Jimmy_Kimmel,Kingsman:_The_Secret_Service,3
Kingsman:_The_Secret_Service,Book:Taylor_Swift,3
Book:Taylor_Swift,Taylor_Swift,1
The_Lion_King_(musical),The_Smurfs_(film_series),3
The_Smurfs_(film_series),Katy_Perry,1
Alvin_and_the_Chipmunks,Kingsman:_The_Secret_Service,-1
Kingsman:_The_Secret_Service,Taylor_Swift,-1
Taylor_Swift,Wreck-It_Ralph,-1
Wreck-It_Ralph,The_Lion_King_(musical),-1
Jack_McBrayer,The_Smurfs_(film_series),-1
The_Smurfs_(film_series),Taylor_Swift,-1
The_Lion_King_(musical),The_Smurfs_(film_series),-1
The_Smurfs_(film_series),Katy_Perry,-1
Sarah_Silverman,Masha_and_the_Bear,-1
Masha_and_the_Bear,Sarah_Silverman,4
Katy_Perry,Masha_and_the_Bear,-1
Masha_and_the_Bear,Sarah_Silverman,-1
John_C._Reilly,Wreck-It_Ralph,-1
Wreck-It_Ralph,Sarah_Silverman,1
John_C._Reilly,Masha_and_the_Bear,-1
Masha_and_the_Bear,Alvin_and_the_Chipmunks_(film_series),4
Alvin_and_the_Chipmunks_(film_series),Alvin_and_the_Chipmunks,1
Humshakals,Sonakshi_Sinha,2
Sonakshi_Sinha,Kick_(2014_film),2
Kick_(2014_film),Heropanti,2
Intersex,Austin_&_Ally,4
Austin_&_Ally,Fortune_cookie,4
Paul_Heyman,Seth_Rollins,2
Seth_Rollins,The_Beast,4
Josh_Childress,Kawhi_Leonard,2
Kawhi_Leonard,Roy_Hibbert,2
Electronic_Arts,User_talk:Manway,-1
Arthur_Mellows_Village_College,The_King's_(The_Cathedral)_School,2
The_King's_(The_Cathedral)_School,Joachim_Löw,4
Bubba_the_Love_Sponge,User_talk:Bufflufkis,-1
Bubba_the_Love_Sponge,User_talk:Bufflufkis,-1
Хуй,Идиот,4
Идиот,User_talk:JamesBWatson,-1
User_talk:JamesBWatson,CYP,5
CYP,Wikipedia:Administrators'_noticeboard/Incidents,5
Wikipedia:Administrators'_noticeboard/Incidents,User_talk:ИДИОТ_ХУЕВИЧ_ПОМОЙКИН,-1
File:Bandook_Rat.jpg,Bandook,-1
Bandook,User_talk:0x803A,-1
User_talk:0x803A,Bandook,1
Bandook,File:Logo_top.png,-1
File:Logo_top.png,Bandook,-1
Bandook,User_talk:0x803A,-1
User_talk:0x803A,Bandook,1
Frankie_Jonas,Jordan_Spieth,4
Jordan_Spieth,2006_NFL_draft,3
Green_Day_discography,Wikipedia:WikiProject_Green_Day,2
Wikipedia:WikiProject_Green_Day,"1,000_Hours",2
"1,000_Hours",Last_Night_on_Earth:_Live_in_Tokyo,2
Patrick_Sinclair,"George_C._Sherman,_Jr.",4
"George_C._Sherman,_Jr.",Victor_of_Aveyron,4
User:Sean_Dillon_The_God,User_talk:Sean_Dillon_The_God,-1
Joel_Robinson,User_talk:Godzilla_and_mst3k,-1
User_talk:Godzilla_and_mst3k,Godzilla_(1954_film),2
Godzilla_(1954_film),User_talk:Godzilla_and_mst3k,-1
User_talk:Batroctheleper,H,1
Congleton,Eaton_Bank_Academy,1
Sundern,Conchita_Wurst,3
Conchita_Wurst,Sundern,4
List_of_Paramount_Pictures_films,List_of_DreamWorks_Pictures_films,2
List_of_DreamWorks_Pictures_films,List_of_films_released_by_New_Line_Cinema,3
List_of_films_released_by_New_Line_Cinema,List_of_DreamWorks_Pictures_films,3
List_of_DreamWorks_Pictures_films,List_of_20th_Century_Fox_films_(1915–2000),2
List_of_20th_Century_Fox_films_(1915–2000),20th_Century_Fox_Home_Entertainment,2
List_of_Paramount_Pictures_films,The_Wiggles_Movie,4
The_Wiggles_Movie,List_of_Metro-Goldwyn-Mayer_films,4
The_Adventures_of_Sharkboy_and_Lavagirl_in_3-D,The_SpongeBob_Movie:_Sponge_Out_of_Water,2
The_SpongeBob_Movie:_Sponge_Out_of_Water,We're_Back!_A_Dinosaur's_Story_(film),3
We're_Back!_A_Dinosaur's_Story_(film),List_of_DreamWorks_Pictures_films,3
List_of_DreamWorks_Pictures_films,List_of_20th_Century_Fox_films_(1915–2000),2
List_of_20th_Century_Fox_films_(1915–2000),List_of_DreamWorks_Pictures_films,2
List_of_DreamWorks_Pictures_films,Nickelodeon_Movies,1
Nickelodeon_Movies,List_of_Focus_Features_films,3
List_of_Focus_Features_films,Super_Mario_Bros._(film),3
List_of_Paramount_Pictures_films,List_of_DreamWorks_Pictures_films,2
List_of_DreamWorks_Pictures_films,Dimension_Films,2
Henry_Box_School,"Gateway_Academy,_Westminster",3
"Gateway_Academy,_Westminster",Criss-cross,5
Christian_Church_(Disciples_of_Christ),Aaron_Schwartz_(American_actor),4
Aaron_Schwartz_(American_actor),Atticus_Finch,4
Flawless_(Beyoncé_song),Collard_Greens_(song),3
Collard_Greens_(song),Blurred_Lines,3
User_talk:Gogo_Dodo,Talk:Chircop_Syndrome,-1
Wikipedia:Articles_for_creation/Redirects,Red_panda,3
Passenger_pigeon,Wikipedia:Requests_for_undeletion,-1
Wikipedia:Requests_for_undeletion,Toyger,4
El_Chavo_del_Ocho,El_Chavo_Animado,1
El_Chavo_Animado,Cruz_Azul,2
Cruz_Azul,User_talk:Discospinster,-1
User_talk:Discospinster,Cruz_Azul,-1
Avicii,Harvey_Norman,4
Pink,Dick_Smith_(retailer),3
Dick_Smith_(retailer),Jason_Derulo,3
Keep_Our_Fire_Burning,Travanca_do_Mondego,5
Travanca_do_Mondego,Catholic_Electoral_League,6
Huisseau-en-Beauce,B._J._Hall,5
B._J._Hall,Qezel_Qabr,6
Qezel_Qabr,User_talk:MileyCyrusPR,-1
User_talk:MileyCyrusPR,Duet_in_Detroit,-1
Duet_in_Detroit,PJP,-1
Tactical_role-playing_game,Alexander_High_School,-1
Alexander_High_School,User_talk:MileyCyrusPR,-1
User_talk:MileyCyrusPR,Jean-Marie_Cuoq,-1
Jean-Marie_Cuoq,Anthaxia,5
Anthaxia,Claus_Juell,5
"Colón,_Putumayo",User_talk:MileyCyrusPR,-1
User_talk:MileyCyrusPR,John_Ales,-1
John_Ales,User_talk:MileyCyrusPR,-1
User_talk:MileyCyrusPR,John_Ales,-1
John_Ales,"Zentsūji,_Kagawa",4
Óscar_Acosta,Didn't_We,-1
Didn't_We,User_talk:MileyCyrusPR,-1
List_of_people_who_disappeared_mysteriously,Yangervis_Solarte,3
Yangervis_Solarte,Williamsport_High_School,4
Tetsuya_Wakuda,Callum_Macdonald,5
Talk:Pluto,Talk:Dog,4
Talk:Dog,Alien,5
Tinie_Tempah,Mesut_Özil,3
Mesut_Özil,Dan_Bilzerian,4
Dog_with_a_Blog,Shake_It_Up_(TV_series),2
Jungle_cat,Cody_Christian,5
Cody_Christian,Kik_Messenger,3
Kik_Messenger,Schaffer_paragraph,5
Redding,User_talk:Dratsab_ylhu,-1
Healthy_People_program,MTS_M-Blaze,6
MTS_M-Blaze,CUG,-1
CUG,Sphecosoma_roseipuncta,8
User_talk:TopBoy66,User:TopBoy66,-1
Lee_Chong_Wei,User_talk:Fraggle81,-1
Ángel_Di_María,User_talk:Smithyboy9788,-1
User_talk:Smithyboy9788,Millwall_F.C.,-1
Millwall_F.C.,User_talk:Smithyboy9788,-1
2014_Stanley_Cup_Finals,English_Schools_Foundation,4
Talk:Tutankhamun,Akhenaten,2
Akhenaten,User_talk:EditThatJunk,-1
User_talk:EditThatJunk,Akhenaten,-1
Akhenaten,User_talk:EditThatJunk,-1
Lake_Havasu_High_School,Tony_Hawk's_Proving_Ground,4
Tony_Hawk's_Proving_Ground,Lake_Havasu_Unified_School_District,4
Seth_Rollins,Stephanie_McMahon,1
Stephanie_McMahon,User_talk:Tylercasey123,-1
Seth_Rollins,User_talk:Tylercasey123,-1
Ebola_virus_disease,User:Amortias,-1
Ebola_virus_disease,User_talk:Lemos_the_Mad_scientist,-1
User:WikiPagesForEVERYBOODAI/sandbox,Fries_(disambiguation),-1
Meole_Brace,User_talk:Josve05a,-1
Isle_of_Man,List_of_Hollyoaks_characters,3
List_of_Hollyoaks_characters,List_of_Hollyoaks_characters_(2014),2
List_of_Hollyoaks_characters_(2014),Wikipedia:WikiProject_Hollyoaks/Articles,-1
Wikipedia:WikiProject_Hollyoaks/Articles,Joey_Essex,3
"Beauvoir_(Biloxi,_Mississippi)","McWilliams,_Alabama",4
"McWilliams,_Alabama",Vancouver_International_Jazz_Festival,4
Vancouver_International_Jazz_Festival,Fritz_Henke,4
Augustus_Rivers_Thompson,User:Excirial/Content,-1
User:Excirial/Content,User:Kingakira,-1
User:Kingakira,User_talk:Kingakira,-1
West_Derby_School,Christian_Eriksen,3
West_Derby_School,User_talk:Omgichangedit,-1
User_talk:Omgichangedit,Adolf_Hitler,-1
Underground_Railroad,Wikipedia:Sandbox,4
Taj_Mahal_(2008_film),Babysitting,4
Babysitting,User_talk:Paway,-1
User_talk:Paway,2057_(TV_series),6
2057_(TV_series),Wikipedia:Sandbox,5
Wikipedia:Sandbox,Babysitting,-1
Babysitting,User_talk:Paway,-1
Mystic_Records,Snoopy_Concert,4
Snoopy_Concert,Said_Nafa,5
Wikipedia:Media_Viewer,Wikipedia:Administrator_intervention_against_vandalism,-1
Wikipedia:Media_Viewer,User_talk:Raging1028,-1
MasterChef_(U.S._season_5),User_talk:Bentogoa,-1
MasterChef_(U.S._season_5),User:Bentogoa,-1
User:Bentogoa,User_talk:Bentogoa,-1
MasterChef_(U.S._season_5),User:Petrb,-1
Sophie_Maes,Wikipedia:Sandbox,-1
Wikipedia:Sandbox,User_talk:Ceo-qe,-1
User_talk:Ceo-qe,Dennis_the_Menace_(1993_film),-1
2009–10_Kansas_Jayhawks_men's_basketball_team,Damian_Lillard,2
2009–10_Kansas_Jayhawks_men's_basketball_team,Matt_Schaub,3
Esfandiyār,Henry_Kucera,4
Austin_&_Ally,Teen_Beach_Movie,2
Teen_Beach_Movie,Tadeusz_Kościuszko,3
Bryce_Harper,User_talk:86.45.232.16,-1
User_talk:86.45.232.16,User:Bollyjeff,-1
Harold_Ickes_Homes,Deion_Sanders,3
Deion_Sanders,User_talk:Reggie_hard_2_guard,-1
Harold_Ickes_Homes,Shane_Battier,3
Wally_Szczerbiak,User_talk:Reggie_hard_2_guard,-1
User:JustinBieberPR/sandbox,User_talk:JustinBieberPR,-1
Stephen_Carr,User_talk:Mattythewhite,-1
User:TheMax95,Mona_the_Vampire,-1
Mona_the_Vampire,Attack_of_the_Living_Scarecrow,1
Attack_of_the_Living_Scarecrow,Mona_the_Vampire,1
Mona_the_Vampire,User_talk:TheMax95,-1
Sonic_Heroes,User:MuammarGaddafi2014,-1
User:MuammarGaddafi2014,2013–14_San_Antonio_Spurs_season,-1
Mutemath,Facepalm,3
Richard_Henry_Lee,Vugar_Orujov,5
Our_Last_Night,We_Will_All_Evolve,1
We_Will_All_Evolve,Maroon_5,2
Maroon_5,Feel_(Sleeping_with_Sirens_album),4
Jonas_Eriksson_(referee),Milorad_Mažić,1
Double_Take_(group),Christ_the_King_(Świebodzin),4
Christ_the_King_(Świebodzin),Uwe_Boll,4
Uwe_Boll,The_Muppets_(film),3
The_Muppets_(film),Uwe_Boll,3
Domakonda,Circular_arc_hull,6
Circular_arc_hull,Clash_of_the_Tritons,5
Clash_of_the_Tritons,Battle_of_Ballyshannon_(1247),4
Battle_of_Ballyshannon_(1247),Edinburgh_(UK_Parliament_constituency),4
Superior_rectal_plexus,Clarkston_High_School_(Georgia),6
Clarkston_High_School_(Georgia),Bill_Budge,5
Bill_Budge,User_talk:Arnold_In_The_Shadows_5.0,-1
User_talk:Dusty2015,Wikipedia:Sandbox,-1
Wikipedia:Sandbox,Wikipedia:Requests_for_undeletion,-1
Wikipedia:Requests_for_undeletion,June_2014,-1
Something_Awful,Sobolice,6
Sobolice,User_talk:ClueBot_Commons,-1
Talk:Acid_rain,User:Nicholas21baker,-1
User:Nicholas21baker,Rope_stretcher,-1
Texas_Tornado,Earnhardt_Ganassi_Racing,4
Earnhardt_Ganassi_Racing,Jason_Mewes,3
User_talk:Dreadstar,User_talk:Newyorkbrad,-1
User_talk:AGK,User_talk:Newyorkbrad,-1
User_talk:Newyorkbrad,User_talk:Beeblebrox,-1
User_talk:Beeblebrox,User_talk:Floquenbeam,-1
Sandra_Day_O'Connor_High_School_(Arizona),Ken_Baumann,4
Wikipedia:Articles_for_deletion/Log/2014_June_15,File:Stop-hand-caution.png,-1
Wikipedia:Articles_for_deletion/Log/2014_June_15,File:Stop-hand-caution.png,-1
File:Stop-hand-caution.png,Windows_2000,-1
Windows_2000,User_talk:Dusty2015,-1
User:Marek_Koudelka,User_talk:Marek_Koudelka,-1
User_talk:Marek_Koudelka,User:Biedronka_EN,-1
User:Biedronka_EN,User_talk:Marek_Koudelka,-1
User_talk:Marek_Koudelka,User_talk:Ashdotbar,-1
User_talk:Ashdotbar,Template:Village_pump,-1
Loser_(novel),Perfect:_A_Novel,5
Chip,User:Jackmister1,-1
User:Jackmister1,Cheat_Engine,-1
Mark_(name),Trudy,4
Kathryn_Bernardo,Julia_Barretto,2
Dartford_Technology_College,Jack_Whitehall,4
Cry_of_Nueva_Ecija,Hipparchus,4
Betty_White,User_talk:Bettywhiteis102,-1
User_talk:Bettywhiteis102,User_talk:Widr,-1
User_talk:Widr,Raise_Your_Fist,-1
Raise_Your_Fist,User_talk:Bettywhiteis102,-1
User_talk:Bettywhiteis102,"Kolno,_Konin_County",-1
"Kolno,_Konin_County",User_talk:Widr,-1
User_talk:Widr,1953_All-Ireland_Senior_Football_Championship,-1
1953_All-Ireland_Senior_Football_Championship,User_talk:Bettywhiteis102,-1
Talk:Crackle_(company),User_talk:SineBot,-1
Minigun,IPhone_5C,3
Matt_Barbet,Jason_High,5
Jason_High,Duke_of_York's_Royal_Military_School,4
Andy_Townsend,Lizard_Lick_Towing,3
Toon_Disney,List_of_Disney_XD_TV_channels,2
List_of_Disney_XD_TV_channels,Disney_Junior_(international),2
Disney_Junior_(international),Nickelodeon_(international),2
Nickelodeon_(international),Nick_Jr._(UK_and_Ireland),2
Nick_Jr._(UK_and_Ireland),Nick_Jr._2,1
UKTV,Eden_(TV_channel),1
Eden_(TV_channel),User_talk:Eggsalom,-1
Disney_Infinity,Skylanders,1
Skylanders,Iron_Man,3
Iron_Man,Black_Widow_(Natalia_Romanova),1
Black_Widow_(Natalia_Romanova),Skylanders,3
Skylanders,Black_Widow_(Natalia_Romanova),3
Black_Widow_(Natalia_Romanova),Iron_Man,1
Iron_Man,Skylanders,3
Skylanders,Black_Widow_(Natalia_Romanova),3
Air_Ontario,User_talk:Derek_Raymond_Roy,-1
Dead_Rising_3,FarmVille,3
User:Jimbo_Wales,User_talk:Materialscientist,-1
User_talk:Materialscientist,User_talk:Seraphimblade,-1
Shayne_Hayne,Referee,3
List_of_outlaw_motorcycle_clubs,User_talk:Alchemaze,-1
Paul_(film),Aaron_Taylor-Johnson,3
Aaron_Taylor-Johnson,Christopher_Mintz-Plasse,2
Christopher_Mintz-Plasse,Aaron_Taylor-Johnson,2
Paul_(film),Christopher_Mintz-Plasse,2
DeAndre_Jordan,Terrence_Jones,2
Total_Nonstop_Action_Wrestling,User_talk:Jonastally,-1
Total_Nonstop_Action_Wrestling,User_talk:Jonastally,-1
Total_Nonstop_Action_Wrestling,User_talk:Jonastally,-1
The_Bad_Seed_(1956_film),User_talk:K6ka,-1
Indian_classical_dance,User_talk:Jimbo2312,-1
Hereford_United_F.C.,User:Bobuygutguguyg8iedbihdebidebihde,-1
Quizz_or_Buzz,Va'a-o-Fonoti,4
Va'a-o-Fonoti,Cachiyacuy,-1
Cachiyacuy,"Missouri_gubernatorial_election,_1828",5
"Missouri_gubernatorial_election,_1828","James_E._Smith,_Jr.",4
"James_E._Smith,_Jr.",Gelpe,5
Gelpe,Villa_Gesell_Partido,5
Villa_Gesell_Partido,Kuntaka,5
Kuntaka,2008_UCI_Cyclo-cross_World_Championships_–_Women's_elite_race,6
2008_UCI_Cyclo-cross_World_Championships_–_Women's_elite_race,Tarnation_(film),4
Tarnation_(film),Paranjpe,-1
Paranjpe,Innovative_Public_School_Nai_Basti_Marhama,-1
Innovative_Public_School_Nai_Basti_Marhama,"Cold_Spring,_Minnesota",5
Shibukawa_Station,Nematabad-e_Rigan,6
Nematabad-e_Rigan,Paper_candidate,4
Paper_candidate,Indiana_County_Athletic_Conferences,5
Indiana_County_Athletic_Conferences,Alexias,-1
Alexias,1988_European_Open_–_Singles,5
1988_European_Open_–_Singles,Pequeños..._Grandes_Lecciones,5
Pequeños..._Grandes_Lecciones,Emīlija_Sonka,6
Emīlija_Sonka,User_talk:Arnold_In_The_Shadows_3.0,-1
Osteichthyes,Mary_M._Duggan,5
Mary_M._Duggan,User_talk:Goidige69,-1
User_talk:Goidige69,Straw_hat,1
Tardigrade,Hummingbird_hawk-moth,3
Lists_of_countries_and_territories,Terrorism,3
Terraria,User:DiedPied/sandbox,-1
User:DiedPied/sandbox,User:DiedPied,-1
User:DiedPied,Xbox_Live,-1
Xbox_Live,World_of_Tanks,3
World_of_Tanks,Covenanter_tank,2
Trams_in_Brno,Earth_analog,4
Earth_analog,Joseph_McCoy,4
Joseph_McCoy,John_Wesley_Iliff,4
John_Wesley_Iliff,Oliver_Loving,4
Bridges,Talk:Chocolate,-1
Talk:Chocolate,Milo_(drink),3
Milo_(drink),Talk:Chocolate,-1
User_talk:Reganwool,Talk:Main_Page,-1
User_talk:Reganwool,Sirius_Academy,1
Carlton_Football_Club,Finks_motorcycle_club,4
Finks_motorcycle_club,Australian_Football_League,3
Sleeman_Centre_(Brisbane),User:23heltar/sandbox,-1
User:23heltar/sandbox,Sleeman_Centre_(Brisbane),-1
Park,Compact_City,3
Compact_City,Wikipedia:Why_was_the_page_I_created_deleted?,-1
Monarch_Airlines,2014_Vietnam_anti-China_protests,4
2014_Vietnam_anti-China_protests,Helvetic_Airways,4
Mount_Cook_Airline,Rotorua_International_Airport,2
Rotorua_International_Airport,Qantas,1
Cathay_Pacific,Virgin_Samoa,2
Virgin_Samoa,LAN_Airlines,2
LAN_Airlines,American_Airlines_Group,3
American_Airlines_Group,Lion_Air_Flight_904,3
Lion_Air_Flight_904,Kiichi_Miyazawa,4
Attila_(metalcore_band),Contamine-Sarzin,4
Diljit_Dosanjh,Gippy_Grewal,1
Talk:Gun_politics_in_the_United_States,Wikipedia:Administrators'_noticeboard/Requests_for_closure,-1
Wikipedia:Administrators'_noticeboard/Requests_for_closure,User:FQ_Examiner,-1
User:FQ_Examiner,Talk:Right_Sector,-1
Talk:Right_Sector,Wikipedia:Administrators'_noticeboard/Requests_for_closure,-1
Wikipedia:Administrators'_noticeboard/Requests_for_closure,Talk:IPhone_5S,-1
Talk:IPhone_5S,Egged,5
Egged,Wikipedia:Administrators'_noticeboard/Requests_for_closure,-1
Wikipedia:Administrators'_noticeboard/Requests_for_closure,User_talk:FQ_Examiner,-1
User_talk:FQ_Examiner,Wikipedia:Administrators'_noticeboard/Requests_for_closure,-1
Wikipedia:Administrators'_noticeboard/Requests_for_closure,Talk:Right_Sector,-1
Talk:Right_Sector,Wikipedia:Administrators'_noticeboard/Incidents,5
Cicada_3301,Chef_(South_Park),4
Battle_Bears_Gold,EdIT_(musician),5
EdIT_(musician),Film_editing,3
User:Peeliss,Unit_vector,3
Unit_vector,Formulae_of_shapes,4
Formulae_of_shapes,Unit_sphere,2
Unit_circle,Electrical_resistance_and_conductance,3
Outline_of_ancient_India,"Catherine,_Duchess_of_Cambridge",4
"Catherine,_Duchess_of_Cambridge",James_Hinchcliffe,4
User_talk:Jimbo_Wales,Wikipedia:Village_pump_(idea_lab),-1
Wikipedia:Village_pump_(idea_lab),Wikipedia:Village_pump_(proposals),4
User_talk:Jimbo_Wales,Oreophryne_moluccensis,5
Oreophryne_moluccensis,Mazraeh-ye_Gholam_Hoseyn_Khan_Masumi,6
Mazraeh-ye_Gholam_Hoseyn_Khan_Masumi,Marcel_Troupel,5
Marcel_Troupel,Arthémonay,4
Arthémonay,User_talk:Scoobydoobee,-1
Eldon_Lane,User_talk:T-bomb51,-1
Bottle,Dan_and_Phil,4
Causes_of_World_War_I,User:Bruce1ee,-1
User:Bruce1ee,User_talk:Bruce1ee,-1
User_talk:Bruce1ee,User:Salamander_Hammerhead,-1
Masahiro_Hamazaki,Stanisław_Zagaja,-1
Stanisław_Zagaja,Daylight_saving_time_in_Mauritius,5
Daylight_saving_time_in_Mauritius,Thornbury_Hospital,-1
Thornbury_Hospital,Luther_Vandross_(album),5
XSP_(software),CS_Dinamo_București_(volleyball),5
CS_Dinamo_București_(volleyball),Helena_Cronin,5
1957_Chicago_Cubs_season,Energy_(Operation_Ivy_album),5
Energy_(Operation_Ivy_album),Habacuc,-1
TSPAN32,Guillermo_Méndez_Pereiro,6
Guillermo_Méndez_Pereiro,Jonah_Meyerson,5
"Montot,_Haute-Saône",Maciste_in_King_Solomon's_Mines,5
Maciste_in_King_Solomon's_Mines,Richmond–VMI_football_rivalry,6
Richmond–VMI_football_rivalry,Seaside_Rock,5
Eranthis_hyemalis,Maurice_Perrin_(physician),7
Maurice_Perrin_(physician),Margaret_Burke_Sheridan,4
Margaret_Burke_Sheridan,Mary_Eva_Kelly,4
Mary_Eva_Kelly,Modern_Hebrew_verb_conjugation,4
Modern_Hebrew_verb_conjugation,Kawal,5
MTS_Centre,Paul_Postma,2
Paul_Postma,Devin_Setoguchi,3
"Birtle,_Manitoba",Jacob_Trouba,3
Jacob_Trouba,Nicolas_Petan,3
St._Joan_of_Arc_Catholic_High_School,User_talk:BishopLodestone,-1
2014_State_of_Origin_series,State_of_Origin_series,1
Canimals,Chloe's_Closet,3
Chloe's_Closet,The_Fairly_OddParents,3
BRB_Internacional,Tamagotchi!_(anime),3
Tamagotchi!_(anime),Khuda-Yana,4
Khuda-Yana,List_of_In_the_Night_Garden_episodes,4
List_of_In_the_Night_Garden_episodes,Raa_Raa_the_Noisy_Lion,4
Raa_Raa_the_Noisy_Lion,Tinga_Tinga_Tales,3
Tinga_Tinga_Tales,64_Zoo_Lane,2
64_Zoo_Lane,Pound_Puppies_(2010_TV_series),3
Pound_Puppies_(2010_TV_series),Dexter's_Laboratory,2
Dexter's_Laboratory,Kaijudo_(TV_series),3
Kaijudo_(TV_series),Pound_Puppies_(2010_TV_series),2
Pound_Puppies_(2010_TV_series),Regular_Show,2
Regular_Show,Happy_Tree_Friends,3
The_Powerpuff_Girls,The_Adventures_of_Bottle_Top_Bill_and_His_Best_Friend_Corky,3
The_Adventures_of_Bottle_Top_Bill_and_His_Best_Friend_Corky,Chloe's_Closet,3
Chloe's_Closet,Dick_Figures,4
Dick_Figures,Mondo_Media,1
Mondo_Media,My_Little_Pony:_Friendship_Is_Magic,3
My_Little_Pony:_Friendship_Is_Magic,Tamagotchi!_(anime),2
Tamagotchi!_(anime),Pound_Puppies_(2010_TV_series),3
Pound_Puppies_(2010_TV_series),"Ni_Hao,_Kai-Lan",3
The_Ren_&_Stimpy_Show,Bubble_Guppies,2
Bubble_Guppies,PAW_Patrol,2
PAW_Patrol,Happy_Tree_Friends,4
Dick_Figures,Cow_and_Chicken,2
Cow_and_Chicken,Despicable_Me,2
Despicable_Me,Littlest_Pet_Shop_(2012_TV_series),3
Littlest_Pet_Shop_(2012_TV_series),Tamagotchi!_(anime),3
Tamagotchi!_(anime),Tamagotchi:_Happiest_Story_in_the_Universe!,2
Tamagotchi:_Happiest_Story_in_the_Universe!,Rayman,4
Rayman,List_of_The_Amazing_World_of_Gumball_characters,3
List_of_The_Amazing_World_of_Gumball_characters,List_of_The_Amazing_World_of_Gumball_episodes,2
List_of_The_Amazing_World_of_Gumball_episodes,User_talk:Fidel_ofoajoku,-1
Apollo_8,User_talk:Xgeekotakux,-1
Bill_Nye_the_Science_Guy,Willie_Grace,4
Willie_Grace,Amazon_rainforest,3
Nasser_Al-Shamrani,Helton_Arruda,4
Helton_Arruda,Nigel_Hasselbaink,4
User:DragoLink08,Wikipedia:Arbitration/Requests/Enforcement,-1
Malaysia–Singapore_relations,User:Lucashenderson1,-1
User:Lucashenderson1,Time_in_China,-1
Time_in_China,User:Lucashenderson1,-1
User:Lucashenderson1,Ice_pop,-1
Theo,Talk:Volcano,-1
User:Jimbo_Wales,User_talk:Materialscientist,-1
User_talk:Materialscientist,Islamic_State_of_Iraq_and_the_Levant,3
List_of_Bollywood_films_of_2012,Raaz_3D,1
List_of_Bollywood_films_of_2012,Raaz_3D,1
List_of_Bollywood_films_of_2012,Ragini_MMS_2,2
Ragini_MMS_2,Chennai_Express,2
Chennai_Express,Ragini_MMS_2,2
Ragini_MMS_2,Chennai_Express,2
Chennai_Express,Ragini_MMS_2,2
Ragini_MMS_2,Chennai_Express,2
Chennai_Express,Ragini_MMS_2,2
University_of_Cambridge,Eric_A._Walker_(historian),3
Eric_A._Walker_(historian),Call_of_Duty_(video_game),4
Call_of_Duty_(video_game),Michele_Rugolo,4
Spite_(punk_band),Cannes_Man,4
Iron_Man,User_talk:Hhhbhhh,-1
User_talk:Hhhbhhh,List_of_Beyblade:_Metal_Fusion_episodes,4
List_of_Beyblade:_Metal_Fusion_episodes,Real_Steel,3
User_talk:Jimbo_Wales,Automobile_Association_of_Kenya,4
Automobile_Association_of_Kenya,Myles_C._Fox,5
Myles_C._Fox,Sumas_River,4
Sumas_River,Sound_Sun_Pleasure!!,5
Sound_Sun_Pleasure!!,Banyaruguru,4
Banyaruguru,International_Christian_Concern,4
International_Christian_Concern,"Lee's_Creek_Township,_Washington_County,_Arkansas",4
"Lee's_Creek_Township,_Washington_County,_Arkansas",Joe_Hamilton_(producer),4
Joe_Hamilton_(producer),Daphnia_lumholtzi,5
Daphnia_lumholtzi,Aghasalim_Childagh,4
Aghasalim_Childagh,Lambert_Roberts,6
Lambert_Roberts,Middlesex,3
Middlesex,User_talk:Naughtyneighbor,-1
User_talk:Naughtyneighbor,Sound_Sun_Pleasure!!,-1
Sound_Sun_Pleasure!!,Thee_Faction,5
"Boki,_Nigeria",Dana_Air_Flight_992,3
Dana_Air_Flight_992,Atticus_Finch,4
Atticus_Finch,User:TPatriot1018,-1
User:TPatriot1018,Braintree_High_School,-1
Jim_Calhoun,José_Bautista,3
Alexis_Sánchez,Olivier_Giroud,2
Olivier_Giroud,Newcastle_United_F.C.,1
Romelu_Lukaku,Pablo_Zabaleta,2
Adam_le_Fondre,Carl_Jenkinson,2
Portugal_Day,The_Eastbourne_Academy,4
Styrofoam,"Yolo,_Mali",5
"Yolo,_Mali",Hong_Yong-jo,5
Billy_Mitchell_(EastEnders),Fatboy_(EastEnders),2
Fatboy_(EastEnders),User_talk:The_destructor_of_articles,-1
Amanita_muscaria,Steam_(software),3
Chongqing,Rucka_Rucka_Ali,4
Rucka_Rucka_Ali,Erta_Ale,3
Types_of_cheese,Pan_flute,3
Pan_flute,User_talk:Sombre_Alpaca,-1
Danny_Elfman,User_talk:RemembaMe?,-1
Danny_Elfman,User_talk:RemembaMe?,-1
Flatboat,SoundCloud,4
Thabo_Sefolosha,Norris_Cole_(basketball),2
Norris_Cole_(basketball),Peabody_Public_Schools,5
Marlboro_High_School_(New_York),Marlboro_Middle_School,4
Marlboro_High_School_(New_York),Troy_Daniels,4
2010_Western_Australian_storms,User:Bollyjeff,-1
User:Bollyjeff,User_talk:Jimmaybroo,-1
Tenacious_D,User_talk:Jim1138,-1
User_talk:Jim1138,User_talk:Drevil06,-1
User_talk:Drevil06,Dazed_and_Confused_(film),3
Dazed_and_Confused_(film),User_talk:Drevil06,-1
User_talk:Drevil06,Piffle,-1
Piffle,User_talk:Gogo_Dodo,-1
User_talk:Gogo_Dodo,Piffle,-1
Shailene_Woodley,Divergent_trilogy,1
Divergent_trilogy,The_Hunger_Games_universe,3
The_Hunger_Games_universe,The_Hunger_Games,1
The_Hunger_Games,The_Outsiders,5
Shailene_Woodley,List_of_awards_and_nominations_received_by_Shailene_Woodley,1
List_of_awards_and_nominations_received_by_Shailene_Woodley,List_of_awards_and_nominations_received_by_Jennifer_Lawrence,3
Shailene_Woodley,List_of_awards_and_nominations_received_by_Shailene_Woodley,1
Money_in_the_Bank_(2014),Battleground_(2014),2
Battleground_(2014),Slammiversary_XII,2
Slammiversary_XII,Battleground_(2014),3
Battleground_(2014),SummerSlam_(2014),2
SummerSlam_(2014),Slammiversary_XII,3
Slammiversary_XII,Sacrifice_(2014),2
Sacrifice_(2014),Battleground_(2014),3
Battleground_(2014),Evolution_(professional_wrestling),2
Evolution_(professional_wrestling),"Colonial_Village,_New_York",4
"Colonial_Village,_New_York",Lewiston–Queenston_Bridge,2
Lewiston–Queenston_Bridge,Battleground_(2014),4
Battleground_(2014),User:APerson,-1
User:APerson,Evolution_(professional_wrestling),5
Evolution_(professional_wrestling),Lewiston–Queenston_Bridge,4
Lewiston–Queenston_Bridge,Battleground_(2014),4
Battleground_(2014),Slammiversary_XII,2
Slammiversary_XII,Battleground_(2014),3
Battleground_(2014),Wikipedia:Administrators'_noticeboard/Incidents,5
Wikipedia:Administrators'_noticeboard/Incidents,User_talk:APerson,-1
Kendall_Taylor,Pug,3
Pug,User:Pug_men/sandbox,-1
User:Pug_men/sandbox,Tea_bag_(sexual_act),-1
List_of_awards_and_nominations_received_by_Rihanna,List_of_awards_and_nominations_received_by_Beyoncé,3
List_of_awards_and_nominations_received_by_Beyoncé,Dangerously_in_Love,1
Prison_tattooing,Rochus_Misch,3
Rochus_Misch,User_talk:Ahecht,-1
Running_Back_(Jessica_Mauboy_song),MTV_Party_to_Go_10,4
"St_Francis_Xavier's_College,_Liverpool",Jon_Flanagan,1
Google_Fiber,Coronal_mass_ejection,3
Otokutu,Otu_Jeremi,4
Otokutu,Otu_Jeremi,4
Vitaly_Zdorovetskiy,Sol_Campbell,3
Andy_Biersack,Ray_Toro,3
Gerard_Way,Awkward_(TV_series),3
Awkward_(TV_series),Jenna_Hamilton,1
Zedd_(musician),Futurama,3
Common_fig,User_talk:Hydromancer,-1
Damian_Lewis,Lily_Loveless,3
Lily_Loveless,Christopher_Nolan,2
Christopher_Nolan,Kyrie_Irving,3
Kyrie_Irving,Terry_Gilliam,3
Bilel_Mohsni,Club_León,3
Club_León,Fraser_Forster,2
Fraser_Forster,Alan_Frizzell,6
Alan_Frizzell,Nicky_Clark,3
Nicky_Clark,Peter_Tobin,3
Charlton_Athletic_F.C.,Diego_Poyet,1
Charlton_Athletic_F.C.,Henry_Smith_(British_politician),3
Henry_Smith_(British_politician),Diego_Poyet,4
Diego_Poyet,José_Riga,2
José_Riga,Kolo_Touré,3
Kolo_Touré,2014_Epsom_Derby,4
2014_Epsom_Derby,Crawley_Town_F.C.,4
Kris_Commons,Nicky_Low,2
Nicky_Low,Dougie_Imrie,3
Peter_Crouch,Saido_Berahino,2
Rubén_Aguiar,Tim_Krul,3
Tim_Krul,User:Bollyjeff,-1
User:Bollyjeff,Tim_Krul,4
Tim_Krul,User_talk:Jethro57,-1
User_talk:Jethro57,User_talk:Bollyjeff,-1
SPHERES,Gentbrugge_railway_station,5
Gentbrugge_railway_station,Wrecking_Ball_(Miley_Cyrus_song),4
Wrecking_Ball_(Miley_Cyrus_song),Social_studies,3
Dental_school,Doege–Potter_syndrome,4
User_talk:Ponyo,User_talk:Smalljim,-1
User_talk:Ponyo,User_talk:Perm_Dude,-1
User_talk:Perm_Dude,Talk:Duckman,-1
Talk:Duckman,Don't_Look_At_It!_Don't_Touch_It!,-1
Lincoln_Motor_Company,User_talk:FordorChevywhich1isbetter?,-1
Lincoln_Motor_Company,User_talk:Diet7Upman,-1
Lincoln_Motor_Company,User_talk:FordorChevywhich1isbetter?,-1
Lincoln_Motor_Company,Wikipedia:Requests_for_page_protection,3
Wikipedia:Requests_for_page_protection,Wikipedia_talk:Twinkle,-1
Wikipedia_talk:Twinkle,User:Cyberpower678,-1
List_of_Lego_Ninjago:_Masters_of_Spinjitzu_episodes,Super_Mario_Bros.,-1
Schoolboy_Q,Arthur_Gostick_Shorrock,3
Operation_Gibraltar,2011_India–Pakistan_border_skirmish,2
2011_India–Pakistan_border_skirmish,2001–02_India–Pakistan_standoff,3
2001–02_India–Pakistan_standoff,Muhammad_Ali_Jinnah,2
Muhammad_Ali_Jinnah,User_talk:Smsarmad,-1
User_talk:Smsarmad,Siachen_conflict,-1
Muhammad_Ali_Jinnah,User_talk:Vacation9,-1
User_talk:Vacation9,Pakistan,-1
Pakistan,2001–02_India–Pakistan_standoff,2
2001–02_India–Pakistan_standoff,User_talk:Anish9500,-1
Zoe,Andy_Biersack,4
Andy_Biersack,Oliver_Sykes,3
Oliver_Sykes,Intergluteal_cleft,4
Intergluteal_cleft,Andy_Biersack,4
Paul_Gauguin,"Erschallet,_ihr_Lieder,_erklinget,_ihr_Saiten!_BWV_172",4
Vanessa_Marano,Ralph_Bernal,4
Olivia_Wilde,Shane_Dawson,2
Deviled_egg,Category:Parks_and_commons_in_Aberdeen,-1
Category:Parks_and_commons_in_Aberdeen,Tele2,4
Petroglyph,Eurocopter_AS332_Super_Puma,3
Eurocopter_AS332_Super_Puma,Bad_Education_(TV_series),4
Bad_Education_(TV_series),ISO_basic_Latin_alphabet,4
ISO_basic_Latin_alphabet,McNab_dog,4
McNab_dog,Masturbation,3
List_of_computer_system_manufacturers,Foreign-born_Afro-Americans,3
Foreign-born_Afro-Americans,List_of_computer_system_manufacturers,4
List_of_computer_system_manufacturers,ISO_basic_Latin_alphabet,3
ISO_basic_Latin_alphabet,Mark_McDonald,4
Leanne_Jones,Cody_Simpson,3
Cody_Simpson,Gregg_Sulkin,3
Gregg_Sulkin,Cody_Simpson,3
Cody_Simpson,Washington_Natural_Areas_Program,4
"Doveton,_Victoria",War_Thunder,4
War_Thunder,Schinus_molle,4
Marvin_Humes,Alvin_and_the_Chipmunks,3
Chris_Philipps,User_talk:Imran_ruslan,-1
How_to_Get_Lucky,User_talk:LIEK_UNICORNz,-1
Tyler_Perry,One_Direction_discography,4
Vine_(service),One_Direction_discography,3
Karkador,Bisha,4
Bisha,User_talk:L00oolLL9,-1
User_talk:L00oolLL9,User:L00oolLL9,-1
User:L00oolLL9,Bisha,-1
Priya_Anjali_Rai,Tyler_Perry,3
The_Moon_is_made_of_green_cheese,Mijares,4
The_Moon_is_made_of_green_cheese,Swanley,3
The_Gay_Parade,John_Dobson_(amateur_astronomer),4
John_Dobson_(amateur_astronomer),User_talk:Smalljim,-1
User_talk:Smalljim,John_Dobson_(amateur_astronomer),4
John_Dobson_(amateur_astronomer),User_talk:Smalljim,-1
User_talk:Smalljim,John_Dobson_(amateur_astronomer),4
Unionville_Public_School,William_Berczy_Public_School,2
User:Liam_shanahan,Matthew_C._Perry,-1
Live_at_the_Rainbow,User_talk:FASTigerETURNS,-1
User_talk:FASTigerETURNS,User_talk:C.Fred,-1
User_talk:C.Fred,User_talk:FASTigerETURNS,-1
Live_at_the_Rainbow,User_talk:FASTigerETURNS,-1
Bedford_School,User:Ucxtb24,-1
User:Ucxtb24,Federal_Aviation_Administration,-1
Olivier_Giroud,Mesut_Özil,2
Mamadou_Sakho,She_Looks_So_Perfect,3
Karbala,Griftopia,4
Anna_Wood_(schoolgirl),Mandate_of_Heaven,3
Mandate_of_Heaven,Military_of_the_Qing_dynasty,2
VIXX,Super_Junior,2
Super_Junior,U-KISS,2
U-KISS,M.I.B_(band),3
VIXX,Assassination_of_Abraham_Lincoln,4
Myck_Kabongo,Geno_Smith,4
Geno_Smith,Luke_Joeckel,2
Luke_Joeckel,Manu_Ginóbili,3
Manu_Ginóbili,Willie_Warren,2
Willie_Warren,Geno_Smith,4
Geno_Smith,2013–14_Philadelphia_76ers_season,3
2013–14_Philadelphia_76ers_season,Buster_Posey,3
Michael_Adams_(basketball),Derek_Carr_(American_football),4
Derek_Carr_(American_football),NBA_Sixth_Man_of_the_Year_Award,3
Mo_Lewis,Negro_National_League_(1933–48),3
Negro_National_League_(1933–48),Vonta_Leach,4
Josh_Smith,User_talk:Excirial,-1
User_talk:Excirial,Shigeo_Nagashima,6
High_Court_of_Australia,NZI_v_Auckland_District_Court,-1
Cleethorpes_Academy,Grimsby_Town_F.C.,2
13_(Black_Sabbath_album),Age_of_reason_(black_sabbath_/_ozzy_osbourne_song),1
13_(Black_Sabbath_album),¡Tré!,3
¡Tré!,Some_Nights,3
Some_Nights,Under_Cover,3
Under_Cover,¡Tré!,3
¡Tré!,Metallica,2
Collective_Soul,¡Tré!,3
Edward_Greenspon,Gaymen,3
Stephen_Harper,User_talk:Rizla,-1
User_talk:Rizla,Talk:For_Whom_the_Bell_Tolls,-1
Talk:For_Whom_the_Bell_Tolls,Talk:Ernest_Hemingway,-1
Talk:Ernest_Hemingway,Ernest_Hemingway,2
Ernest_Hemingway,Talk:Ernest_Hemingway,-1
Talk:Ernest_Hemingway,User_talk:Rizla,-1
User_talk:Rizla,Ernest_Hemingway,-1
Ernest_Hemingway,Talk:Carleton_University,-1
Talk:Carleton_University,Algonquin_College,4
Ernest_Hemingway,User_talk:Btmccarthy17,-1
User_talk:Btmccarthy17,High-speed_rail,3
Ernest_Hemingway,Talk:Carleton_University,-1
Talk:Carleton_University,Ernest_Hemingway,4
University_of_Toronto_Faculty_of_Law,Talk:Ernest_Hemingway,-1
Talk:Ernest_Hemingway,Talk:Conor_Oberst,-1
Talk:Conor_Oberst,Ernest_Hemingway,3
Carleton_University,Talk:Phil_McGraw,-1
Talk:Phil_McGraw,Phil_McGraw,4
Phil_McGraw,Talk:Phil_McGraw,-1
Talk:Phil_McGraw,Carleton_University,3
Allen_Ginsberg,Talk:Hunter_S._Thompson,-1
Talk:Hunter_S._Thompson,Seinfeld,-1
Seinfeld,User_talk:Comics,-1
User_talk:Comics,W._Somerset_Maugham,3
W._Somerset_Maugham,Talk:W._Somerset_Maugham,-1
Talk:W._Somerset_Maugham,Talk:Alcoholism,-1
Talk:Alcoholism,Green_Party_of_Canada,4
Corselet,User_talk:70.31.77.31,-1
User_talk:70.31.77.31,User_talk:Rizla,-1
User_talk:Rizla,Ernest_Hemingway,-1
Ernest_Hemingway,Talk:Segway_PT,-1
Talk:Segway_PT,User:Rizla/monobook.js,-1
User:Rizla/monobook.js,User:Rizla/cologneblue.js,-1
User:Rizla/cologneblue.js,Ernest_Hemingway,-1
Ernest_Hemingway,Talk:420_(cannabis_culture),-1
Talk:420_(cannabis_culture),Dropline_gnome,5
Dropline_gnome,Talk:Carleton_University,-1
Talk:Carleton_University,Ernest_Hemingway,4
Ernest_Hemingway,Talk:Semen,4
Talk:Semen,To_Have_and_Have_Not_(film),4
Louvre,Wikipedia:In_the_news/Candidates,-1
Wikipedia:In_the_news/Candidates,Carleton_University,2
Carleton_University,Talk:Jack_Black,-1
Talk:Jack_Black,Talk:Carleton_University,-1
Talk:Carleton_University,Fried_green_tomatoes,4
Fried_green_tomatoes,Hardtack,3
Hardtack,Talk:Ernest_Hemingway,-1
Talk:Ernest_Hemingway,Futurama,4
Futurama,Talk:Zack_de_la_Rocha,-1
Talk:Zack_de_la_Rocha,Limp_Bizkit,2
University_of_Ottawa,Montblanc_(company),3
Montblanc_(company),Dalton_McGuinty,3
List_of_Carleton_University_people,User_talk:Stephencolbert,-1
User_talk:Stephencolbert,Carleton_University,3
Frank_Underhill,Talk:Ernest_Hemingway,-1
Talk:Ernest_Hemingway,Ernest_Hemingway,2
Ernest_Hemingway,Talk:Ernest_Hemingway,-1
Talk:Ernest_Hemingway,Law_School_Admission_Test,4
Jenny_Carter,Talk:Michael_Ignatieff,-1
Talk:Michael_Ignatieff,Barry_Devolin,3
Ernest_Hemingway,User_talk:Kf4bdy/Archive_6,-1
User_talk:Kf4bdy/Archive_6,User_talk:Saxifrage,-1
User_talk:Saxifrage,Wikipedia:Deletion_review/Log/2006_November_13,-1
Wikipedia:Deletion_review/Log/2006_November_13,User_talk:Rizla,-1
User_talk:Rizla,Christopher_Walken,-1
Christopher_Walken,Wikipedia:Deletion_review/Log/2006_November_13,-1
Wikipedia:Deletion_review/Log/2006_November_13,Ernest_Hemingway,-1
Ernest_Hemingway,Wikipedia:Administrators'_noticeboard/Personal_attacks,-1
Wikipedia:Administrators'_noticeboard/Personal_attacks,Ernest_Hemingway,4
Ernest_Hemingway,Wikipedia:Deletion_review/Log/2006_November_13,-1
Wikipedia:Deletion_review/Log/2006_November_13,Talk:Conservatism_in_Canada,-1
Talk:Conservatism_in_Canada,"Liberal_Party_of_Canada_leadership_election,_2006",3
Carleton_University,David_Herle,4
Ernest_Hemingway,Talk:Ernest_Hemingway,-1
Talk:Ernest_Hemingway,Talk:Carleton_University,-1
Talk:Carleton_University,Ernest_Hemingway,4
"Peterborough,_Ontario",Peterborough_Collegiate,2
Peterborough_Collegiate,Canadian_blogosphere,4
Lance_Bass,Federal_Court_of_Appeal_Law_Clerks,3
Federal_Court_of_Appeal_Law_Clerks,Wikipedia:Articles_for_deletion/Federal_Court_of_Appeal_Law_Clerks,-1
Wikipedia:Articles_for_deletion/Federal_Court_of_Appeal_Law_Clerks,Wikipedia:Articles_for_deletion/Log/2007_April_19,-1
Wikipedia:Articles_for_deletion/Log/2007_April_19,Wikipedia:Articles_for_deletion/Federal_Court_of_Appeal_Law_Clerks,-1
Wikipedia:Articles_for_deletion/Federal_Court_of_Appeal_Law_Clerks,Pierre_Trudeau,4
Pierre_Trudeau,Wikipedia:Articles_for_deletion/Federal_Court_of_Appeal_Law_Clerks,-1
Wikipedia:Articles_for_deletion/Federal_Court_of_Appeal_Law_Clerks,Osgoode_Hall_Law_School,3
Carleton_University,Talk:Carleton_University,-1
Talk:Carleton_University,Carleton_University,3
Carleton_University,Talk:Carleton_University,-1
Talk:Carleton_University,Carleton_University,3
Politics_of_Ontario,"Albert_College_(Belleville,_Ontario)",3
"Albert_College_(Belleville,_Ontario)",Douche,4
Ernest_Hemingway,User_talk:Howcheng/Archive11,-1
User_talk:Howcheng/Archive11,Conrad_Black,3
Never_Gonna_Give_You_Up,Talk:Lincoln_MKZ,-1
Talk:Lincoln_MKZ,McCarthy_Tétrault,4
McCarthy_Tétrault,Talk:National_Energy_Program,-1
Talk:National_Energy_Program,National_Energy_Program,2
National_Energy_Program,D'arcy_mcgee,3
Canadian_Journal_of_Political_Science,CJPS,0
Canadian_Journal_of_Political_Science,Canadian_journal_of_political_science,0
Canadian_journal_of_political_science,CJPS,0
John_A._Macdonald,Isabella_Macdonald,1
Isabella_Macdonald,John_A._Macdonald,1
John_A._Macdonald,Sir_john_a_macdonald,1
John_A._Macdonald,Wikipedia:Requests_for_page_protection,4
Wikipedia:Requests_for_page_protection,Writing,3
Ernest_Hemingway,Loose_Change_(film_series),3
Loose_Change_(film_series),Osgoode_Hall_Law_School,3
Alexander_Mackenzie,Talk:Ernest_Hemingway,-1
Talk:Ernest_Hemingway,Ernest_Hemingway,2
John_Hadley_Nicanor_Hemingway,John_hemingway,2
Jack_Hemingway,John_a_mcdonald,2
Sir_John_A_Macdonald,Sir_john_a_mcdonald,1
Sir_john_a_mcdonald,Sir_john_a._mcdonald,1
Patch_Adams_(film),User:John_J._Bulten/Straw_polls_for_the_2008_United_States_presidential_election,-1
User:John_J._Bulten/Straw_polls_for_the_2008_United_States_presidential_election,Carleton_University,3
Oshawa_Car_Assembly,Forbes_list_of_billionaires_(2007),3
Forbes_list_of_billionaires_(2007),Neocortex,3
Ayn_Rand,List_of_King_of_the_Hill_characters,3
List_of_King_of_the_Hill_characters,School_shooting,3
Parti_bleu,Talk:Parti_bleu,-1
Talk:Parti_bleu,George-Étienne_Cartier,-1
Dean_Del_Mastro,Peterborough_Collegiate,3
Peterborough_Collegiate,Ernest_Hemingway,3
Sarah_Palin,Talk:Sarah_Palin,-1
Talk:Sarah_Palin,Sarah_Palin,3
Sarah_Palin,Talk:Sarah_Palin,-1
Talk:Sarah_Palin,Sarah_Palin,3
Sarah_Palin,Talk:Sarah_Palin,-1
Talk:Sarah_Palin,Riverview_Park_&_Zoo,5
"Peterborough,_Ontario",Peterborough_zoo,-1
Peterborough_zoo,Riverview_park_and_zoo,-1
Davies_Ward_Phillips_&_Vineberg,Canadian_Foreign_Policy_Journal,-1
Canadian_Foreign_Policy_Journal,Norman_Paterson_School_of_International_Affairs,1
Toronto_Port_Authority,Peterborough_Collegiate,3
Peterborough_Collegiate,Frank_McKenna,2
Frank_McKenna,Talk:National_Energy_Program,-1
Talk:National_Energy_Program,John_Manley,2
List_of_fictional_swords,Wikipedia:Articles_for_deletion/List_of_fictional_swords,-1
Wikipedia:Articles_for_deletion/List_of_fictional_swords,Wikipedia:Articles_for_deletion/Log/2008_November_24,-1
Wikipedia:Articles_for_deletion/Log/2008_November_24,User_talk:Rizla,-1
User_talk:Rizla,Orange_County_Regional_History_Center,-1
BET,Talk:BET,-1
Talk:BET,Human_Clay,4
Human_Clay,List_of_The_Office_(U.S._TV_series)_characters,4
List_of_The_Office_(U.S._TV_series)_characters,Bay_Adelaide_Centre,4
Bay_Adelaide_Centre,Peterborough_Collegiate,4
Peterborough_Collegiate,Nicolas_Cage,3
Late_Night_with_David_Letterman,Talk:Late_Night_with_Conan_O'Brien,-1
Talk:Late_Night_with_Conan_O'Brien,Late_Night_with_David_Letterman,1
Late_Night_with_David_Letterman,Talk:Late_Night_with_Conan_O'Brien,-1
Talk:Late_Night_with_Conan_O'Brien,Heat,4
Massey_Ferguson,User_talk:Rizla,-1
User_talk:Rizla,Glenn_Beck,-1
Glenn_Beck,Bay_of_Quinte_Yacht_Club,4
Bay_of_Quinte_Yacht_Club,Bay_of_Quinte_Yacht_club,1
Bay_of_Quinte_Yacht_club,America's_Cup,1
"Belleville,_Ontario",User_talk:Rizla,-1
User_talk:Rizla,Treadmill,-1
Glenn_Beck,Wikipedia:Articles_for_deletion/Nicole_Verkindt,-1
Wikipedia:Articles_for_deletion/Nicole_Verkindt,Wikipedia:Articles_for_deletion/Log/2011_March_31,-1
Wikipedia:Articles_for_deletion/Log/2011_March_31,George_A._Cox,-1
George_A._Cox,"Peterborough,_Ontario",1
"Peterborough,_Ontario",Marco_Micone,4
Marco_Micone,Nobuo_Kubota,4
Nobuo_Kubota,Art_Gallery_of_Southwestern_Manitoba,4
Art_Gallery_of_Southwestern_Manitoba,"Brandon,_Manitoba",1
Rihanna,Battleship_(film),1
Battleship_(film),List_of_Canadian_artists,3
List_of_Canadian_artists,Nobuo_Kubota,1
Nobuo_Kubota,Barbara_Astman,3
Barbara_Astman,Bill_Vazan,2
Bill_Vazan,Robert_Houle,2
Robert_Houle,Suzy_Lake,4
Suzy_Lake,Barbara_Astman,3
Barbara_Astman,Wikipedia:Articles_for_deletion/Justin_Bieber_on_Twitter,-1
Wikipedia:Articles_for_deletion/Justin_Bieber_on_Twitter,Thimbles,3
Thimbles,Upper_Canada_College,3
Upper_Canada_College,IFTTT,4
IFTTT,Ronnie_Hawkins,3
Peterborough_Petes,Obico_Yard,-1
Obico_Yard,Talk:Rob_Ford,-1
Talk:Rob_Ford,Toronto_Eaton_Centre,3
Toronto_Eaton_Centre,Justin_Bieber,3
Justin_Bieber,Alex_Rodriguez,3
Rob_Ford,Justin_Bieber,3
Justin_Bieber,Rob_Ford,3
Rob_Ford,Justin_Bieber,3
Justin_Bieber,Rob_Ford,3
Sarah_Palin,User_talk:Rizla,-1
User_talk:Rizla,John_Tory,-1
John_Tory,"User:Ivanvector/John_Tory_mayoral_campaign,_2014",-1
"User:Ivanvector/John_Tory_mayoral_campaign,_2014",User_talk:Rizla,-1
User_talk:Rizla,Justin_Bieber,-1
Bury_Tomorrow,Coldplay,2
Bury_Tomorrow,Coldplay,2
Coldplay,Heaven's_Basement,3
Heaven's_Basement,Bring_Me_the_Horizon,2
Chris_Philipps,User:Neymaristhebest/sandbox,-1
User:Neymaristhebest/sandbox,Stephen_Sutton,-1
Chris_Philipps,KSIOlajidebt,4
Marple_Hall_School,Simon_Webbe,3
"New_Fairfield,_Connecticut",Shabazz_Napier,2
Talk:Logan_Lerman,Donald_Trump,-1
Joel_Embiid,Men_Without_Hats,4
Men_Without_Hats,J._P._Crawford,4
J._P._Crawford,Melbourne_University_Football_Club,3
Alexander_Ovechkin,Ha_Ha_Clinton-Dix,-1
Alexander_Ovechkin,James_Neal_(ice_hockey),-1
James_Neal_(ice_hockey),Ha_Ha_Clinton-Dix,4
Ha_Ha_Clinton-Dix,Jason_Akeson,4
Jason_Akeson,Garth_Brooks,3
Garth_Brooks,Jesse_Biddle,3
Jesse_Biddle,Joel_Embiid,3
Joel_Embiid,Philadelphia_Spinners,3
Philadelphia_Spinners,Ku_Klux_Klan,3
Kenny_G,Jason_Akeson,4
Jason_Akeson,Connor_McDavid,2
Connor_McDavid,Dante_Exum,4
Dante_Exum,Philadelphia_Spinners,3
Philadelphia_Spinners,Vancouver_Nighthawks_(MLU),2
Vancouver_Nighthawks_(MLU),Philadelphia_Spinners,2
Philadelphia_Spinners,Post-grunge,3
The_Merchant_of_Venice,User_talk:Solarra,-1
History_of_Liverpool,User:Fishwusson/sandbox,-1
User:Fishwusson/sandbox,User:Fishwusson,-1
User:Fishwusson,Big_Tuck,-1
Big_Tuck,User_talk:Fishwusson,-1
User_talk:Fishwusson,God,-1
List_of_academic_disciplines_and_sub-disciplines,David_Suzuki,3
Cry_of_Nueva_Ecija,Luzon,1
Morton,Potin,4
Potin,"Moreno_Valley,_California",4
Manan_Vohra,Wriddhiman_Saha,1
Wriddhiman_Saha,Humpty_Sharma_Ki_Dulhania,4
Humpty_Sharma_Ki_Dulhania,"Birla_Institute_of_Technology,_Mesra",3
"Birla_Institute_of_Technology,_Mesra",Gopinath_Munde,3
Province_of_Georgia,User:Excirial/Content,-1
Jean_Marie_Dongou,Gareth_Seddon,4
Gareth_Seddon,Kevin_Thornton_(footballer),3
Kevin_Thornton_(footballer),Gareth_Seddon,3
User_talk:Emmanuelnde,Sinach,1
Disney_Channel_(Germany),List_of_My_Babysitter's_a_Vampire_episodes,3
List_of_My_Babysitter's_a_Vampire_episodes,User_talk:Cyphoidbomb,-1
User_talk:Cyphoidbomb,List_of_The_Annoying_Orange_episodes,5
List_of_The_Annoying_Orange_episodes,Kim_Possible,4
Microsoft_Notification_Protocol,List_of_My_Little_Pony:_Friendship_Is_Magic_episodes,5
List_of_My_Little_Pony:_Friendship_Is_Magic_episodes,My_Little_Pony:_Friendship_Is_Magic,2
My_Little_Pony:_Friendship_Is_Magic,The_Wanted,3
The_Wanted,Disney_Channel,2
Disney_Channel,Mike_Henry_(voice_actor),2
Mike_Henry_(voice_actor),List_of_My_Little_Pony:_Friendship_Is_Magic_characters,3
List_of_My_Little_Pony:_Friendship_Is_Magic_characters,My_Little_Pony:_Friendship_Is_Magic,2
My_Little_Pony:_Friendship_Is_Magic,Mike_Henry_(voice_actor),3
Mike_Henry_(voice_actor),Ojamajo_Doremi,3
Ojamajo_Doremi,Gravity_Falls,3
Gravity_Falls,My_Little_Pony:_Friendship_Is_Magic,3
The_Hoobs,User:Kody1206,-1
Seiunchin,Arthur_Shapton_Richards,5
Phil_Hall_(US_writer),List_of_Tom_and_Jerry_characters,3
List_of_Tom_and_Jerry_characters,User_talk:Kitkatkitty15,-1
User_talk:Kitkatkitty15,Bill_Mlkvy,-1
Bill_Mlkvy,Alan_Withers,6
Alan_Withers,Charles_Hicks,5
Marceline_the_Vampire_Queen,Princess_Bubblegum,1
Kashyap_Rajput,SMS_Hildebrand,5
SMS_Hildebrand,Chaos_theory,3
Chaos_theory,SMS_Hildebrand,5
SMS_Hildebrand,Chinese_language,3
"Cavendish_School,_Hemel_Hempstead",Great_Gaddesden,2
Excalibur,Post–World_War_II_baby_boom,3
Post–World_War_II_baby_boom,Vsauce,4
Vsauce,Raisin_Bran,4
Talk:Drake_(rapper),Drew_Brees,3
User:Pattyboy111/sandbox,Nikolay_Pirogov,-1
Nikolay_Pirogov,The_Sign_of_the_City,5
The_Sign_of_the_City,Obrażejowice,6
Obrażejowice,The_Sign_of_the_City,5
The_Sign_of_the_City,Thomas_the_Tank_Engine,4
Thomas_the_Tank_Engine,Fritz_Maxin,5
Fritz_Maxin,Paul_Chapman_(footballer),4
Kelley_Bohanon,Tranquillizer_gun,4
Tranquillizer_gun,Thomas_Brand_(senior),4
Thomas_Brand_(senior),Florence_flask,5
Max_Schreck,Justin_Bieber,3
Justin_Bieber,User:Hydroium,-1
User:Hydroium,Nosferatu,-1
Nosferatu,User_talk:Hydroium,-1
User_talk:Hydroium,Nosferatu,1
Nosferatu,Sultanate_of_Singora,4
Sultanate_of_Singora,User_talk:Hydroium,-1
Kilcullen,UCI_Mountain_Bike_&_Trials_World_Championships_–_Women's_trials,4
Conor_Coady,Andre_Wisdom,1
Conor_Coady,Krisztián_Adorján,2
Krisztián_Adorján,Andre_Wisdom,2
Andre_Wisdom,Tiago_Ilori,2
Tiago_Ilori,Pepe_Reina,3
Pepe_Reina,Emmanuel_Agyemang-Badu,2
Emmanuel_Agyemang-Badu,Liverpool_F.C.,2
Liverpool_F.C.,Alberto_Moreno_(footballer),1
Alberto_Moreno_(footballer),Adam_Lallana,2
Adam_Lallana,Ian_Ayre,2
Ian_Ayre,Iago_Aspas,2
Iago_Aspas,Brendan_Rodgers,2
Gareth_Seddon,Jay_Emmanuel-Thomas,3
"TLC:_Tables,_Ladders_&_Chairs_(2009)",SummerSlam_(2007),2
Congress_of_Lutsk,"Yolo,_California",4
User:Themineiverse/sandbox,Terrorism,-1
Henry_Schoolcraft,User_talk:Yaboiazzclown69,-1
Al_Wuday,USS_Pearl,4
USS_Pearl,Albanian_Basketball_Supercup_(Women),-1
Albanian_Basketball_Supercup_(Women),Ultrafast_laser_spectroscopy,5
Ultrafast_laser_spectroscopy,Chatham_Baroque,-1
Chatham_Baroque,Wells_score,5
Wells_score,"Oakville,_Connecticut",5
"Oakville,_Connecticut",Pontarddulais_Comprehensive_School,5
Pontarddulais_Comprehensive_School,Alfa_Romeo_4C,4
Alfa_Romeo_4C,Thaden_T-1,4
Thaden_T-1,Charles_W._Morris_bibliography,4
Charles_W._Morris_bibliography,Body_of_Secrets,5
Body_of_Secrets,Motown:_The_Musical,4
Motown:_The_Musical,Paruszewice,5
Paruszewice,AA11,-1
AA11,Metarctia_flaviciliata,7
Metarctia_flaviciliata,"Tandridge_Council_election,_2011",5
"Tandridge_Council_election,_2011",Nevison,7
Bhyve,Pukaqucha_(Lima),6
Pukaqucha_(Lima),Lake_Memphremagog,4
Lake_Memphremagog,Streetlites,5
Streetlites,Miles_Historical_Village_and_Museum,5
Miles_Historical_Village_and_Museum,Call_of_the_Cuckoo,5
"Harris_Hill,_New_York","Post-Missionary_Church_and_Monastery,_Lublin",-1
"Post-Missionary_Church_and_Monastery,_Lublin",MASCAC,-1
MASCAC,"Ronald_Mackay,_Lord_Eassie",5
"Ronald_Mackay,_Lord_Eassie",Little_ground_tyrant,5
Little_ground_tyrant,Aechmea_'Blue_Pacific',6
Aechmea_'Blue_Pacific',Jita_language,5
Jita_language,Andriy_Fedorenko,5
Andriy_Fedorenko,Aumühle,4
Doosukeltha,John_Paul_Jones,4
Deer_Park_High_School_(Texas),Al_Udeid_Air_Base,4
Wayne_Ulugia,Jon_Flanagan,4
Jon_Flanagan,Danny_Tickle,3
Danny_Tickle,Jon_Flanagan,3
Luigi_del_Riccio,Crystal_Springs_Rhododendron_Garden,5
The_Lion,Hardie_Avenue_(band),6
Hardie_Avenue_(band),"Panamá,_Goiás",4
"Panamá,_Goiás",Byzantine_civil_war_of_1341–47,3
Round_Oak_Stove_Company,Indian_palm_squirrel,4
Indian_palm_squirrel,Mark_(name),4
Mark_(name),Ashton_(given_name),4
Survivor:_Borneo,Template:Miami_Heat_roster,3
Template:Miami_Heat_roster,Template:Miami_Heat_current_roster,3
Template:Miami_Heat_current_roster,Jay_Bilas,4
User:LibbyCannedy,Athletics_at_the_2012_Summer_Olympics_–_Men's_4_×_100_metres_relay,-1
Athletics_at_the_2012_Summer_Olympics_–_Men's_4_×_100_metres_relay,Chicago_Cubs,3
Houston_Astros,Kolten_Wong,2
Whyalla,T.S._Kalyanaraman,5
T.S._Kalyanaraman,Sandeep_Kumar_(wrestler),6
Indian_Australian,Raj_Kiran_(Bollywood_actor),4
Whyalla,Yatin_Karyekar,5
Whyalla,User:Jpenhall46,-1
Whyalla,Harry_Graham_Haig,4
Harry_Graham_Haig,User_talk:Nthep,-1
Luke_Harper,Roman_Reigns,2
Roman_Reigns,Jerry_Lawler,2
Jerry_Lawler,The_Usos,2
The_Usos,Alberto_Del_Rio,2
Alberto_Del_Rio,Michael_Cole,2
User:Shotton16,Tom_Cassell,-1
Tom_Cassell,Alfie_Deyes,3
Alfie_Deyes,Roman,4
Roman,Ross_Barkley,4
Niko,Animals_(Pink_Floyd_album),3
Animals_(Pink_Floyd_album),"Wilmette,_Illinois",2
List_of_jam_bands,Counter-Strike:_Global_Offensive,4
Counter-Strike:_Global_Offensive,ABBA,3
File:Space_Fighter_Gameplay.jpg,User_talk:StephenBuxton,-1
User_talk:StephenBuxton,Pay_Pal_(The_Simpsons),-1
Pay_Pal_(The_Simpsons),New_Democratic_Party,4
Jean_Rosenthal,Mirko_Koršič,-1
Mirko_Koršič,Steven's_swellshark,6
Steven's_swellshark,Zhang_Rui,5
Johann_August_Nauck,1996_U.S._Men's_Clay_Court_Championships_–_Singles,-1
1996_U.S._Men's_Clay_Court_Championships_–_Singles,Ayşegül_Çoban,6
Ayşegül_Çoban,Marais_Viljoen,4
Marais_Viljoen,Lerheimia_scopulata,6
Lerheimia_scopulata,Pak_Tam_Chung,5
Saint-Broladre,1966_Sarawak_constitutional_crisis,4
1966_Sarawak_constitutional_crisis,Lin_Shu-fen,5
Lin_Shu-fen,New_Democratic_Party,-1
1911–12_in_Scottish_football,Héctor_Noesí,4
Héctor_Noesí,French_protected_cruiser_Châteaurenault,4
French_protected_cruiser_Châteaurenault,Asaphocrita_reginae,6
Asaphocrita_reginae,Porter_Block,6
Porter_Block,XML_namespace,3
Dharam_Pal_Sabharwal,William_Henry_Elliott,6
William_Henry_Elliott,Transwa,4
Alexander_Falconbridge,William_Elstob,4
William_Elstob,G-Unit_Books,5
Streltsy,Robert_Mendelsohn,4
"Concord,_New_York",Pantomallus_pallidus,8
Pantomallus_pallidus,Plan_de_Ayutla_(Maya_Site),5
Plan_de_Ayutla_(Maya_Site),Sadatabad-e_Lishtar,6
Sadatabad-e_Lishtar,Table_of_years_in_British_radio,5
Table_of_years_in_British_radio,Mäliküla,5
Mäliküla,Independent_Presbyterian_Church_in_Kenya,4
Independent_Presbyterian_Church_in_Kenya,Taxation_Act_1722,-1
Taxation_Act_1722,Adolphe_Stoeber,-1
Adolphe_Stoeber,Space_Invaders,4
Space_Invaders,User_talk:Crater721,-1
Construction_worker,Turkey_at_the_Universiade,4
Wikipedia:Articles_for_deletion/Francesco_Schettino,Razole,5
Poria_Illit,"Basilica_of_the_Holy_Redeemer,_Tiruchirappalli",4
"Basilica_of_the_Holy_Redeemer,_Tiruchirappalli",Power_(social_and_political),3
Varndean_School,Varndean_College,1
User:Lschof4,Pokémon_X_and_Y,-1
Pokémon_X_and_Y,Villain.net,5
User:Lschof4,User:Lschof4/Lschof4,-1
User:Lschof4/Lschof4,User_talk:DVdm,-1
User:Lschof4,Hero.com,-1
User:Lschof4,User:Lschof4/Lschof4,-1
User:Lschof4/Lschof4,User:Paradoctor,-1
User:Paradoctor,User:Lschof4/Lschof4,-1
User:Lschof4/Lschof4,Wikipedia:Sandbox,-1
Wikipedia:Sandbox,User_talk:Lschof4,-1
User:Lschof4,User_talk:DVdm,-1
User:Lschof4,User:Lschof4/sandbox,-1
User:Lschof4/sandbox,Wikipedia_talk:Teahouse,-1
Wikipedia_talk:Teahouse,Economic_history_of_China_(1912–49),5
Economic_history_of_China_(1912–49),Torsten_Hallman,4
New_Malden_railway_station,List_of_Uruguayan_co-produced_films,-1
List_of_Uruguayan_co-produced_films,The_Surrender_of_Breda,4
The_Surrender_of_Breda,List_of_Magical_Girl_Lyrical_Nanoha_albums,5
List_of_Magical_Girl_Lyrical_Nanoha_albums,Sasuke_Uchiha,3
Vitamin_C_megadosage,Geochronometry,5
Geochronometry,Cosmopterigidae,4
Cosmopterigidae,User_talk:Lschof4,-1
Mister_International_2014,Miss_Universe_2014,3
Miss_Universe_2014,Wikipedia:Admitting_you're_wrong,-1
Wikipedia:Admitting_you're_wrong,Miss_Earth_2014,5
Miss_Earth_2014,Manhunt_International_2014,4
Mister_International_2014,Manhunt_International_2014,3
Manhunt_International_2014,Miss_Earth_2014,4
Miss_Earth_2014,FCPS,3
FCPS,Shanzay_Hayat,4
Shanzay_Hayat,Manhunt_International_2014,4
Manhunt_International_2014,Miss_Earth_2012,3
Miss_Earth_2012,Miss_Russia_2014,3
Miss_Russia_2014,Miss_World_2014,2
Willo_Flood,Seán_Dillon,2
"Talk:List_of_Scooby-Doo,_Where_Are_You!_episodes",List_of_My_Gym_Partner's_a_Monkey_episodes,4
Margot_Frank,Marble_Hornets,4
Marble_Hornets,User:Hewhoamareismyself,-1
User:Hewhoamareismyself,Margot_Frank,6
Captain_Phillips_(film),John_Wayne_Gacy,3
Tony_Reali,User_talk:Favonian,-1
Tarzan_Boy,A_Million_Ways_to_Die_in_the_West,1
Tarzan_Boy,A_Million_Ways_to_Die_in_the_West,1
Evil_Star_(disambiguation),DJ_Tarkan,5
DJ_Tarkan,User_talk:Grahamec,-1
User_talk:Grahamec,The_Hallé,3
Carl_Froch,Andre_Gray,3
Andre_Gray,Sam_Allardyce,2
Night_of_Champions_(2013),Extreme_Rules_(2013),2
Extreme_Rules_(2013),Extreme_Rules_(2014),2
Extreme_Rules_(2014),WrestleMania_XXX,1
WrestleMania_XXX,Extreme_Rules_(2014),2
Extreme_Rules_(2014),List_of_WWE_pay-per-view_events,2
List_of_WWE_pay-per-view_events,Extreme_Rules_(2014),2
Extreme_Rules_(2014),WWE,1
WWE,Roman_Reigns,1
Roman_Reigns,Daniel_Bryan,1
Daniel_Bryan,WrestleMania_XXX,1
WrestleMania_XXX,Triple_H,1
WWE,WrestleMania_XXX,1
WrestleMania_XXX,WWE,1
Triple_H,Extreme_Rules_(2014),1
Extreme_Rules_(2014),WrestleMania_31,2
WrestleMania_31,Elimination_Chamber_(2014),2
Elimination_Chamber_(2014),Payback_(2014),2
Payback_(2014),Money_in_the_Bank_(2014),2
Money_in_the_Bank_(2014),Payback_(2014),2
Payback_(2014),List_of_WWE_pay-per-view_events,2
List_of_WWE_pay-per-view_events,Payback_(2014),2
Payback_(2014),WrestleMania_XXX,1
WrestleMania_XXX,Extreme_Rules_(2014),2
Extreme_Rules_(2014),WrestleMania_XXX,1
WrestleMania_XXX,Payback_(2014),2
Payback_(2014),Extreme_Rules_(2014),2
Extreme_Rules_(2014),Elimination_Chamber_(2014),2
Elimination_Chamber_(2014),Royal_Rumble_(2014),2
Royal_Rumble_(2014),"TLC:_Tables,_Ladders_&_Chairs_(2013)",2
"TLC:_Tables,_Ladders_&_Chairs_(2013)",Survivor_Series_(2013),2
Survivor_Series_(2013),Hell_in_a_Cell_(2013),2
Hell_in_a_Cell_(2013),Battleground_(2013),2
Night_of_Champions_(2013),SummerSlam_(2013),2
SummerSlam_(2013),Payback_(2014),2
Payback_(2014),WWE_SmackDown,2
Yamaha_XV535,Yamaha_Virago,1
Yamaha_XV535,User_talk:TikusVan,-1
User_talk:TikusVan,User:TikusVan,-1
User:TikusVan,User:TikusVan/sandbox,-1
User:TikusVan/sandbox,User:TikusVan,-1
User:TikusVan,Yamaha_Virago,-1
Yamaha_XV535,User_talk:TikusVan,-1
User_talk:TikusVan,User:Dennis_Bratland,-1
User:Dennis_Bratland,Wikipedia:Edit_filter/False_positives/Reports,-1
Wikipedia:Edit_filter/False_positives/Reports,User_talk:TikusVan,-1
Vitesse,Bertrand_Traoré,2
Bertrand_Traoré,Lucas_Piazon,1
Lucas_Piazon,Nathaniel_Chalobah,2
Nathaniel_Chalobah,Daniel_Pappoe,3
Daniel_Pappoe,Tomáš_Kalas,2
Tomáš_Kalas,Zakaria_Bakkali,3
Zakaria_Bakkali,Sam_Hutchinson,4
Sam_Hutchinson,Daniel_Pappoe,3
Daniel_Pappoe,Gabriel_Vasconcelos_Ferreira,3
Gabriel_Vasconcelos_Ferreira,Fredy_Montero,3
Fredy_Montero,Marcus_Hahnemann,2
Marcus_Hahnemann,Islam_Slimani,3
Islam_Slimani,Algeria_national_football_team,1
Steve_Davis,Carlton_Leach,2
Carlton_Leach,Callum_Jones,4
Washington_Capitals,User_talk:Dannyg292929,-1
User:This_lousy_T-shirt/sandbox/Be_My_Guest,User:Fyyfyfytffhhgf,-1
User:Fyyfyfytffhhgf,User_talk:Fyyfyfytffhhgf,-1
User_talk:Fyyfyfytffhhgf,Wikipedia:Administrator_intervention_against_vandalism,-1
User:This_lousy_T-shirt/sandbox/Be_My_Guest,User_talk:Ishdarian,-1
User:This_lousy_T-shirt/sandbox/Be_My_Guest,User_talk:Fyyfyfytffhhgf,-1
Krishna_legends_in_Kathak,History_of_paper,4
History_of_paper,Compass,2
Slash_(musician),Jens_Bergensten,4
Jens_Bergensten,Sega,2
Rooster_Teeth,Bubsy_(series),3
Bubsy_(series),Jens_Bergensten,3
Jens_Bergensten,Mountain_Dew,3
Willian_(footballer),Luis_Montes,3
Jefferson_Montero,Carlos_Alberto_Peña,3
