Congress_of_Lutsk,Japanese_cuisine,3
Japanese_cuisine,Talk:Cannabis_(drug),-1
Talk:Cannabis_(drug),Saint_Helena,4
Highschool_of_the_Dead,Campione!,2
Campione!,Mysterious_Girlfriend_X,2
Pierre_Napoléon_Bonaparte,2013–14_NHL_season,4
2013–14_NHL_season,List_of_people_associated_with_the_French_Revolution,3
Awad_El_Karim_Makki,Swiss_Wing,4
Thomas_Lowry,St._Martini_Evangelical_Lutheran_Church,5
St._Martini_Evangelical_Lutheran_Church,Trudeau_(disambiguation),6
User:Miley_cyrus_999999.0/sandbox,Blackbuck_Conservation_Area,-1
Blackbuck_Conservation_Area,"Gospatric_III,_Earl_of_Lothian",5
Talk:William_Shakespeare,Major_League_Baseball,3
Guinea_pig,Matt_Smith_(actor),3
Matt_Smith_(actor),User_talk:TBloemink,-1
User_talk:TBloemink,Matt_Smith_(actor),-1
Matt_Smith_(actor),Justin_Bieber,3
Justin_Bieber,User:Jack3445,-1
Guillaume_Fouquet_de_la_Varenne,Summer's_Dream,6
Summer's_Dream,Grand_Duke_of_Vladimir,4
Changeling,Directive_2011/77/EU_on_the_term_of_protection_of_copyright,3
Directive_2011/77/EU_on_the_term_of_protection_of_copyright,User_talk:Callum123456789denysschen,-1
User_talk:Callum123456789denysschen,Wish,1
Independent_Publishing_House_NOWA,Newspaper_circulation,3
Talk:Thanksgiving,Book,4
Consell_Observatory,Sergio_Castelletti,5
Sergio_Castelletti,Leonard_Krasulski,5
Discover_Card,User_talk:Epicgenius,-1
User_talk:Epicgenius,Tyke_(elephant),5
Tyke_(elephant),User_talk:Satan2976,-1
Ray_Allen,Kyrie_Irving,2
Kyrie_Irving,Donald_Glover,3
User:APPLE1335543/sandbox,Bessie_Coleman,-1
Portal_talk:Biography/Intro,Beatrice_Grimshaw,4
Beatrice_Grimshaw,Nadnarwianka_Pułtusk,5
Nadnarwianka_Pułtusk,User_talk:Mohammadaas,-1
Gone_(novel_series),Random_(disambiguation),4
Gone_(novel_series),"Yolo_County,_California",3
"Yolo_County,_California",User_talk:IAmAMale,-1
Israelites,User_talk:Archduke1,-1
Dalek,User_talk:Coolbatman11111,-1
User_talk:RyanParis,Evolution,1
Jamal_Lewis,User_talk:Hugsyou2,-1
User_talk:Hugsyou2,User_talk:Discospinster,-1
User_talk:Discospinster,Discogs,-1
Discogs,User_talk:Discospinster/Archive9,-1
Disney_Junior_(international),Nick_Jr._(UK_and_Ireland),2
Redspotted_catshark,Titanoboa,4
Titanoboa,Dog_sled,3
Nick_Jr._(UK_and_Ireland),Nickelodeon_(UK_and_Ireland),1
Nickelodeon_(UK_and_Ireland),Cartoon_Network_(UK_&_Ireland),1
Missing_Link,User:Tonymix,-1
User:Tonymix,Respiration_(physiology),-1
Jonathan_Banks,Alexander_Rusev,3
Falling_Skies,Gollum,3
Race_and_ethnicity_in_the_United_States_Census,User:Garypelow,-1
User:Garypelow,Gollum,-1
Secretary_General_of_NATO,Murder_of_Reena_Virk,5
Murder_of_Reena_Virk,User_talk:Traditionmaker,-1
User_talk:Traditionmaker,Derwick_Associates,-1
Derwick_Associates,Stevie_Nicks,4
Stevie_Nicks,User_talk:Traditionmaker,-1
User_talk:Traditionmaker,Deacom,-1
Deacom,Category:Software_companies_established_in_1995,-1
Brandon_Weeden,Mitchel_Musso,4
Aleksi,Nate_(web_portal),4
Girls_Aloud,User:JimmyGift,-1
User:JimmyGift,User_talk:Murry1975,-1
User_talk:Murry1975,Wikipedia:Sandbox,-1
Wikipedia:Sandbox,User_talk:Murry1975,-1
User_talk:Murry1975,User_talk:JimmyGift,-1
User_talk:JimmyGift,Contraception_in_the_Republic_of_Ireland,3
Contraception_in_the_Republic_of_Ireland,Mount_Rushmore,3
Mount_Rushmore,User_talk:JimmyGift,-1
User_talk:JimmyGift,Enda_Kenny,2
Republic_of_Ireland,User_talk:JimmyGift,-1
Mississauga_Eagles_FC,Toronto_FC,1
Ingress_Abbey,User_talk:Fapbeast,-1
User_talk:Fapbeast,Anilingus,4
Safe_sex,User_talk:Fapbeast,-1
User_talk:Fapbeast,Bissau-Guineans_in_France,1
Bissau-Guineans_in_France,User_talk:Fapbeast,-1
User_talk:Fapbeast,White_Cross,1
White_Cross,Downtown_Dubai,-1
Downtown_Dubai,Châtel-de-Neuvre,4
User:Hendrix_Adi_Surya/sandbox,User_talk:Hendrix_Adi_Surya,-1
Moa_Kikuchi,Yui_Mizuno,1
Yui_Mizuno,Sakura_Gakuin,1
Sakura_Gakuin,"Phoenix,_Arizona",3
Phoenix_(mythology),TV5_(Philippines),3
Calvin_(Calvin_and_Hobbes),The_Lorax_(film),4
Baptist_Bible_College_&_Seminary,Juniata_County_School_District,4
Juniata_County_School_District,Arthropod,3
Migos,Speaker,5
Wikipedia:Articles_for_creation/Redirects,Wikipedia:Requests_for_undeletion,-1
"St_Ursula's_College,_Toowoomba","St._Mary's_College,_Toowoomba",2
2010–11_Queensland_floods,Cyclone_Yasi,2
Cyclone_Yasi,Rupert_Murdoch,3
User:Nahoc10,User_talk:Nahoc10,-1
User_talk:Nahoc10,Moth,-1
Moth,Talk:Bambi,-1
Talk:Bambi,Pseudonym,3
Hari_Rao_Holkar,Euphemia_of_Sweden,4
Euphemia_of_Sweden,Juan_Van_Halen,3
Juan_Van_Halen,Peter_Kretschmer,4
Peter_Kretschmer,Talk:Peter_Kretschmer,-1
Elisabetta_Dami,Geronimo_Stilton,1
"Bryn_Mawr,_Pennsylvania",John_Biddle_(yachting_cinematographer),3
John_Biddle_(yachting_cinematographer),User:Coolguycolin/sandbox,-1
User:Coolguycolin/sandbox,User_talk:Coolguycolin/sandbox,-1
Elisabetta_Dami,Edizioni_Piemme,2
Edizioni_Piemme,Geronimo_Stilton,1
Elisabetta_Dami,Intelligence,4
Fifty_Shades_of_Grey_(film),Wildlife,3
Wildlife,User:Wikipelli/Contributions,-1
Ljuskrona,Aida,3
1+1,Malaysia_Airlines_Flight_370,2
Malaysia_Airlines_Flight_370,User_talk:Ahzoom,-1
Kadir_Rakhimovich_Timergazin,Speak_(novel),3
Speak_(novel),Call_of_Duty:_World_at_War_–_Zombies,4
Call_of_Duty:_World_at_War_–_Zombies,Michael_Ancher,3
Impian_kite,Leisure_Suit_Larry_4:_The_Missing_Floppies,5
Leisure_Suit_Larry_4:_The_Missing_Floppies,Walking_Dead,4
Walking_Dead,Kite,4
Wikipedia:Sandbox,Mark_Watts_(cricketer),-1
Mark_Watts_(cricketer),"Finnish_presidential_election,_1950",4
"Finnish_presidential_election,_1950",Richard_Hamblin,6
Richard_Hamblin,Runcorn_State_High_School,5
Runcorn_State_High_School,Alejandro_Montaner,5
Alejandro_Montaner,Death_of_Edgar_Allan_Poe,5
Death_of_Edgar_Allan_Poe,User_talk:Anthanie,-1
User_talk:Anthanie,Atta_Kim,5
Morda_Tramway,White-cheeked_barbet,5
White-cheeked_barbet,Jurassic,3
Rize,List_of_electronic_sports_players,4
Anneka_Rice,Daniela_Silivaș,4
Daniela_Silivaș,Age_requirements_in_gymnastics,2
Acceptable_use_policy,User:Meat_&_Veg,-1
User:Meat_&_Veg,User_talk:Meat_&_Veg,-1
User_talk:Meat_&_Veg,Dharshini_David,5
Solotvyno,"Crimean_status_referendum,_2014",3
"Crimean_status_referendum,_2014",Bahamian_cuisine,3
Bahamian_cuisine,User_talk:Meat_&_Veg,-1
User_talk:Meat_&_Veg,User_talk:Touch_my_buttocks,-1
User_talk:Touch_my_buttocks,Sevastopol_International_Airport,4
Sevastopol_International_Airport,User_talk:Amartansh,-1
User_talk:Amartansh,Bob_Andrews_(keyboardist),5
Patric_Knowles,Devendra_Surana,-1
Devendra_Surana,Bradbury_Building,4
Arab_world,User:Katieh5584,-1
User:Katieh5584,User:Lugia2453,-1
User:Lugia2453,User:Katieh5584,-1
User:Katieh5584,User:Lugia2453,-1
User:Lugia2453,User_talk:Meat_&_Veg,-1
User_talk:Meat_&_Veg,User:Meat_&_Veg,-1
User:Meat_&_Veg,User_talk:Meat_&_Veg,-1
User_talk:Meat_&_Veg,User:Katieh5584,-1
Richard_Sherman_(American_football),Al_Ulmer,4
Richard_Sherman_(American_football),Ray_Rice,2
Matthew_Warnock,Grantland,3
Grantland,St_Bede's_College_(Mentone),5
St_Bede's_College_(Mentone),Gerhard_Fauth,5
Gerhard_Fauth,"Kanye,_Botswana",4
Matthew_Warnock,User_talk:Example,-1
User_talk:Example,User_talk:NickTroja,-1
Archer_(TV_series),User_talk:RayGillette,-1
User_talk:RayGillette,John_Doe_VII_v._Exxon_Mobil_Corp,-1
John_Doe_VII_v._Exxon_Mobil_Corp,User_talk:HammerHeadHuman,-1
User_talk:HammerHeadHuman,Möbius_strip,4
NCIS_(TV_series),User_talk:88.110.13.90,-1
User_talk:88.110.13.90,Category:Suspected_Wikipedia_sockpuppets,-1
User_talk:Kudiz15,TBS_(TV_channel),2
TBS_(TV_channel),AMC_(TV_channel),2
AMC_(TV_channel),Nickelodeon,2
WE_tv,Nick_Jr._(block),3
Nick_Jr._(block),BET,2
BET,A&E_(TV_channel),2
A&E_(TV_channel),BET,2
Nickelodeon,Nicktoons_(TV_channel),1
Nicktoons_(TV_channel),TLC_(TV_network),3
Disney_Channel,SundanceTV,2
SundanceTV,AMC_(TV_channel),1
AMC_(TV_channel),Disney_Channel,2
Disney_Channel,Nick_Jr._(block),2
Nick_Jr._(block),Nickelodeon,1
TeenNick,The_N_Channel,1
The_N_Channel,Noggin_(_Channel_),1
Noggin_(_Channel_),The_N_Channel,1
The_N_Channel,Hallmark_Channel,2
Nick_Jr.,Nickmom,2
Nickmom,Nickelodeon,2
Disney_Channel,Nickmom,2
Nickmom,HBO_2_Channel,3
HBO_2_Channel,Nickmom,3
User_talk:Kudiz15,Nick_Jr.,2
VH1,FXX,2
FXX,Nick_at_Nite,3
Nick_at_Nite,Nick_Jr._(block),2
Nick_Jr._(block),The_Movie_Channel,2
Step_by_Step_(TV_series),FX_Movie_Channel,2
FX_Movie_Channel,Fox_Movie_Channel_(_Block_),1
Fox_Movie_Channel_(_Block_),FX_Movie_Channel,1
FX_Movie_Channel,Fox_Movie_Channel_(_Block_),1
Fox_Movie_Channel_(_Block_),21st_Century_Fox,1
21st_Century_Fox,FX_(TV_channel),2
FX_(TV_channel),Nick_at_Nite,2
Blue's_Room,Nick_Jr._(block),1
Nick_Jr._(block),Nickelodeon,1
Emmanuel_Emenike,Fish_farming,4
Trans_man,Ryan_Cassata,1
Ryan_Cassata,Buck_Angel,3
Buck_Angel,Wikipedia:Requests_for_page_protection,3
Wikipedia:Requests_for_page_protection,Ryan_Cassata,5
Ryan_Cassata,Talk:Ryan_Cassata,-1
W._White_(Middlesex_cricketer),Civil_Air_Navigation_Services_Organisation,5
Little_Miami_Scenic_Trail,Integrated_collaboration_environment,4
Integrated_collaboration_environment,Basie_at_Birdland,6
Basie_at_Birdland,User_talk:Automine,-1
Joe_Meek,User_talk:Katieh5584,-1
Indian_American,List_of_U.S._cities_with_large_South_Asian/Indian-American_populations,2
"Imlay_City,_Michigan",Screendoor,4
"Imlay_City,_Michigan",User_talk:Fraggle81,-1
User_talk:Fraggle81,User_talk:Deerhuntem,-1
Pain,Eric_Johnson_(golfer),4
Eric_Johnson_(golfer),Howmeh-ye_Sharqi_Rural_District_(Khorramshahr_County),5
Howmeh-ye_Sharqi_Rural_District_(Khorramshahr_County),User_talk:Justy0215,-1
User_talk:Justy0215,Dan_Wédo,6
Dan_Wédo,Sjoerd_Winkens,-1
Sjoerd_Winkens,User:Sangam,-1
User:Sangam,Rohan_Hoffmann,-1
Rohan_Hoffmann,Harry_Horse,4
User:Aw629,Mastication,-1
Clerical_collar,User:Pigman832,-1
User:Pigman832,List_of_protests_in_the_United_Kingdom,-1
List_of_protests_in_the_United_Kingdom,Protest,1
Protest,User_talk:Pigman832,-1
User_talk:Pigman832,Olympus_Mons,1
Olympus_Mons,User_talk:Pigman832,-1
User_talk:Pigman832,Penistone_Grammar_School,1
Fireman_Sam,User_talk:Jhona43,-1
Myall_Creek_massacre,User_talk:Convict101,-1
Sergio_Busquets,"Pepe_(footballer,_born_1983)",2
GXT,PBS_Kids_Go!,2
YTV_(TV_channel),Discovery_Kids_(United_States),2
Discovery_Kids_(United_States),YTV_(TV_channel),2
Avenue_du_Président_Kennedy_(Paris_RER),Isis_(ship),5
Niko_Bellic,List_of_Grand_Theft_Auto_V_characters,2
User:Daffyduck1234,Margie_Hines,-1
Margie_Hines,Bonnie_Poe,1
Bonnie_Poe,Rusty_Goffe,4
Rusty_Goffe,Margie_Hines,4
Margie_Hines,Gus_Wickie,3
Gus_Wickie,William_Pennell,2
William_Pennell,Bonnie_Poe,3
Bonnie_Poe,William_Pennell,2
William_Pennell,Bluto,1
Otis_Williams,William_Pennell,4
William_Pennell,Gerry_Johnson,4
User:Daffyduck1234,Margie_Hines,-1
Margie_Hines,Little_Ann_Little,2
Little_Ann_Little,Bonnie_Poe,2
Bonnie_Poe,Betty_McGlown,4
Jeff_Bennett,Margie_Hines,4
Margie_Hines,Bonnie_Poe,1
Bonnie_Poe,Betty_McGlown,4
Betty_McGlown,Bonnie_Poe,4
Bonnie_Poe,Marilyn_Schreffler,2
Marilyn_Schreffler,Bonnie_Poe,3
Bonnie_Poe,User:Beyond_My_Ken,-1
User:Daffyduck1234,User:Beyond_My_Ken,-1
User:Beyond_My_Ken,Margie_Hines,-1
Margie_Hines,William_Pennell,3
User:Daffyduck1234,Theresa_Caputo,-1
Theresa_Caputo,Ian_Cashmore,3
Matt_and_Kim,William_Pennell,4
William_Pennell,Betty_McGlown,4
Betty_McGlown,Barbara_Martin_(singer),1
Barbara_Martin_(singer),Margie_Hines,4
Margie_Hines,User:Beyond_My_Ken,-1
User:Daffyduck1234,User_talk:Daffyduck1234,-1
User:Daffyduck1234,Elbridge_Bryant,-1
Snooker,Newsagent's_shop,2
Newsagent's_shop,Romeo_Challenger,4
California_State_Route_2,List_of_world_snooker_champions,4
List_of_world_snooker_champions,Kylie_Minogue,2
User:Loser0302,List_of_Prime_Ministers_of_Pakistan,-1
Fengshan_County,User:Timmy9834/sandbox,-1
User:Timmy9834/sandbox,User:BracketBot,-1
User:BracketBot,Nathan_Hale,-1
Nathan_Hale,User:BracketBot,-1
User:BracketBot,User_talk:Timmy9834,-1
User_talk:Timmy9834,LOL,-1
LOL,User_talk:Timmy9834,-1
User_talk:Timmy9834,James_Madison,-1
James_Madison,Wikipedia:Arbitration/Requests/Enforcement/Archive139,-1
Wikipedia:Arbitration/Requests/Enforcement/Archive139,James_Madison,3
James_Madison,User_talk:Timmy9834,-1
User_talk:Timmy9834,Wikipedia:Arbitration/Requests/Enforcement/Archive139,-1
Wikipedia:Arbitration/Requests/Enforcement/Archive139,James_Madison,3
Boy,User_talk:Timmy9834,-1
2014_Crimean_crisis,Food_Fair,3
Hysterectomy,User_talk:Jdixkxnsjxkx,-1
Papaya,User_talk:Philliedips,-1
User_talk:Philliedips,Patrick_Scott_Lewis,5
Patrick_Scott_Lewis,1994_Russian_Top_League,4
1994_Russian_Top_League,Star_Trek:_The_Motion_Picture_(novel),5
Futuroscope,Mars_(chocolate_bar),4
Mars_(chocolate_bar),Twix,1
Twix,User_talk:Josh_dd777,-1
James_Rebhorn,Austin_Brown,4
Austin_Brown,User_talk:Babytutta_85,-1
Madagascar_mangroves,Madagascan_fish_eagle,3
User:Croaks4,Alexander_Archipenko,-1
History_of_steam_road_vehicles,Lake_Mungo_remains,3
Lake_Mungo_remains,Single_Ladies_(Put_a_Ring_on_It),4
Single_Ladies_(Put_a_Ring_on_It),Alfred_J._Gross,3
Portal_talk:Contents/Reference,Category:Wikipedia_semi-protected_edit_requests,-1
Wells_Fargo_Center_(Philadelphia),Alexander_Ovechkin,2
Kim_Il-sung,Dublin_City_School_District_(Ohio),4
Santi_Cazorla,Ed_Woodward,3
Ed_Woodward,Santi_Cazorla,3
Johnny_Vegas,User:Larkin1898,-1
User:Larkin1898,David_Gill_(executive),-1
David_Gill_(executive),Stéphane_Lannoy,3
Stéphane_Lannoy,William_Carvalho,3
William_Carvalho,David_Moyes,3
Boulevard_de_la_Madeleine,Francie_Calfo,4
Francie_Calfo,Panellus_stipticus,5
Panellus_stipticus,The_Adventurers,5
White,User_talk:BurningTarBaby3,-1
St_Augustine's_College_(Queensland),Trinity_Anglican_School,2
Trinity_Anglican_School,Wikipedia:Sandbox,5
Black_Shuck,Bieber_(disambiguation),5
Bieber_(disambiguation),Skiing,4
Wrestling_at_the_2012_Summer_Olympics,Boxing,2
Wrestling_at_the_2012_Summer_Olympics,Rowing_(sport),3
Wrestling_at_the_2012_Summer_Olympics,Tech_N9ne,4
Capital_Steez,User:STATicVapor,-1
User:STATicVapor,Hodgy_Beats,2
Hodgy_Beats,User_talk:STATicVapor,-1
Edison_Preparatory_School,User_talk:Sjö,-1
Islamic_Azad_University_of_Komijan,Beccles_Free_School,5
Picket_Fences,Fourth_planet_(disambiguation),4
Fourth_planet_(disambiguation),Cristoforo_Colombo_(disambiguation),4
Cristoforo_Colombo_(disambiguation),Stan_Lee_(disambiguation),4
Antidisestablishmentarianism,Riders_of_Judgment,4
Riders_of_Judgment,List_of_human_evolution_fossils,4
Wikipedia:Sockpuppet_investigations/Scheunemann.joshua/Archive,User_talk:Beeblebrox,-1
Wikipedia:Sockpuppet_investigations/Scheunemann.joshua/Archive,User_talk:Chromebook,-1
User_talk:Chromebook,Wikipedia:Administrator_intervention_against_vandalism,-1
Wikipedia:Administrator_intervention_against_vandalism,User_talk:Chromebook,-1
Michael,User:Mikiswag123,-1
Hollywood_Records,Demi_(album),2
Demi_(album),NRG_Stadium,3
NRG_Stadium,The_Neon_Lights_Tour,3
The_Neon_Lights_Tour,Heart_Attack_(Demi_Lovato_song),1
Heart_Attack_(Demi_Lovato_song),Neon_Lights_(Demi_Lovato_song),2
Neon_Lights_(Demi_Lovato_song),Let_It_Go_(Disney_song),2
Let_It_Go_(Disney_song),Demi_(album),2
Demi_(album),Demi_Lovato_discography,2
José_Miró_Cardona,Duke_Johnson,5
Duke_Johnson,Stephen_A._Smith,3
George_R._R._Martin,Streptanthus_glandulosus,5
Streptanthus_glandulosus,CCCP_(disambiguation),4
"Memphis,_Tennessee",Kid_Icarus:_Uprising,4
Kid_Icarus:_Uprising,User_talk:JointEditors,-1
User_talk:JointEditors,User_talk:Excirial,-1
User_talk:Excirial,User_talk:JointEditors,-1
Gorham's_Cave,Operation_Hudson_Harbor,4
The_Da_Vinci_Code,Central_Park_Jakarta,3
Central_Park_Jakarta,KakaoTalk,4
KakaoTalk,Indonesian_Idol,3
Indonesian_Idol,JKT48,3
Veronica_Ballestrini,Talk:Debby_Ryan,-1
Talk:Debby_Ryan,Debby_Ryan,3
Debby_Ryan,78violet,3
Moka_Akashiya,List_of_Rosario_+_Vampire_characters,1
Moka_Akashiya,Dance_in_the_Vampire_Bund,2
Rosendo_Mendizabal,History_of_computing_hardware,4
List_of_Russian_national_ice_hockey_team_rosters,Mississauga,3
Watt,MicroFIT,4
MicroFIT,Doctor_of_Divinity,4
Nine-Dragon_Wall,The_Grim_Adventures_of_Billy_&_Mandy,4
RC_AIA_Kutaisi,Aleksei_Zhitnikov,4
Aleksei_Zhitnikov,ChalkZone,5
ChalkZone,2011–12_Lamar_Cardinals_basketball_team,5
2011–12_Lamar_Cardinals_basketball_team,Thomas_Ohrner,4
Thomas_Ohrner,Littlest_Pet_Shop_(2012_TV_series),3
Pretzel,Herron_High_School,4
Controlled_burn,Interagency_hotshot_crew,2
Controlled_burn,User_talk:Lol23hank,-1
User_talk:Lol23hank,User:Lol23hank/sandbox,-1
Mexican–American_War,List_of_Alcatraz_escape_attempts,3
List_of_Alcatraz_escape_attempts,Whig_Party_(United_States),3
User:Crumo,User_talk:Crumo,-1
User_talk:Crumo,User:Crumo/sandbox,-1
User:Crumo/sandbox,Cerebral_infarction,-1
Baboon,User_talk:Crumo,-1
User_talk:Crumo,Mad_Dogg_Athletics,-1
Mad_Dogg_Athletics,Darte_un_Beso,5
Talk:Leeds_United_F.C.,Linear_equation,4
Linear_equation,User:Chinesenoodle,-1
User:Chinesenoodle,Chris_Richards_(musician),-1
Alan_Nunnelee,Roger_Wicker,1
Mousetrap_car,User_talk:Neddie_mcswaggins,-1
User:RGloucester,User:Dennis_Brown,-1
User:Dennis_Brown,User:Pharmboy,-1
User:Pharmboy,User_talk:RGloucester,-1
User_talk:RGloucester,Crimea_(disambiguation),4
Crimea_(disambiguation),Republic_of_Crimea,1
Republic_of_Crimea,User_talk:RGloucester,-1
User:RGloucester,Crimea,3
Crimea,Crimea_(disambiguation),1
Crimea_(disambiguation),User:Dennis_Brown,-1
User:Dennis_Brown,Political_status_of_Crimea,3
Political_status_of_Crimea,User:Dennis_Brown,-1
Arthur_Cayley,User_talk:Josve05a,-1
Enniscorthy,Sean_Mitchell,5
Francesco_Totti,Michel_Bastos,2
The_Jackson_5,Kallakkurichi_taluk,5
Kallakkurichi_taluk,Tesco,3
Talk:Main_Page,User_talk:Gregory445,-1
6th_Communication_Battalion,Malaysia_Airlines_Flight_370,3
Malaysia_Airlines_Flight_370,The_Fast_and_the_Furious_(2001_film),3
The_Fast_and_the_Furious_(2001_film),User:All_Hallow's_Wraith,-1
User:All_Hallow's_Wraith,Malaysia_Airlines_Flight_370,-1
Malaysia_Airlines_Flight_370,User_talk:Acroterion,-1
Tony_Campana,Melina,4
Tony_Campana,Mike_Fuentes_(musician),4
Mike_Fuentes_(musician),User_talk:Bananas8175,-1
User_talk:Bananas8175,George_Kessler,4
Herbert_Hoover,Kelly_Divine,4
Kelly_Divine,Wikipedia:Edit_filter/False_positives/Reports,-1
Bugs_Bunny,Talk:Bugs_Bunny,-1
Bugs_Bunny,Talk:Bugs_Bunny,-1
Talk:Bugs_Bunny,The_Bugs_Bunny_Birthday_Blowout,3
The_Bugs_Bunny_Birthday_Blowout,User_talk:Bugs_Bunny's_Dismemberment,-1
User_talk:Bugs_Bunny's_Dismemberment,User:Bugs_Bunny's_Dismemberment,-1
Monroe_Doctrine,Wikipedia:Sandbox,4
Wikipedia:Sandbox,Family_Feud,-1
Monroe_Doctrine,User_talk:Tygokid1,-1
Pelican,Wikipedia:Edit_filter/False_positives/Reports,-1
Church_of_Christ_in_Indonesia,Nose,3
Dalkeith_High_School,St._David's_RC_High_School,1
St._David's_RC_High_School,Kearsarge_Regional_High_School,5
Danny_Granger,Iran_and_state-sponsored_terrorism,3
Iran_and_state-sponsored_terrorism,Iran–Iraq_War,2
"Parkchester,_Bronx","Reggie_Jackson_(basketball,_born_1990)",3
The_Home_Depot,User_talk:Tory_Ailes_243,-1
West_Indian_manatee,User_talk:Savageds,-1
User_talk:Savageds,User:Savageds,-1
Matt_Jones_(footballer_born_1980),Peniel_Mlapa,4
Peniel_Mlapa,Yohan_Cabaye,3
Super_RTL,List_of_programs_broadcast_by_the_Arutz_HaYeladim,3
List_of_programs_broadcast_by_the_Arutz_HaYeladim,DreamWorks,3
List_of_years_in_television,List_of_programs_broadcast_by_the_Arutz_HaYeladim,3
List_of_programs_broadcast_by_the_Arutz_HaYeladim,Lists_of_video_games,3
"Fontana,_Kansas",User_talk:FontanaPictures,-1
User_talk:FontanaPictures,User:FontanaPictures,-1
User:FontanaPictures,Wikimedia_Foundation,-1
Ad_Council,User_talk:FontanaPictures/TWA,-1
User_talk:FontanaPictures/TWA,Lonely_Water,-1
Lonely_Water,Joe_and_Petunia,2
Portal:Current_events/1999_December_14,Wisconsin,3
List_of_Greek_and_Latin_roots_in_English,Sexual_reproduction,2
"Gordon_Smith_(footballer,_born_1991)",Wallyford,3
Kyle_Walker,Harry_Kane_(footballer),2
Harry_Kane_(footballer),Kane_(wrestler),3
Kane_(wrestler),"Mousa_Dembélé_(footballer,_born_1987)",3
"Mousa_Dembélé_(footballer,_born_1987)",Javi_García,3
Kaitlyn_(wrestler),Madison_Pettis,4
Great_Pyramid_of_Giza,User:Willstream72,-1
Sean_Barrett_(actor),Peculate_(band),4
2013_Sistan_and_Baluchestan_earthquake,Canadian_Confederation,3
Field_hockey_at_the_1988_Summer_Olympics,Canada_at_the_2014_Winter_Olympics,3
Canada_at_the_2014_Winter_Olympics,User:Saad4844/sandbox,-1
User:Saad4844/sandbox,User:Saad4844,-1
User:Saad4844,Field_hockey_at_the_1988_Summer_Olympics,-1
Field_hockey_at_the_1984_Summer_Olympics,Zimbabwe_national_field_hockey_team,-1
Zimbabwe_national_field_hockey_team,Field_hockey_at_the_1984_Summer_Olympics,3
Hakeem_Nicks,User:DGB9Skiller,-1
User:DGB9Skiller,DB9,-1
Sociedade_Esportiva_Palmeiras,David_Accam,3
David_Accam,Alessandro_Mori_Nunes,4
Alessandro_Rosa_Vieira,David_Accam,3
David_Accam,Lionel_Messi,2
Lionel_Messi,User_talk:DGB9Skiller,-1
"Old_San_Juan,_Puerto_Rico",Agaricus_freirei,6
Agaricus_freirei,Teofilândia,4
Teofilândia,Swanshurst_School,4
Swanshurst_School,Northrop_Field,4
Northrop_Field,Project_MKUltra,4
Project_MKUltra,Bristol_409,4
User_talk:Touch_my_buttocks,2014_Crimean_crisis,4
2014_Crimean_crisis,User_talk:Song_Traction,-1
Kind,Gamer_(disambiguation),5
David_Ortiz,User:C.Fred,-1
Larry_Bird,James_Dickson_(botanist),5
James_Dickson_(botanist),User:Chisbosh123,-1
Maryland,User_talk:Cobi,-1
Maryland,User_talk:Smile.jpeg,-1
User_talk:Smile.jpeg,User:Smile.jpeg/sandbox,-1
User:Smile.jpeg/sandbox,User_talk:Smile.jpeg/sandbox,-1
User_talk:Smile.jpeg/sandbox,Hip_hop,-1
Osman_I,User:Bullman1234567891,-1
User:Bullman1234567891,Steve_Jobs,-1
Culture_of_India,User_talk:Fraggle81,-1
User_talk:Fraggle81,MediaWiki,4
FBI_Ten_Most_Wanted_Fugitives,Selfie,3
Neocalamites,Laura_Secord,4
Education,Zsolt_Semjén,3
Zsolt_Semjén,List_of_Christian_denominations,3
Right-wing_terrorism,Throwback_(drink),3
Throwback_(drink),Scatology,3
Cocaine,Justin_Bieber,3
User_talk:421blazeit,Bogeyman,1
Bogeyman,Grimm_(TV_series),3
Grimm_(TV_series),User_talk:C.Fred,-1
User_talk:C.Fred,Arrow_(TV_series),4
Hybrid_vehicle,Ian_Dennis_(football_commentator),5
Selena,The_41-Year-Old_Virgin_Who_Knocked_Up_Sarah_Marshall_and_Felt_Superbad_About_It,4
The_41-Year-Old_Virgin_Who_Knocked_Up_Sarah_Marshall_and_Felt_Superbad_About_It,User_talk:Aidanwillking,-1
User_talk:Aidanwillking,Xavier:_Renegade_Angel,4
Vince_Offer,User_talk:Aidanwillking,-1
Wikipedia:Articles_for_deletion/United_nations_of_catan,Wikipedia:Articles_for_deletion/Republic_of_catan,-1
Wikipedia:Articles_for_deletion/Republic_of_catan,User_talk:Josve05a,-1
User_talk:Josve05a,Wikipedia:Articles_for_deletion/Republic_of_catan,-1
Hopi_Kachina_figures,Waluyo,6
Waluyo,Qasim_Khanate,4
Foxtel,User_talk:FLICKFOX,-1
User_talk:FLICKFOX,User:FLICKFOX,-1
UNESCO_Intangible_Cultural_Heritage_Lists,User:Bongwarrior,-1
Seffner_Christian_Academy,R._v._J.A.,4
R._v._J.A.,User_talk:Douglasblad,-1
Saint_Nicholas,User_talk:Katieh5584,-1
User_talk:Katieh5584,User_talk:Yoloswagbud,-1
Cyril_Rioli,User_talk:The-Real-Barack-Obama,-1
User:Appleman11111111,Sushi,-1
Preity_Zinta,Tracy_Anderson,1
Tracy_Anderson,Nicole_Richie,1
Philadelphia_Eleven,James_Skoufis,2
Philadelphia_Eleven,"User_talk:James_Bailey,_a_student_of_PAS",-1
Albert_Einstein_(disambiguation),Objectivism_(Ayn_Rand),3
Ethernet,User_talk:YOOOOOOOOLO,-1
Baboon,User_talk:Excirial,-1
Mike_Jackson,2013–14_Saint_Mary's_Gaels_men's_basketball_team,5
2013–14_Saint_Mary's_Gaels_men's_basketball_team,Talk:Quadrature_amplitude_modulation,-1
Talk:Quadrature_amplitude_modulation,Penny,4
Penny,"Ghaziabad_district,_India",4
"Ghaziabad_district,_India",Melanie_Safka,3
Melanie_Safka,User_talk:Boy_thats_gonna_cause_trouble,-1
Talk:Christopher_Columbus,User_talk:Katieh5584,-1
Talk:Christopher_Columbus,User_talk:Dougweller,-1
"Scorton,_Lancashire",User_talk:Katieh5584,-1
User_talk:Katieh5584,"Scorton,_Lancashire",4
"Scorton,_Lancashire",User_talk:OscarKURLZ,-1
David_Ortiz,User_talk:Malugendav,-1
User_talk:Malugendav,David_Ortiz,1
Wikipedia:Help_desk,User:Survivorfan1995,-1
User:Survivorfan1995,Tomorrow_Never_Dies,4
Tomorrow_Never_Dies,Russell_Hantz,4
Russell_Hantz,Jud_Birza,2
Jud_Birza,Phillip_Sheppard,2
Phillip_Sheppard,Z8_GND_5296,5
Z8_GND_5296,The_Amazing_Race_23,4
The_Amazing_Race_23,Category:Karate,-1
Category:Karate,Ring_girl,4
Ring_girl,Category:American_practitioners_of_Brazilian_jiu-jitsu,-1
Category:American_practitioners_of_Brazilian_jiu-jitsu,Taming_Strange,-1
Taming_Strange,List_of_Survivor_(U.S._TV_series)_contestants,4
List_of_Survivor_(U.S._TV_series)_contestants,Aras_Baskauskas,2
Ron_Paul,Rand_Paul,1
Rand_Paul,List_of_films_set_in_Alaska,3
Google_Street_View,User:Survivorfan1995,-1
User:Survivorfan1995,War_bride,4
Mercenary,Les_fils_du_vent,4
Les_fils_du_vent,Chuck_Norris,2
Battle_of_Thermopylae,Survivor:_Blood_vs._Water,4
Survivor:_Blood_vs._Water,Tomorrow_Never_Dies,3
Tomorrow_Never_Dies,Survivor:_Blood_vs._Water,3
Survivor:_Blood_vs._Water,Phillip_Sheppard,2
Phillip_Sheppard,Compulsive_talking,4
Compulsive_talking,Phillip_Sheppard,5
Phillip_Sheppard,Kim_Spradlin,2
Kim_Spradlin,Ozzy_Lusth,1
Ozzy_Lusth,Kim_Spradlin,2
Kim_Spradlin,Dojo,4
Steven_Seagal,Template:Survivor_(U.S._TV_series)_contestants,4
Template:Survivor_(U.S._TV_series)_contestants,Marg_Helgenberger,-1
Tomorrow_Never_Dies,Category:Bourne_films,-1
Category:Bourne_films,The_World_Is_Not_Enough,-1
Ernst_Stavro_Blofeld,Intelligence_(U.S._TV_series),4
Intelligence_(U.S._TV_series),CSI:_Crime_Scene_Investigation,2
List_of_CSI:_Crime_Scene_Investigation_episodes,Template:Parkour_and_Freerunning,4
Template:Parkour_and_Freerunning,List_of_hairstyles,-1
Once_Upon_a_Time_in_Mexico,Bond_24,3
Bond_24,James_Bond_in_film,1
James_Bond_in_film,List_of_Survivor_(U.S._TV_series)_contestants,3
List_of_Survivor_(U.S._TV_series)_contestants,Jeff_Probst,2
Mark_Burnett,Talk:James_Bond_in_film,-1
Talk:James_Bond_in_film,Survivor_(U.S._TV_series),4
Survivor_(U.S._TV_series),Survivor:_Blood_vs._Water,-1
Survivor:_Blood_vs._Water,Survivor:_Guatemala,-1
Survivor:_Guatemala,Robert_Crowley_(Survivor_contestant),-1
Robert_Crowley_(Survivor_contestant),Colby_Donaldson,2
M_(James_Bond),Skyfall_(song),-1
Skyfall_(song),List_of_James_Bond_films,-1
List_of_James_Bond_films,Todd_Herzog,-1
Sandra_Diaz-Twine,Survivor:_South_Pacific,-1
Survivor:_South_Pacific,List_of_James_Bond_films,-1
List_of_James_Bond_films,Mark_Burnett,-1
Mark_Burnett,Survivor:_South_Pacific,2
Survivor:_South_Pacific,Survivor_(TV_series),-1
Survivor:_Philippines,List_of_James_Bond_films,4
List_of_James_Bond_films,The_Bourne_Legacy_(film),3
Rupert_Boneham,Indiana_Jones_(franchise),3
Indiana_Jones_(franchise),Indiana_Jones,1
Indiana_Jones,Talk:James_Bond_in_film,-1
Talk:James_Bond_in_film,James_Bond_filmography,2
James_Bond_filmography,Talk:James_Bond_filmography,-1
Talk:James_Bond_filmography,Indiana_Jones_and_the_Temple_of_Doom,2
Susan_Hawk,Phillip_Sheppard,2
Phillip_Sheppard,Kim_Spradlin,2
Kim_Spradlin,Candice_Cody,3
Candice_Cody,Richard_Hatch_(Survivor_contestant),2
Terry_Sanford_High_School,Candice_Cody,3
Candice_Cody,Cirie_Fields,1
Ken_Hoang,Candice_Cody,1
Candice_Cody,Rob_Mariano,2
Rob_Mariano,Amin_Joseph,4
Amin_Joseph,The_Expendables_(film_series),3
The_Expendables_(film_series),Amber_Mariano,4
Ethan_Zohn,Phillip_Sheppard,2
Phillip_Sheppard,Bill_Posley,2
Bill_Posley,From_Russia_with_Love_(film),3
From_Russia_with_Love_(film),Survivor:_Blood_vs._Water,3
Survivor:_Blood_vs._Water,Survivor_(U.S._TV_series),1
Survivor_(U.S._TV_series),User_talk:Survivorfan1995,-1
User_talk:Survivorfan1995,Survivor_(U.S._TV_series),2
From_Russia_with_Love_(film),User_talk:71.194.184.197,-1
User_talk:71.194.184.197,Wikipedia:Categories_for_discussion/Log/2013_November_27,-1
Wikipedia:Categories_for_discussion/Log/2013_November_27,User_talk:69.205.21.233,-1
User_talk:69.205.21.233,Rob_Cesternino,5
Survivor_(U.S._TV_series),Survivor:_Blood_vs._Water,2
Survivor:_Blood_vs._Water,GoldenEye,3
Tomorrow_Never_Dies,Survivor:_Blood_vs._Water,3
Survivor:_Blood_vs._Water,Tomorrow_Never_Dies,3
Tomorrow_Never_Dies,Survivor:_Blood_vs._Water,3
Survivor:_Blood_vs._Water,Live_and_Let_Die_(film),3
Live_and_Let_Die_(film),Talk:Live_and_Let_Die_(film),-1
Talk:Live_and_Let_Die_(film),Survivor:_Blood_vs._Water,4
Survivor:_Blood_vs._Water,User_talk:Jim1138,-1
User_talk:Jim1138,Survivor:_Blood_vs._Water,3
Survivor:_Blood_vs._Water,User_talk:Jim1138,-1
User_talk:Jim1138,Survivor:_Blood_vs._Water,3
Survivor:_Blood_vs._Water,User_talk:John_Cline,-1
User_talk:John_Cline,User_talk:108.162.157.141,-1
User_talk:108.162.157.141,User_talk:John_Cline,-1
User_talk:John_Cline,User_talk:Jim1138,-1
User_talk:Jim1138,User_talk:108.162.157.141,-1
User_talk:108.162.157.141,User_talk:Survivorfan1995,-1
User_talk:Survivorfan1995,User_talk:108.162.157.141,-1
User_talk:108.162.157.141,User_talk:John_Cline,-1
User_talk:John_Cline,Survivor_(U.S._TV_series),-1
Survivor_(U.S._TV_series),User_talk:Musdan77,-1
User_talk:Musdan77,Tomorrow_Never_Dies,3
Die_Another_Day,User_talk:121.45.209.11,-1
User_talk:121.45.209.11,User_talk:108.162.157.141,-1
User_talk:108.162.157.141,Die_Another_Day,4
Die_Another_Day,Talk:Live_and_Let_Die_(film),-1
Talk:Live_and_Let_Die_(film),Die_Another_Day,3
Survivor_(TV_series),User_talk:Ezcrafter82,-1
User_talk:Ezcrafter82,Survivor_(TV_series),-1
Survivor_(TV_series),User_talk:69.126.170.164,-1
User_talk:69.126.170.164,User_talk:31.192.72.5,-1
User_talk:31.192.72.5,User_talk:Musdan77,-1
User_talk:Musdan77,Die_Another_Day,3
Casino_Royale_(2006_film),Survivor:_Blood_vs._Water,3
Survivor:_Blood_vs._Water,Paul_Walker,3
Survivor_(TV_series),User_talk:60.240.108.31,-1
User_talk:60.240.108.31,Tom_Westman,5
Desperado_(film),El_Gringo,3
El_Gringo,Diamonds_Are_Forever_(film),3
Paul_Walker,User_talk:72.106.148.200,-1
User_talk:72.106.148.200,Titanic_(1997_film),4
Quantum_of_Solace,Eco-terrorism_in_fiction,1
Eco-terrorism_in_fiction,The_World_Is_Not_Enough,2
Skyfall,The_Expendables_2,3
The_Expendables_2,Marilyn_Monroe,3
Marilyn_Monroe,Survivor:_Blood_vs._Water,3
Survivor:_Blood_vs._Water,Amy_Diaz,2
Steven_Seagal,Category:Parkour_in_film,-1
Category:Parkour_in_film,User_talk:96.242.233.234,-1
User_talk:96.242.233.234,Live_and_Let_Die_(film),5
Rupert_Boneham,Jennifer_Lyon,1
Jennifer_Lyon,Richard_Hatch_(Survivor_contestant),2
Octopussy,Bourne_(novel_series),3
Bourne_(novel_series),A_View_to_a_Kill,3
Crime_film,Survivor:_Blood_vs._Water,4
Survivor:_Blood_vs._Water,The_Amazing_Race_(U.S._TV_series),2
Desperado_(film),El_Gringo,3
El_Gringo,Once_Upon_a_Time_in_Mexico,3
Quantum_of_Solace,User_talk:Trinitrotoluol93,-1
User_talk:Trinitrotoluol93,GoldenEye,4
Survivor_(TV_series),User_talk:Ladybugcreations,-1
User_talk:Ladybugcreations,User_talk:162.97.177.146,-1
User_talk:162.97.177.146,Shane_Powers,5
Parvati_Shallow,The_Amazing_Race_23,2
The_Amazing_Race_23,User_talk:Jack_Greenmaven,-1
User_talk:Jack_Greenmaven,The_Amazing_Race_23,4
The_Amazing_Race_23,User_talk:Jack_Greenmaven,-1
User_talk:Jack_Greenmaven,Brandon_Lee,4
Wikipedia:Help_desk,Shane_Powers,4
Shane_Powers,User_talk:2602:306:CE9E:C0E0:222:41FF:FE30:2516,-1
User_talk:2602:306:CE9E:C0E0:222:41FF:FE30:2516,User_talk:74.103.58.9,-1
User_talk:74.103.58.9,Survivor:_Panama,5
Paul_Walker,Benjamin_Wade_(Survivor_contestant),3
Benjamin_Wade_(Survivor_contestant),Talk:Benjamin_Wade_(Survivor_contestant),-1
Wikipedia:Help_desk,Skyfall,4
Quantum_of_Solace,User_talk:Aidensdaddy2k9,-1
User_talk:Aidensdaddy2k9,User_talk:173.33.9.160,-1
User_talk:173.33.9.160,The_World_Is_Not_Enough,5
The_World_Is_Not_Enough,Survivor:_Blood_vs._Water,3
Survivor:_Blood_vs._Water,User_talk:58.161.139.253,-1
User_talk:58.161.139.253,No-budget_filmmaking,4
No-budget_filmmaking,List_of_Brazilian_jiu-jitsu_practitioners,4
List_of_Brazilian_jiu-jitsu_practitioners,Skyfall,3
Skyfall,Survivor:_Blood_vs._Water,3
Survivor:_Blood_vs._Water,User_talk:71.7.217.88,-1
User_talk:71.7.217.88,User_talk:174.118.73.41,-1
User_talk:174.118.73.41,Survivor:_Blood_vs._Water,5
Survivor:_Blood_vs._Water,Casino_Royale_(2006_film),3
Casino_Royale_(2006_film),Survivor:_Caramoan,3
Survivor:_Caramoan,User_talk:78.133.45.148,-1
User_talk:78.133.45.148,Talk:Survivor_(U.S._TV_series),-1
Talk:Survivor_(U.S._TV_series),Paul_Walker,3
Paul_Walker,User_talk:122.160.28.43,-1
User_talk:122.160.28.43,Paul_Walker,-1
Paul_Walker,User_talk:122.160.28.43,-1
User_talk:122.160.28.43,Jiah_Khan,-1
Jiah_Khan,Wikipedia:Administrator_intervention_against_vandalism,4
Wikipedia:Administrator_intervention_against_vandalism,Talk:Amitabh_Bachchan,-1
Talk:Amitabh_Bachchan,Skyfall,4
Skyfall,Survivor:_Blood_vs._Water,3
Survivor:_Blood_vs._Water,Timeline_of_Google_Street_View,3
Timeline_of_Google_Street_View,List_of_action_film_actors,4
Google_Street_View,Timeline_of_Google_Street_View,2
Timeline_of_Google_Street_View,User_talk:96.239.36.81,-1
User_talk:96.239.36.81,Tyson_Apostol,5
Tyson_Apostol,Survivor:_Cagayan,2
Survivor:_Cagayan,Tyson_Apostol,2
Tyson_Apostol,Sheikh_Zayed_Mosque,4
Sheikh_Zayed_Mosque,Talk:Timeline_of_Google_Street_View,-1
Talk:Timeline_of_Google_Street_View,Skyfall,3
Skyfall,Survivor:_Cagayan,3
Survivor:_Cagayan,Google_Street_View_in_Canada,4
Google_Street_View_in_Canada,List_of_Survivor_(U.S._TV_series)_tribes,4
Wikipedia:Help_desk,User_talk:Gloss,-1
User_talk:Gloss,List_of_Survivor_(U.S._TV_series)_contestants,4
List_of_Survivor_(U.S._TV_series)_contestants,List_of_Survivor_(U.S._TV_series)_tribes,1
List_of_Survivor_(U.S._TV_series)_tribes,User_talk:Gloss,-1
Wikipedia:Help_desk,User_talk:Gloss,-1
Wikipedia:Help_desk,List_of_Survivor_(U.S._TV_series)_tribes,4
List_of_Survivor_(U.S._TV_series)_tribes,Tyson_Apostol,1
Tyson_Apostol,List_of_Survivor_(U.S._TV_series)_contestants,2
List_of_Survivor_(U.S._TV_series)_contestants,User_talk:Steelbeard1,-1
User_talk:Steelbeard1,List_of_Survivor_(U.S._TV_series)_tribes,3
List_of_Survivor_(U.S._TV_series)_tribes,User_talk:Gloss,-1
User_talk:Gloss,Richard_Hatch_(Survivor_contestant),4
Richard_Hatch_(Survivor_contestant),User_talk:Gloss,-1
User_talk:Gloss,List_of_Survivor_(U.S._TV_series)_tribes,4
List_of_Survivor_(U.S._TV_series)_tribes,Bounty_hunter,3
Bounty_hunter,User_talk:99.164.161.151,-1
User_talk:99.164.161.151,Parkour,4
Parkour,List_of_Survivor_(U.S._TV_series)_contestants,3
List_of_Survivor_(U.S._TV_series)_contestants,User_talk:Gloss,-1
User_talk:Gloss,Kim_Spradlin,4
Kim_Spradlin,Survivor:_One_World,3
Survivor:_One_World,User_talk:Gloss,-1
User_talk:Gloss,Template:Survivor_(U.S._TV_series)_contestants,4
Template:Survivor_(U.S._TV_series)_contestants,Template:Survivor,-1
Template:Survivor,User_talk:99.164.161.151,-1
User_talk:99.164.161.151,User_talk:Gloss,-1
User_talk:Gloss,Parvati_Shallow,4
Parvati_Shallow,List_of_Survivor_(Australian_TV_Series)_contestants,-1
List_of_Survivor_(Australian_TV_Series)_contestants,Survivor:_Cook_Islands,2
Survivor:_Cook_Islands,User_talk:Gloss,-1
User_talk:Gloss,Survivor_(TV_series),4
Mark_Burnett,Template:Mark_Burnett,2
Template:Mark_Burnett,Skyfall,-1
Survivor_(U.S._TV_series),Survivor:_Nicaragua,2
Survivor:_Nicaragua,Tyson_Apostol,2
Tyson_Apostol,User_talk:Gloss,-1
User_talk:Gloss,Quantum_of_Solace,4
Jeff_Probst,User_talk:Gloss,-1
User_talk:Gloss,Tyson_Apostol,4
Tyson_Apostol,Django_Unchained,3
Django_Unchained,Daniel_T._Barry,3
Skyfall,Django_Unchained,2
Django_Unchained,Parvati_Shallow,4
Survivor:_Cook_Islands,User_talk:50.53.102.146,-1
User_talk:50.53.102.146,Galang,6
Yau-Man_Chan,Malaysian-American,1
Malaysian-American,Indiana_Jones_and_the_Last_Crusade,3
Skyfall,Survivor:_Nicaragua,3
Survivor:_Nicaragua,Skyfall,3
Sharif,User:Survivorfan1995,-1
User:Survivorfan1995,CSI:_Crime_Scene_Investigation_(season_10),5
CSI:_Crime_Scene_Investigation_(season_10),James_Bond_filmography,4
James_Bond_filmography,Skyfall,1
Wikipedia:Help_desk,Quantum_of_Solace,3
You_Only_Live_Twice_(film),The_Expendables_(2010_film),2
The_Expendables_(2010_film),GoldenEye,3
Die_Another_Day,Phillip_Sheppard,4
Phillip_Sheppard,Category:Survivor_(TV_series),-1
Category:Survivor_(TV_series),Category:Expedition_Robinson,-1
Category:Expedition_Robinson,Category:Survivor_(Israel),-1
Category:Survivor_(Israel),Category:Survivor_Philippines,-1
Category:Survivor_Philippines,Survivor:_Heroes_vs._Villains,2
Survivor:_Heroes_vs._Villains,Ice_palace,4
Ice_palace,Survivor:_Samoa,4
Survivor:_Samoa,Survivor_Philippines,2
Survivor:_Philippines,Roekiah,4
Roekiah,Jason_Bourne,2
Casino_Royale_(2006_film),2010_Teen_Choice_Awards,3
2010_Teen_Choice_Awards,Stephenie_LaGrossa,3
Survivor:_Micronesia,CSI:_Crime_Scene_Investigation_(season_14),3
CSI:_Crime_Scene_Investigation_(season_14),User:Survivorfan1995,-1
User:Survivorfan1995,The_Expendables_(2010_film),4
The_Expendables_(2010_film),User:Survivorfan1995,-1
Wikipedia:Help_desk,Survivor:_Borneo,4
Herbert_River,User:Survivorfan1995,-1
User:Survivorfan1995,Marg_Helgenberger,5
Die_Another_Day,User_talk:SchroCat,-1
User_talk:SchroCat,List_of_James_Bond_films,3
List_of_James_Bond_films,Survivor:_Micronesia,3
Survivor:_Micronesia,Survivor:_Heroes_vs._Villains,2
Survivor:_Heroes_vs._Villains,Survivor:_Vanuatu,2
Marg_Helgenberger,The_Blacklist_(TV_series),3
The_Blacklist_(TV_series),Ted_Danson,3
Jorja_Fox,User_talk:Gloss,-1
User_talk:Gloss,Survivor:_All-Stars,4
Survivor:_Pearl_Islands,Survivor:_Tocantins,1
Survivor:_Tocantins,Candace_Smith,2
Candace_Smith,The_Expendables_(2010_film),3
The_Expendables_(2010_film),User_talk:2.127.228.78,-1
User_talk:2.127.228.78,User_talk:Gloss,-1
User_talk:Gloss,Survivor:_Nicaragua,4
Survivor:_Nicaragua,User_talk:Gogo_Dodo,-1
User_talk:Gogo_Dodo,Indiana_Jones_and_the_Temple_of_Doom,4
Quantum_of_Solace,The_Expendables_(2010_film),2
The_Expendables_(2010_film),Kelly_Bruno,4
Kelly_Bruno,Danielle_DiLorenzo,2
"Pompano_Beach,_Florida",Template:Survivor_(U.S._TV_series)_contestants,3
Template:Survivor_(U.S._TV_series)_contestants,Survivor:_Heroes_vs._Villains,-1
Survivor:_Heroes_vs._Villains,Survivor:_Panama,2
Wikipedia:Help_desk,Template_talk:Survivor_(U.S._TV_series)_contestants,4
Template_talk:Survivor_(U.S._TV_series)_contestants,User_talk:Mark_Arsten,-1
User_talk:Mark_Arsten,User_talk:JamesBWatson,-1
User_talk:JamesBWatson,Jennifer_Lyon,4
Jennifer_Lyon,Survivor:_Palau,2
Survivor:_Palau,Template:Survivor_(U.S._TV_series)_contestants,2
Template:Survivor_(U.S._TV_series)_contestants,"The_Dalles,_Oregon",-1
January_19,List_of_breast_cancer_patients_by_occupation,4
List_of_breast_cancer_patients_by_occupation,List_of_people_from_Nevada,3
List_of_people_from_Nevada,Jennifer_Lyon,1
Jennifer_Lyon,User_talk:Jack_Greenmaven,-1
User_talk:Jack_Greenmaven,"Pompano_Beach,_Florida",4
"Pompano_Beach,_Florida",User_talk:Gloss,-1
User_talk:Gloss,Wikipedia:Administrators'_noticeboard/Incidents,5
Wikipedia:Administrators'_noticeboard/Incidents,Jennifer_Lyon,4
Jennifer_Lyon,Wikipedia:Administrators'_noticeboard/Incidents,5
Wikipedia:Administrators'_noticeboard/Incidents,Kim_Mullen,4
Kim_Mullen,User_talk:Gloss,-1
User_talk:Gloss,Wikipedia:Administrators'_noticeboard/Incidents,5
Wikipedia:Administrators'_noticeboard/Incidents,User_talk:Gloss,-1
User_talk:Gloss,Wikipedia:Administrators'_noticeboard/Incidents,5
Wikipedia:Administrators'_noticeboard/Incidents,Amber_Mariano,4
Amber_Mariano,User_talk:Jack_Greenmaven,-1
User_talk:Jack_Greenmaven,Template:Survivor_(U.S._TV_series)_contestants,2
Template:Survivor_(U.S._TV_series)_contestants,Template:Survivor_contestants,-1
Template:Survivor_contestants,Template_talk:Survivor_(U.S._TV_series)_contestants,-1
Template_talk:Survivor_(U.S._TV_series)_contestants,Template_talk:Survivor_contestants,1
Template_talk:Survivor_contestants,Template:Survivor_(U.S._TV_series)_contestants,2
Template:Survivor_(U.S._TV_series)_contestants,Jennifer_Lyon,-1
Jennifer_Lyon,User_talk:Binksternet,-1
User_talk:Binksternet,User_talk:Gloss,-1
User_talk:Gloss,User_talk:Binksternet,-1
User_talk:Binksternet,Jennifer_Lyon,4
Wikipedia:Help_desk,Jenna_Morasca,4
Rafe_Judkins,Wikipedia:Articles_for_deletion/Jennifer_Lyon_(3rd_nomination),-1
Wikipedia:Articles_for_deletion/Jennifer_Lyon_(3rd_nomination),Survivor:_Palau,2
Survivor:_Palau,Wikipedia:Articles_for_deletion/Jennifer_Lyon_(3rd_nomination),-1
Wikipedia:Help_desk,User_talk:Jack_Greenmaven,-1
User_talk:Jack_Greenmaven,J._P._Calderon,2
J._P._Calderon,Wikipedia:Articles_for_deletion/J._P._Calderon_(4th_nomination),-1
Wikipedia:Articles_for_deletion/J._P._Calderon_(4th_nomination),Survivor:_Borneo,2
Survivor:_Borneo,Wikipedia:Articles_for_deletion/Yau-Man_Chan,-1
Wikipedia:Articles_for_deletion/Yau-Man_Chan,Gervase_Peterson,2
Gervase_Peterson,List_of_Survivor_(U.S._TV_series)_contestants,2
List_of_Survivor_(U.S._TV_series)_contestants,Template:Survivor_(U.S._TV_series)_contestants,2
Template:Survivor_(U.S._TV_series)_contestants,Russell_Hantz,-1
Russell_Hantz,Gervase_Peterson,2
Gervase_Peterson,Wikipedia:Articles_for_deletion/Gervase_Peterson,-1
Wikipedia:Articles_for_deletion/Gervase_Peterson,Filming_of_James_Bond,-1
Filming_of_James_Bond,Wikipedia:Articles_for_deletion/Filming_of_James_Bond,-1
Wikipedia:Articles_for_deletion/Filming_of_James_Bond,Filming_of_James_Bond_in_the_1960s,2
Filming_of_James_Bond_in_the_1960s,Filming_of_James_Bond_in_the_1970s,-1
Filming_of_James_Bond_in_the_1970s,Filming_of_James_Bond_in_the_1980s,-1
Filming_of_James_Bond_in_the_1980s,Filming_of_James_Bond_in_the_1990s,-1
Filming_of_James_Bond_in_the_1990s,Filming_of_James_Bond_in_the_2000s,-1
Filming_of_James_Bond_in_the_2000s,Wikipedia:Articles_for_deletion/Filming_of_James_Bond,-1
Wikipedia:Articles_for_deletion/Filming_of_James_Bond,Survivor:_Blood_vs._Water,4
Survivor:_Blood_vs._Water,Live_and_Let_Die_(film),3
Live_and_Let_Die_(film),Benjamin_Wade_(Survivor_contestant),4
Benjamin_Wade_(Survivor_contestant),Tamara_Johnson-George,2
Tamara_Johnson-George,Jeff_Varner,1
Jeff_Varner,Template:Survivor_(U.S._TV_series)_contestants,1
Template:Survivor_(U.S._TV_series)_contestants,Survivor:_The_Australian_Outback,-1
Survivor:_The_Australian_Outback,Survivor:_Tocantins,1
Survivor:_Tocantins,Survivor:_Heroes_vs._Villains,2
Survivor:_Heroes_vs._Villains,Survivor:_Tocantins,2
Survivor:_Tocantins,Survivor:_South_Pacific,2
Survivor:_South_Pacific,Tower_of_Hanoi,1
"Susanville,_California",Template:Survivor_(U.S._TV_series)_contestants,2
Template:Survivor_(U.S._TV_series)_contestants,"Greensboro,_North_Carolina",-1
WNCT-TV,List_of_Survivor_(U.S._TV_series)_contestants,2
List_of_Survivor_(U.S._TV_series)_contestants,Hayden_Moss,1
Hayden_Moss,Survivor:_Blood_vs._Water,2
Survivor:_Blood_vs._Water,User_talk:Gloss,-1
User_talk:Gloss,Live_and_Let_Die_(film),4
Live_and_Let_Die_(film),User_talk:Gloss,-1
User_talk:Gloss,Hayden_Moss,4
Hayden_Moss,Wikipedia:Articles_for_deletion/Hayden_Moss,-1
Wikipedia:Articles_for_deletion/Hayden_Moss,User_talk:Gloss,-1
User_talk:Gloss,WNCT-TV,4
"Greensboro,_North_Carolina",Template:Survivor_(U.S._TV_series)_contestants,2
Template:Survivor_(U.S._TV_series)_contestants,"Susanville,_California",-1
Tower_of_Hanoi,Survivor:_Tocantins,4
Survivor:_Tocantins,Survivor:_South_Pacific,2
Survivor:_South_Pacific,Survivor:_The_Australian_Outback,2
Survivor:_The_Australian_Outback,Survivor:_Heroes_vs._Villains,1
Survivor:_Heroes_vs._Villains,Survivor:_Blood_vs._Water,2
Survivor:_Blood_vs._Water,Richard_Hatch_(Survivor_contestant),2
Blades_Club,Wikipedia:Articles_for_deletion/Hayden_Moss,-1
Wikipedia:Articles_for_deletion/Hayden_Moss,Benjamin_Wade_(Survivor_contestant),2
Benjamin_Wade_(Survivor_contestant),Wikipedia:Articles_for_deletion/Benjamin_Wade_(Survivor_contestant)_(3rd_nomination),-1
Wikipedia:Articles_for_deletion/Benjamin_Wade_(Survivor_contestant)_(3rd_nomination),Wikipedia:Articles_for_deletion/Log/2014_January_4,-1
Wikipedia:Articles_for_deletion/Log/2014_January_4,Wikipedia:Articles_for_deletion/Phillip_Sheppard_(3rd_nomination),-1
Wikipedia:Articles_for_deletion/Phillip_Sheppard_(3rd_nomination),Aras_Baskauskas,2
Aras_Baskauskas,John_Cochran_(Survivor_contestant),2
John_Cochran_(Survivor_contestant),Talk:John_Cochran,-1
Talk:John_Cochran,John_Cochran_(Survivor_contestant),5
John_Cochran_(Survivor_contestant),John_Cochran_(survivor),1
John_Cochran_(survivor),Talk:John_Cochran,-1
Talk:John_Cochran,John_Cochran_(Survivor_contestant),5
John_Cochran_(Survivor_contestant),Survivor:_South_Pacific,2
Survivor:_South_Pacific,Template:Survivor_(U.S._TV_series)_contestants,2
Template:Survivor_(U.S._TV_series)_contestants,Survivor:_Caramoan,-1
Survivor:_Caramoan,Kim_Spradlin,2
Kim_Spradlin,Wikipedia:Articles_for_deletion/Kim_Spradlin,-1
Wikipedia:Articles_for_deletion/Kim_Spradlin,User_talk:Gloss,-1
User_talk:Gloss,User_talk:Binksternet,-1
User_talk:Binksternet,User_talk:Loriendrew,-1
User_talk:Loriendrew,Wikipedia:Articles_for_deletion/Benjamin_Wade_(Survivor_contestant)_(3rd_nomination),-1
Wikipedia:Articles_for_deletion/Benjamin_Wade_(Survivor_contestant)_(3rd_nomination),User_talk:Binksternet,-1
User_talk:Binksternet,User_talk:Black_Kite,-1
User_talk:Black_Kite,User:Survivorfan1995/sandbox,-1
User:Survivorfan1995/sandbox,Survivor:_Heroes_vs._Villains,2
Survivor:_Heroes_vs._Villains,User:Survivorfan1995/sandbox,-1
User:Survivorfan1995/sandbox,User_talk:Binksternet,-1
User_talk:Binksternet,User:Survivorfan1995/sandbox,-1
User:Survivorfan1995/sandbox,User_talk:Gloss,-1
User_talk:Gloss,Survivor_(U.S._TV_series),3
Tina_Wesson,Wikipedia:Articles_for_deletion/Tina_Wesson,-1
Wikipedia:Articles_for_deletion/Tina_Wesson,Wikipedia:Articles_for_deletion/Kim_Spradlin,-1
Wikipedia:Articles_for_deletion/Kim_Spradlin,User_talk:Black_Kite,-1
User_talk:Black_Kite,User:Survivorfan1995/sandbox,-1
User:Survivorfan1995/sandbox,Survivor:_China,2
Survivor:_China,User:Survivorfan1995/sandbox,-1
User:Survivorfan1995/sandbox,User_talk:Binksternet,-1
User_talk:Binksternet,User:Survivorfan1995/sandbox,-1
User:Survivorfan1995/sandbox,Kim_Spradlin,2
Kim_Spradlin,Wikipedia:Articles_for_deletion/Log/2014_January_5,-1
Wikipedia:Articles_for_deletion/Log/2014_January_5,Wikipedia:Articles_for_deletion/Kim_Spradlin,-1
Wikipedia:Articles_for_deletion/Kim_Spradlin,Talk:Kim_Spradlin,-1
Talk:Kim_Spradlin,Wikipedia:Articles_for_deletion/Jennifer_Lyon_(3rd_nomination),-1
Wikipedia:Articles_for_deletion/Jennifer_Lyon_(3rd_nomination),Wikipedia:Articles_for_deletion/Benjamin_Wade_(Survivor_contestant)_(3rd_nomination),-1
Wikipedia:Articles_for_deletion/Benjamin_Wade_(Survivor_contestant)_(3rd_nomination),User:Survivorfan1995/sandbox,-1
User:Survivorfan1995/sandbox,Survivor:_Heroes_vs._Villains,2
Survivor:_Heroes_vs._Villains,User:Survivorfan1995/sandbox,-1
User:Survivorfan1995/sandbox,John_Cochran_(Survivor_contestant),2
John_Cochran_(Survivor_contestant),Talk:Kim_Spradlin,-1
Talk:Kim_Spradlin,Once_Upon_a_Time_in_Mexico,-1
Once_Upon_a_Time_in_Mexico,The_Expendables_3,2
The_Expendables_3,Glen_Powell,1
Glen_Powell,Desperado_(film),3
Aras_Baskauskas,Category:The_Apprentice_(U.S._TV_series)_contestants,-1
Category:The_Apprentice_(U.S._TV_series)_contestants,Sweet_Jane_(CSI),4
CSI:_Crime_Scene_Investigation_(season_7),Wikipedia:Articles_for_deletion/Benjamin_Wade_(Survivor_contestant)_(3rd_nomination),-1
Wikipedia:Articles_for_deletion/Benjamin_Wade_(Survivor_contestant)_(3rd_nomination),List_of_breast_cancer_patients_by_occupation,4
List_of_breast_cancer_patients_by_occupation,Survivor:_Palau,2
Survivor:_Palau,Template:Survivor_(U.S._TV_series)_contestants,2
Template:Survivor_(U.S._TV_series)_contestants,February_27,-1
February_27,Jennifer_Lyon,1
Jennifer_Lyon,Jennifer_Lyons,1
Jennifer_Lyons,Jennifer_Lyon,1
Jennifer_Lyon,David_Samson_(baseball),2
David_Samson_(baseball),Whitney_Duncan,2
Rob_Mariano,List_of_Die_Another_Day_characters,3
List_of_Die_Another_Day_characters,SPECTRE,2
SPECTRE,D.B._Russell,3
D.B._Russell,Ted_Danson,1
Survivor:_Borneo,Survivor:_Blood_vs._Water,2
Survivor:_Blood_vs._Water,Survivor:_Nicaragua,2
Survivor:_Nicaragua,Rudy_Boesch,2
Die_Another_Day,Jennifer_Lyon,4
Jennifer_Lyon,Die_Another_Day,3
Die_Another_Day,Category:Eco-terrorism_in_fiction,-1
Category:Eco-terrorism_in_fiction,Quantum_of_Solace,3
Aras_Baskauskas,User:Survivorfan1995/sandbox,-1
User:Survivorfan1995/sandbox,John_Rambo,3
John_Rambo,David_Samson_(baseball),3
David_Samson_(baseball),User:Survivorfan1995,-1
User:Survivorfan1995,Richard_Hatch_(Survivor_contestant),4
Amber_Mariano,Timeline_of_Google_Street_View,3
Timeline_of_Google_Street_View,Google_Street_View,1
Casino_Royale_(2006_film),David_Samson_(baseball),3
David_Samson_(baseball),Amber_Mariano,2
Amber_Mariano,Survivor:_Cagayan,1
Survivor:_Cagayan,Template:Survivor_season,-1
Template:Survivor_season,User:Survivorfan1995/sandbox,-1
User:Survivorfan1995/sandbox,User_talk:76.226.197.151,-1
User_talk:76.226.197.151,Quantum_of_Solace,4
Quantum_of_Solace,Survivor:_Blood_vs._Water,3
Survivor:_Blood_vs._Water,User:Survivorfan1995/sandbox,-1
User:Survivorfan1995/sandbox,Phillip_Sheppard,2
Phillip_Sheppard,Richard_Hatch_(Survivor_contestant),2
Richard_Hatch_(Survivor_contestant),Kim_Spradlin,2
Kim_Spradlin,Casino_Royale_(2006_film),3
Casino_Royale_(2006_film),User_talk:98.111.252.190,-1
User_talk:98.111.252.190,Lisa_Whelchel,4
Survivor:_Philippines,List_of_The_Blacklist_episodes,4
List_of_The_Blacklist_episodes,Jerry_Bruckheimer,3
CSI:_Crime_Scene_Investigation,User:Survivorfan1995/sandbox,-1
User:Survivorfan1995/sandbox,User_talk:Binksternet,-1
User_talk:Binksternet,User_talk:Gloss,-1
User_talk:Gloss,User:Survivorfan1995/sandbox,-1
User:Survivorfan1995/sandbox,MediaWiki_talk:Spam-whitelist,4
MediaWiki_talk:Spam-whitelist,User_talk:67.181.10.235,-1
User_talk:67.181.10.235,User_talk:Flat_Out,-1
User_talk:Flat_Out,MediaWiki_talk:Spam-whitelist,-1
MediaWiki_talk:Spam-whitelist,GoldenEye,3
Moonraker_(film),Category:Films_shot_in_Guatemala,-1
Category:Films_shot_in_Guatemala,Shane_Powers,5
Survivor:_Philippines,Survivor:_One_World,2
Survivor:_One_World,Survivor:_South_Pacific,2
Survivor:_South_Pacific,Survivor:_Caramoan,2
Survivor:_Caramoan,Survivor:_Africa,2
Survivor:_Gabon,Survivor:_Tocantins,2
Survivor:_Tocantins,Survivor:_Samoa,2
Survivor:_Samoa,Survivor:_Heroes_vs._Villains,2
Survivor:_Heroes_vs._Villains,Survivor:_Redemption_Island,2
Survivor:_Redemption_Island,Survivor:_Cagayan,2
Survivor:_Cagayan,Survivor:_One_World,2
Survivor:_One_World,Survivor:_Caramoan,2
Survivor:_Caramoan,You_Only_Live_Twice_(film),3
You_Only_Live_Twice_(film),MediaWiki_talk:Spam-whitelist,4
MediaWiki_talk:Spam-whitelist,Famke_Janssen,3
Famke_Janssen,User_talk:66.177.223.137,-1
User_talk:66.177.223.137,User_talk:Daniel_Case,-1
User_talk:Daniel_Case,Survivor:_Caramoan,4
Survivor:_Caramoan,User:Survivorfan1995/sandbox,-1
User:Survivorfan1995/sandbox,User_talk:The_Ifes,-1
User_talk:The_Ifes,Ashley_Tisdale,4
Ashley_Tisdale,Talk:Marco_Polo,-1
Talk:Marco_Polo,Economy_of_Nepal,3
Economy_of_Nepal,User_talk:121.219.13.52,-1
User_talk:121.219.13.52,User_talk:182.72.201.194,-1
User_talk:182.72.201.194,User_talk:184.167.84.123,-1
User_talk:184.167.84.123,User_talk:192.190.252.15,-1
User_talk:192.190.252.15,User_talk:68.150.33.76,-1
User_talk:68.150.33.76,Penelope_Garcia,5
Penelope_Garcia,Criminal_Minds,1
Survivor_(TV_series),Mars_One,3
Mars_One,Reality_television,1
The_World_Is_Not_Enough,User_talk:SchroCat,-1
User_talk:SchroCat,Daniel_T._Barry,5
Survivor_(U.S._TV_series),User_talk:Gloss,-1
User_talk:Gloss,Benjamin_Wade_(Survivor_contestant),4
Benjamin_Wade_(Survivor_contestant),Daniel_T._Barry,2
Shane_Powers,User:Survivorfan1995/sandbox,-1
User:Survivorfan1995/sandbox,Ozzy_Lusth,2
Wikipedia:Help_desk,Randy_Bailey,4
Randy_Bailey,Survivor:_Gabon,2
Wikipedia:Help_desk,Survivor:_Cook_Islands,4
Survivor:_Cook_Islands,Survivor:_South_Pacific,2
Wikipedia:Help_desk,User_talk:Gloss,-1
Wikipedia:Help_desk,User_talk:Gloss,-1
Wikipedia:Help_desk,User_talk:Gloss,-1
User_talk:Gloss,User:Survivorfan1995/sandbox2,-1
User:Survivorfan1995/sandbox2,User_talk:Gloss,-1
User_talk:Gloss,"Cliff_Robinson_(basketball,_born_1966)",4
"Cliff_Robinson_(basketball,_born_1966)",User_talk:Gloss,-1
User_talk:Gloss,Survivor:_Heroes_vs._Villains,4
Survivor:_Heroes_vs._Villains,Jud_Birza,2
Jud_Birza,El_Paso–Juárez,4
El_Paso–Juárez,Fort_Bliss,1
Fort_Bliss,Talk:Survivor_(U.S._TV_series),-1
Talk:Survivor_(U.S._TV_series),User_talk:Gogo_Dodo,-1
User_talk:Gogo_Dodo,Fort_Bliss,4
Fort_Bliss,Category:American_military_personnel_of_the_Iraq_War,-1
Category:American_military_personnel_of_the_Iraq_War,Sean_MacFarland,4
Sean_MacFarland,Fort_Bliss,1
Ciudad_Juárez,Survivor:_Tocantins,3
Survivor:_Tocantins,Survivor:_Palau,2
Survivor:_Africa,User_talk:Gloss,-1
User_talk:Gloss,User_talk:ApprenticeFan,-1
User_talk:ApprenticeFan,User_talk:Katanin,-1
User_talk:Katanin,User:Survivorfan1995,-1
User:Survivorfan1995,User_talk:Survivorfan1995,-1
User_talk:Survivorfan1995,Fort_Bliss,2
El_Paso_Intelligence_Center,"Ysleta,_El_Paso,_Texas",2
"Ysleta,_El_Paso,_Texas",Northwest_El_Paso,2
List_of_CSI:_Crime_Scene_Investigation_characters,User_talk:170.148.69.140,-1
User_talk:170.148.69.140,Survivor_(TV_series),5
Amanda_Kimmel,User_talk:115.134.127.19,-1
User_talk:115.134.127.19,Stephenie_LaGrossa,5
"El_Paso,_Texas",User_talk:Numericni,-1
User_talk:Numericni,CSI:_Crime_Scene_Investigation,4
Rupert_Boneham,User:Survivorfan1995/sandbox2,-1
User:Survivorfan1995/sandbox2,Wikipedia:Sockpuppet_investigations/Christianity922,-1
Wikipedia:Sockpuppet_investigations/Christianity922,User:Survivorfan1995,-1
User:Survivorfan1995,Criminal_Minds,4
Parkour,User_talk:174.54.157.108,-1
User_talk:174.54.157.108,Freerunning,-1
Freerunning,Sean_MacFarland,4
Sean_MacFarland,User_talk:Banshee01,-1
User_talk:Banshee01,Amanda_Kimmel,-1
Amanda_Kimmel,Survivor:_Samoa,2
Survivor:_Samoa,User:Survivorfan1995,-1
User:Survivorfan1995,Parkour,4
Parkour,User_talk:24.20.45.128,-1
User_talk:24.20.45.128,The_Amazing_Race_(U.S._TV_series),5
The_Amazing_Race_(U.S._TV_series),The_Amazing_Race_19,1
The_Amazing_Race_19,Survivor_(U.S._TV_series),1
Survivor_(U.S._TV_series),User_talk:Banshee01,-1
User_talk:Banshee01,Wikipedia:Sockpuppet_investigations/Christianity922,-1
Wikipedia:Sockpuppet_investigations/Christianity922,List_of_Survivor_(U.S._TV_series)_contestants,-1
List_of_Survivor_(U.S._TV_series)_contestants,Parkour,3
List_of_CSI:_Crime_Scene_Investigation_episodes,The_Amazing_Race_19,3
The_Amazing_Race_19,Richard_Hatch_(Survivor_contestant),2
Richard_Hatch_(Survivor_contestant),Phillip_Sheppard,2
Phillip_Sheppard,Criminal_Minds,3
Survivor_(U.S._TV_series),Wikipedia:Articles_for_deletion/Phillip_Sheppard_(3rd_nomination),-1
Wikipedia:Articles_for_deletion/Phillip_Sheppard_(3rd_nomination),Survivor:_Cagayan,2
Survivor:_Cagayan,Siberia,3
Siberia,Damien_Walters,4
Damien_Walters,User_talk:108.162.157.141,-1
User_talk:108.162.157.141,Skyfall,4
Amanda_Kimmel,User_talk:Banshee01,-1
User_talk:Banshee01,Amber_Mariano,-1
Amber_Mariano,Wikipedia:Administrators'_noticeboard/Incidents,4
Wikipedia:Administrators'_noticeboard/Incidents,Marg_Helgenberger,3
Marg_Helgenberger,User_talk:108.238.76.111,-1
User_talk:108.238.76.111,Die_Another_Day,5
Die_Another_Day,John_Cochran_(Survivor_contestant),4
John_Cochran_(Survivor_contestant),Talk:Survivor_(U.S._TV_series),-1
Talk:Survivor_(U.S._TV_series),Tina_Wesson,2
Jonathan_Penner,Benjamin_Wade_(Survivor_contestant),2
Benjamin_Wade_(Survivor_contestant),Lisa_Whelchel,2
Rob_Cesternino,Kelly_Bruno,2
Kelly_Bruno,Hayden_Moss,2
Hayden_Moss,Jerri_Manthey,1
Jerri_Manthey,Talk:Fort_Bliss,-1
Talk:Fort_Bliss,User_talk:75.27.133.220,-1
User_talk:75.27.133.220,Survivor:_Cook_Islands,-1
Survivor:_Cook_Islands,Survivor:_South_Pacific,2
Survivor:_South_Pacific,User:Survivorfan1995/sandbox2,-1
User:Survivorfan1995/sandbox2,Wikipedia:Administrators'_noticeboard/Incidents,-1
Wikipedia:Administrators'_noticeboard/Incidents,John_Cochran_(Survivor_contestant),4
John_Cochran_(Survivor_contestant),J._P._Calderon,2
J._P._Calderon,User:Survivorfan1995/sandbox,-1
User:Survivorfan1995/sandbox,J._P._Calderon,2
Brian_Heidik,Wikipedia:Administrator_intervention_against_vandalism,5
Wikipedia:Administrator_intervention_against_vandalism,Wikipedia:Usernames_for_administrator_attention,6
Wikipedia:Usernames_for_administrator_attention,Casino_Royale_(2006_film),4
CSI:_Crime_Scene_Investigation,User_talk:Banshee01,-1
User_talk:Banshee01,Casino_Royale_(2006_film),-1
Casino_Royale_(2006_film),Survivor:_Redemption_Island,3
Survivor:_Redemption_Island,Phillip_Sheppard,1
Phillip_Sheppard,Survivor:_Caramoan,2
Survivor:_Caramoan,Template:Survivor_(U.S._TV_series)_contestants,2
Template:Survivor_(U.S._TV_series)_contestants,Miss_Moneypenny,-1
Miss_Moneypenny,User_talk:Banshee01,-1
User_talk:Banshee01,"El_Paso,_Texas",-1
"El_Paso,_Texas",User_talk:Methychroma,-1
User_talk:Methychroma,Phillip_Sheppard,4
Phillip_Sheppard,User:Survivorfan1995/sandbox,-1
User:Survivorfan1995/sandbox,Survivor:_Borneo,2
Survivor:_Borneo,User:Survivorfan1995/sandbox,-1
User:Survivorfan1995/sandbox,Google_Street_View,3
Google_Earth,Immersive_technology,1
Immersive_technology,Miss_Moneypenny,3
Miss_Moneypenny,Survivor:_Redemption_Island,4
Survivor:_Redemption_Island,User_talk:SchroCat,-1
User_talk:SchroCat,Criminal_Minds,4
Mark_Burnett,User:Survivorfan1995/sandbox,-1
User:Survivorfan1995/sandbox,CSI:_Crime_Scene_Investigation,2
Survivor:_Borneo,User:69PAULWALKER69/sandbox,-1
User:69PAULWALKER69/sandbox,Survivor:_Cagayan,3
Survivor:_Cagayan,User:Survivorfan1995/sandbox,-1
User:Survivorfan1995/sandbox,Skyfall,3
Skyfall,User:Survivorfan1995/sandbox,-1
User:Survivorfan1995/sandbox,Once_Upon_a_Time_in_Mexico,4
Once_Upon_a_Time_in_Mexico,User:Survivorfan1995/sandbox,-1
User:Survivorfan1995/sandbox,David_Samson_(baseball),2
David_Samson_(baseball),"El_Paso,_Texas",3
"El_Paso,_Texas",User_talk:Joeatnmsu,-1
User_talk:Joeatnmsu,Survivor_(U.S._TV_series),3
Survivor_(U.S._TV_series),User:Survivorfan1995/sandbox,-1
User:Survivorfan1995/sandbox,Ted_Danson,2
Ted_Danson,Survivor:_Cagayan,3
Survivor:_Cagayan,David_Samson_(baseball),1
David_Samson_(baseball),Criminal_Minds,2
Criminal_Minds,John_Cochran_(Survivor_contestant),3
John_Cochran_(Survivor_contestant),Earl_Cole,2
Survivor:_Fiji,User:Survivorfan1995/sandbox,-1
User:Survivorfan1995/sandbox,Upolu,2
Upolu,Survivor:_Heroes_vs._Villains,1
Survivor:_Heroes_vs._Villains,Survivor:_Borneo,2
Survivor:_Fiji,Template:Survivor_(U.S._TV_series)_contestants,2
Template:Survivor_(U.S._TV_series)_contestants,Survivor:_Fiji,-1
Survivor:_Fiji,Survivor:_Heroes_vs._Villains,2
Survivor:_Heroes_vs._Villains,Template:Survivor,2
Template:Survivor,List_of_Survivor_(U.S._TV_series)_contestants,2
List_of_Survivor_(U.S._TV_series)_contestants,Template:Survivor_(U.S._TV_series)_contestants,2
Template:Survivor_(U.S._TV_series)_contestants,Survivor_(U.S._TV_series),-1
Survivor_(U.S._TV_series),User:Survivorfan1995/sandbox,-1
Wikipedia:Help_desk,User:Survivorfan1995/sandbox,-1
User:Survivorfan1995/sandbox,Fort_Bliss,2
Fort_Bliss,Wikipedia:Administrators'_noticeboard/Incidents,4
Wikipedia:Administrators'_noticeboard/Incidents,Survivor:_Cagayan,4
Survivor:_Cagayan,User_talk:Gloss,-1
User_talk:Gloss,User_talk:WG2012,-1
User_talk:WG2012,User_talk:Gloss,-1
User_talk:Gloss,User_talk:154.20.78.138,-1
User_talk:154.20.78.138,Survivor:_Africa,4
Survivor_(TV_series),Survivor:_Cagayan,1
Survivor:_Cagayan,Template:Survivor_(U.S._TV_series)_contestants,2
Template:Survivor_(U.S._TV_series)_contestants,User:Survivorfan1995/sandbox,-1
User:Survivorfan1995/sandbox,Tyson_Apostol,1
Tyson_Apostol,User:Survivorfan1995/sandbox,-1
User:Survivorfan1995/sandbox,Survivor:_Borneo,2
Survivor:_Africa,Survivor_Africa:_Panama,1
Survivor_Africa:_Panama,Survivor:_Africa,2
Survivor:_Africa,Survivor_Africa:_Panama,1
Survivor_Africa:_Panama,Dr._No_(film),3
From_Russia_with_Love,Talk:From_Russia_with_Love,-1
Talk:From_Russia_with_Love,From_Russia_with_Love_(film),1
Dr._No_(film),User_talk:Tassedethe,-1
User_talk:Tassedethe,Skyfall,4
Die_Another_Day,Template:Survivor_(U.S._TV_series)_contestants,4
Template:Survivor_(U.S._TV_series)_contestants,Survivor:_Borneo,-1
Survivor:_Borneo,David_Samson_(baseball),2
David_Samson_(baseball),Skyfall,3
Skyfall,Survivor:_Cagayan,3
Survivor:_Cagayan,Survivor:_Africa,2
Survivor:_Africa,Talk:Skyfall,-1
Talk:Skyfall,Survivor:_Heroes_vs._Villains,4
Survivor:_Heroes_vs._Villains,Survivor:_Tocantins,2
Survivor:_Tocantins,Template:Survivor,2
Template:Survivor,Tyson_Apostol,2
Tyson_Apostol,User_talk:Joe_Decker,-1
User_talk:Joe_Decker,Survivor:_Cagayan,-1
Survivor:_Cagayan,Tyson_Apostol,2
Tyson_Apostol,Skyfall,3
Skyfall,Talk:Skyfall,-1
Talk:Skyfall,Tsai_Chin_(actress),4
Die_Another_Day,Survivor:_Cagayan,4
Survivor:_Cagayan,Talk:Skyfall,-1
Talk:Skyfall,Survivor_(TV_series),4
Survivor_(TV_series),User_talk:174.50.83.203,-1
User_talk:174.50.83.203,User:Survivorfan1995/sandbox,-1
User:Survivorfan1995/sandbox,Rafe_Judkins,2
Rafe_Judkins,Chase_Rice,2
Chase_Rice,User_talk:2602:306:37F0:69B0:11ED:15F7:7A12:911C,-1
User_talk:2602:306:37F0:69B0:11ED:15F7:7A12:911C,User_talk:99.127.6.155,-1
User_talk:99.127.6.155,Jud_Birza,-1
Jud_Birza,Survivor:_Heroes_vs._Villains,2
Survivor:_Heroes_vs._Villains,Survivor:_Pearl_Islands,2
Survivor:_Pearl_Islands,User:Survivorfan1995/sandbox,-1
User:Survivorfan1995/sandbox,Die_Another_Day,3
Die_Another_Day,User_talk:24.212.179.143,-1
User_talk:24.212.179.143,Julian_Assange,4
Julian_Assange,Rafe_Judkins,3
Rafe_Judkins,User:Survivorfan1995/sandbox,-1
User:Survivorfan1995/sandbox,User_talk:Gloss,-1
User_talk:Gloss,User:Survivorfan1995/sandbox,-1
User:Survivorfan1995/sandbox,Russell_Hantz,2
Russell_Hantz,Survivor:_Samoa,2
Survivor:_Samoa,Russell_Hantz,1
Russell_Hantz,Survivor:_Heroes_vs._Villains,2
Survivor:_Heroes_vs._Villains,Sandra_Diaz-Twine,1
Octopussy_(character),Wikipedia:Articles_for_deletion/Octopussy_(character),-1
Wikipedia:Articles_for_deletion/Octopussy_(character),Wikipedia:Articles_for_deletion/Log/2014_February_20,-1
Wikipedia:Articles_for_deletion/Log/2014_February_20,Wikipedia:Articles_for_deletion/Octopussy_(character),-1
Wikipedia:Articles_for_deletion/Octopussy_(character),User_talk:SchroCat,-1
User_talk:SchroCat,User_talk:Betty_Logan,-1
User_talk:Betty_Logan,Survivor:_Redemption_Island,3
Survivor:_Redemption_Island,MediaWiki_talk:Spam-whitelist,4
MediaWiki_talk:Spam-whitelist,User_talk:174.254.177.122,-1
User_talk:174.254.177.122,Russell_Hantz,1
Russell_Hantz,User_talk:174.254.177.122,-1
User_talk:174.254.177.122,Russell_Hantz,1
Russell_Hantz,Wikipedia:Administrator_intervention_against_vandalism,4
Wikipedia:Administrator_intervention_against_vandalism,Russell_Hantz,4
Russell_Hantz,Wikipedia:Administrator_intervention_against_vandalism,4
Wikipedia:Administrator_intervention_against_vandalism,Russell_Hantz,4
Russell_Hantz,Wikipedia:Administrator_intervention_against_vandalism,4
Wikipedia:Administrator_intervention_against_vandalism,User_talk:174.254.177.122,-1
User_talk:174.254.177.122,Wikipedia_talk:Articles_for_deletion/Russell_Hantz_(5th_nomination),-1
Wikipedia_talk:Articles_for_deletion/Russell_Hantz_(5th_nomination),Russell_Hantz,-1
Russell_Hantz,User_talk:Gloss,-1
User_talk:Gloss,Wikipedia:Articles_for_deletion/Russell_Hantz_(5th_nomination),-1
Wikipedia:Articles_for_deletion/Russell_Hantz_(5th_nomination),User_talk:160.7.52.114,-1
User_talk:160.7.52.114,User_talk:Binksternet,-1
User_talk:Binksternet,Camille_Montes,4
Camille_Montes,Quantum_of_Solace,1
Quantum_of_Solace,Wikipedia_talk:Articles_for_deletion/Russell_Hantz_(5th_nomination),-1
Wikipedia_talk:Articles_for_deletion/Russell_Hantz_(5th_nomination),Strawberry_Fields,-1
Strawberry_Fields,Wikipedia:Articles_for_deletion/Russell_Hantz_(5th_nomination),-1
Wikipedia:Articles_for_deletion/Russell_Hantz_(5th_nomination),User_talk:Dobbyelf62,-1
User_talk:Dobbyelf62,User_talk:Frietjes,-1
User_talk:Frietjes,Shane_Powers,4
Shane_Powers,Wikipedia:Articles_for_deletion/Russell_Hantz_(5th_nomination),-1
Wikipedia:Articles_for_deletion/Russell_Hantz_(5th_nomination),Earl_Cole,2
Earl_Cole,Wikipedia:Requests_for_page_protection,4
Wikipedia:Requests_for_page_protection,User_talk:Gogo_Dodo,-1
User_talk:Gogo_Dodo,Susan_Hawk,4
Susan_Hawk,User_talk:Gogo_Dodo,-1
User_talk:Gogo_Dodo,Sandra_Diaz-Twine,4
Sandra_Diaz-Twine,User_talk:BF_Fischer,-1
User_talk:BF_Fischer,Richard_Hatch_(Survivor_contestant),5
Richard_Hatch_(Survivor_contestant),Francesca_Hogi,2
Francesca_Hogi,Survivor:_Cagayan,2
Survivor:_Cagayan,Survivor:_Borneo,2
Survivor:_Borneo,CSI:_Crime_Scene_Investigation_(season_14),3
CSI:_Crime_Scene_Investigation_(season_14),CSI:_Crime_Scene_Investigation,2
CSI:_Crime_Scene_Investigation,CSI:_Crime_Scene_Investigation_(season_14),1
CSI:_Crime_Scene_Investigation_(season_14),Cristina_Fernández_de_Kirchner,4
Survivor:_China,Courtney_Yates,2
Casino_Royale_(2006_film),Russell_hantz,4
Russell_hantz,Parvati_Shallow,1
Parvati_Shallow,Tyson_Apostol,2
Tyson_Apostol,Rob_Mariano,1
Colby_Donaldson,List_of_Survivor_(U.S._TV_series)_contestants,2
List_of_Survivor_(U.S._TV_series)_contestants,Russell_Hantz,1
Russell_Hantz,List_of_Survivor_(U.S._TV_series)_tribes,1
List_of_Survivor_(U.S._TV_series)_tribes,Russell_Hantz,1
Russell_Hantz,Ami_Cusack,2
Survivor:_Vanuatu,List_of_Survivor_(U.S._TV_series)_tribes,2
List_of_Survivor_(U.S._TV_series)_tribes,List_of_Survivor_(U.S._TV_series)_contestants,1
List_of_Survivor_(U.S._TV_series)_contestants,Template:Survivor_(U.S._TV_series)_contestants,2
Template:Survivor_(U.S._TV_series)_contestants,Survivor:_Micronesia,-1
Survivor:_Micronesia,Survivor:_South_Pacific,2
Survivor:_South_Pacific,Survivor:_Cagayan,2
Survivor:_Cagayan,Talk:Survivor_(U.S._TV_series),-1
Talk:Survivor_(U.S._TV_series),Template:Survivor_(U.S._TV_series)_contestants,3
Template:Survivor_(U.S._TV_series)_contestants,Talk:Survivor_(U.S._TV_series),-1
Talk:Survivor_(U.S._TV_series),User_talk:Gloss,-1
User_talk:Gloss,John_Cochran_(Survivor_contestant),4
John_Cochran_(Survivor_contestant),John_Cochran_(writer),1
John_Cochran_(writer),Talk:John_Cochran_(Survivor_contestant),-1
Talk:John_Cochran_(Survivor_contestant),Talk:John_Cochran_(writer),-1
Talk:John_Cochran_(writer),John_Cochran_(Survivor_contestant),-1
John_Cochran_(Survivor_contestant),Template:Survivor_(U.S._TV_series)_contestants,2
Template:Survivor_(U.S._TV_series)_contestants,User_talk:Gloss,-1
User_talk:Gloss,Russell_Hantz,4
Russell_Hantz,Kim_Spradlin,2
Kim_Spradlin,Phillip_Sheppard,1
Phillip_Sheppard,Whitney_Duncan,2
Richard_Hatch_(Survivor_contestant),Benjamin_Wade_(Survivor_contestant),2
Benjamin_Wade_(Survivor_contestant),Rupert_Boneham,2
Daniel_T._Barry,User_talk:Gloss,-1
User_talk:Gloss,Tom_Westman,4
Tom_Westman,Wikipedia:Articles_for_deletion/Tom_Westman,-1
Wikipedia:Articles_for_deletion/Tom_Westman,Wikipedia:Articles_for_deletion/Log/2014_February_25,-1
Wikipedia:Articles_for_deletion/Log/2014_February_25,User_talk:Gloss,-1
User_talk:Gloss,User_talk:24.72.210.195,-1
User_talk:24.72.210.195,Tyson_Apostol,5
Tyson_Apostol,"El_Paso,_Texas",3
Colby_Donaldson,CSI:_Crime_Scene_Investigation_(season_14),4
CSI:_Crime_Scene_Investigation_(season_14),Jenna_Morasca,3
Jenna_Morasca,"Cliff_Robinson_(basketball,_born_1966)",1
"Cliff_Robinson_(basketball,_born_1966)",Ken_Hoang,2
Ken_Hoang,Survivor:_Heroes_vs._Villains,1
Survivor:_Heroes_vs._Villains,Albanian_mafia,4
Albanian_mafia,User_talk:74.108.109.188,-1
User_talk:74.108.109.188,List_of_Saraiki_tribes,-1
List_of_Saraiki_tribes,User_talk:182.188.235.174,-1
User_talk:182.188.235.174,Spies,-1
Spies,User_talk:99.120.1.35,-1
User_talk:99.120.1.35,Mark_Burnett,4
Richard_Hatch_(Survivor_contestant),Survivor:_Cagayan,2
Survivor:_Cagayan,CSI:_Crime_Scene_Investigation_(season_14),3
CSI:_Crime_Scene_Investigation_(season_14),Lone_gunman_theory,3
Burmese_python,Dude_Chilling_Park,5
Dude_Chilling_Park,User_talk:Hell_in_a_Bucket,-1
User_talk:Hell_in_a_Bucket,Lone_gunman_theory,-1
Burmese_python,User_talk:IsaacLeija,-1
User_talk:IsaacLeija,Wikipedia:Administrator_intervention_against_vandalism,5
Wikipedia:Administrator_intervention_against_vandalism,Talk:Survivor_(U.S._TV_series),-1
Talk:Survivor_(U.S._TV_series),Burmese_python,3
Burmese_python,Talk:Survivor_(U.S._TV_series),-1
Talk:Survivor_(U.S._TV_series),List_of_CSI:_Crime_Scene_Investigation_episodes,3
Gene_Simmons,Talk:Survivor:_Cagayan,-1
Talk:Survivor:_Cagayan,Talk:Survivor_(U.S._TV_series),-1
Talk:Survivor_(U.S._TV_series),Survivor:_Cagayan,2
Survivor:_Cagayan,Rabies_in_popular_culture,4
Rabies_in_popular_culture,List_of_CSI:_Crime_Scene_Investigation_episodes,3
CSI:_Crime_Scene_Investigation,User_talk:MXARECKHE,-1
User_talk:MXARECKHE,User_talk:Survivorfan1995,-1
User_talk:Survivorfan1995,Wikipedia:Administrator_intervention_against_vandalism,4
Wikipedia:Administrator_intervention_against_vandalism,User_talk:174.50.83.203,-1
User_talk:174.50.83.203,"El_Paso,_Texas",4
"El_Paso,_Texas",User_talk:130.95.16.17,-1
User_talk:130.95.16.17,Talk:Survivor:_Cagayan,-1
Talk:Survivor:_Cagayan,Survivor:_Cagayan,-1
Survivor:_Cagayan,User_talk:108.210.252.52,-1
User_talk:108.210.252.52,Talk:Survivor:_Cagayan,-1
Talk:Survivor:_Cagayan,Parkour,-1
Parkour,Talk:Survivor:_Cagayan,-1
Talk:Survivor:_Cagayan,Parkour,-1
Parkour,User_talk:JamesBWatson,-1
User_talk:JamesBWatson,Resurrection_(U.S._TV_series),4
Resurrection_(U.S._TV_series),Criminal_Minds,2
List_of_CSI:_Crime_Scene_Investigation_episodes,List_of_Survivor_(U.S._TV_series)_contestants,4
List_of_Survivor_(U.S._TV_series)_contestants,Top_Guns,3
Top_Guns,"San_Angelo,_Texas",3
Politics_of_Texas,Rabies_in_popular_culture,4
Rabies_in_popular_culture,Criminal_Minds_(season_9),2
Criminal_Minds_(season_9),List_of_Criminal_Minds_episodes,2
List_of_Criminal_Minds_episodes,User_talk:79.147.188.198,-1
User_talk:79.147.188.198,User_talk:207.224.97.68,-1
User_talk:207.224.97.68,Desert,4
Desert,Skyfall_(song),3
Skyfall_(song),"El_Paso,_Texas",3
"El_Paso,_Texas",Survivor:_Cagayan,3
Survivor:_Cagayan,Skyfall_(song),3
Skyfall_(song),Survivor:_Pearl_Islands,4
Survivor:_Pearl_Islands,Survivor_10:_Pearl_Islands,1
Survivor_10:_Pearl_Islands,User_talk:71.46.105.210,-1
User_talk:71.46.105.210,Survivor:_Cagayan,5
Survivor:_Cagayan,Criminal_Minds,2
Criminal_Minds,Google_Street_View_in_the_United_States,4
Google_Street_View_in_the_United_States,Google_Street_View,1
Google_Street_View,User_talk:Fv1209,-1
User_talk:Fv1209,Google_Street_View,4
"El_Paso,_Texas",User_talk:129.108.96.153,-1
User_talk:129.108.96.153,Talk:Google_Street_View,-1
Talk:Google_Street_View,Google_Street_View,1
Google_Street_View,User_talk:72.229.144.202,-1
User_talk:72.229.144.202,Survivor:_Cagayan,5
Survivor:_Cagayan,Talk:Survivor:_Cagayan,-1
Talk:Survivor:_Cagayan,User_talk:68.107.154.138,-1
User_talk:68.107.154.138,Survivor:_Cagayan,5
Survivor:_Cagayan,Talk:Survivor_(U.S._TV_series),-1
Talk:Survivor_(U.S._TV_series),Spooks:_The_Greater_Good,4
Spooks:_The_Greater_Good,List_of_James_Bond_film_locations,3
List_of_James_Bond_film_locations,Survivor:_Cagayan,3
Survivor:_Cagayan,Chase_Rice,2
Chase_Rice,User_talk:Psychonaut,-1
User_talk:Psychonaut,CSI:_Crime_Scene_Investigation_(season_14),4
CSI:_Crime_Scene_Investigation_(season_14),Robert_Davi,1
Robert_Davi,Malaysia_Airlines_Flight_370,3
Malaysia_Airlines_Flight_370,User_talk:Rwelten,-1
User_talk:Rwelten,User_talk:203.177.166.122,-1
User_talk:203.177.166.122,User_talk:Rwelten,-1
User_talk:Rwelten,Ciudad_Juárez,4
Ciudad_Juárez,User_talk:Fv1209,-1
User_talk:Fv1209,Survivor:_Cagayan,4
Survivor:_Cagayan,List_of_Criminal_Minds_episodes,3
CSI:_Crime_Scene_Investigation,User_talk:Survivorfan1995,-1
Theo_James,Bayi_Rockets,4
Laker_Girls,Dulwich_College_Beijing,5
Dulwich_College_Beijing,Dexter_(TV_series),4
Theo_James,Dulwich_College_Beijing,4
Dulwich_College_Beijing,Matthew_McConaughey,3
Portal:Contents/Culture_and_the_arts,Portal:Contents/Geography_and_places,-1
Portal:Contents/Geography_and_places,Portal:Contents/Health_and_fitness,-1
Portal:Contents/Health_and_fitness,Portal:Contents/Mathematics_and_logic,-1
Portal:Contents/Mathematics_and_logic,Portal:Contents/Natural_and_physical_sciences,-1
Portal:Contents/Natural_and_physical_sciences,Portal:Contents/Philosophy_and_thinking,-1
Portal:Contents/Philosophy_and_thinking,Portal:Contents/Religion_and_belief_systems,-1
Portal:Contents/Religion_and_belief_systems,Portal:Contents/Society_and_social_sciences,-1
Human_tooth,TotalBiscuit,4
TotalBiscuit,Sasuke_Uchiha,4
"Mansfield,_Texas",Beats_Electronics,3
Zulu_people,User:Bendafish,-1
Bible_study_(Christian),User_talk:BATMANKKO2,-1
User_talk:BATMANKKO2,Abraham_Lincoln_in_the_Black_Hawk_War,-1
Abraham_Lincoln_in_the_Black_Hawk_War,Egg,3
Bluestone_42,The_Independent,1
Protagonist,The_World's_Billionaires,3
James,Kristof,5
Ellie,Elly,2
Mumford_&_Sons,CARE_(relief_agency),3
CARE_(relief_agency),Oklahoma,3
User_talk:Makkadkda,User:Excirial,-1
User:Excirial,User_talk:Excirial,-1
User_talk:Excirial,User_talk:Callumf45,-1
User_talk:Callumf45,Hanford_Site,-1
Hanford_Site,United_States_Federal_Sentencing_Guidelines,3
United_States_Federal_Sentencing_Guidelines,Carbuncle,3
Carbuncle,User_talk:Excirial,-1
User_talk:Excirial,Snapper_Rocks,5
Chocolate_brownie,User:Excirial,-1
User_talk:Makkadkda,American_Horror_Story:_Coven,5
American_Horror_Story:_Coven,The_Walt_Disney_Company,3
Erin_Brady,Rebeka_Kárpáti,1
Rebeka_Kárpáti,Ashley_Wagner,4
Hack_and_slash,Polina_Edmunds,5
Polina_Edmunds,User_talk:Afdafdadsafdfs,-1
User_talk:Afdafdadsafdfs,Thong_(clothing),1
Christian_Benteke,Raúl_(footballer),2
Raúl_(footballer),"Alan_Smith_(footballer,_born_1980)",3
"Alan_Smith_(footballer,_born_1980)",User:GamermanBEASTMODE/sandbox,-1
Snowplow,Red_rosin_paper,3
Red_rosin_paper,User_talk:Lucywebkinz,-1
Battlefield_(series),Dogecoin,4
Dogecoin,Gender-neutral_language,3
Gender-neutral_language,User_talk:Discospinster,-1
User_talk:Discospinster,Gender_equality,-1
Gender_equality,Wikipedia:Counter-Vandalism_Unit,-1
Wikipedia:Counter-Vandalism_Unit,Wikipedia:Counter-Vandalism_Unit/Academy,-1
List_of_Swansea_City_A.F.C._players,The_Chronicles_of_Narnia,4
2017_in_film,2014_in_video_gaming,3
2014_in_video_gaming,Halo_(series),2
Salutation,2016_in_film,4
2016_in_film,2014_in_video_gaming,3
2014_in_video_gaming,The_Elder_Scrolls_Online,1
The_Elder_Scrolls_Online,User_talk:Katieh5584,-1
User_talk:Katieh5584,2014_in_video_gaming,4
Ferdinand,James_Arthur_(singer),3
James_Arthur_(singer),Claudius,3
Claudius,Common_nightingale,2
Common_nightingale,Goblin,3
User_talk:Myselfmeiimemyself,Thomas_&_Friends,4
Food_Fair,Rename_(computing),4
Rename_(computing),Odes_(Horace),4
Yelawolf,Busta_Rhymes,2
Tech_N9ne,User_talk:Mooman135,-1
User_talk:Mooman135,The_Rapper,1
Lisa_Ann,User:Noyster,-1
Aaron_Hotchner,User_talk:Nathanohart,-1
Valentina_Tereshkova,Joshua_Rush,4
Hollywood_Walk_of_Fame,Malaysia_Airlines_Flight_370,3
Malaysia_Airlines_Flight_370,"2000_Asian_Athletics_Championships_–_Women's_10,000_metres_walk",-1
The_Breadwinner_(novel),Jenna_Marbles,4
2014_Crimean_crisis,Republic_of_Crimea,1
Republic_of_Crimea,"Crimean_status_referendum,_2014",2
"Crimean_status_referendum,_2014",Republic_of_Crimea,2
Republic_of_Crimea,User_talk:Excirial,-1
User_talk:Excirial,Republic_of_Crimea,4
Republic_of_Crimea,User_talk:67yaysfu87sfaa,-1
Happy_(Pharrell_Williams_song),User:CCK_22/sandbox,-1
User:CCK_22/sandbox,"Huntington_County,_Indiana",-1
"Huntington_County,_Indiana",User_talk:Fraggle81,-1
User_talk:Fraggle81,"Huntington,_Indiana",5
"Huntington,_Indiana",The_Mark_of_Athena,4
The_Mark_of_Athena,Frank_Zhang,2
Frank_Zhang,User_talk:Fraggle81,-1
Michelle_(German_singer),User_talk:Philip_Trueman,-1
User_talk:Philip_Trueman,User_talk:Elassint/Archive2,-1
User_talk:Elassint/Archive2,User_talk:DVdm,-1
List_of_rivers_of_Alaska,User_talk:Binksternet,-1
User_talk:Binksternet,State_University_of_New_York_at_Brockport,4
Manifest_destiny,Texas_annexation,1
Passenger_pigeon,User_talk:Scottyboyfifa,-1
