Benny_Boom,Ryan_Potter,4
Red_Wedge,User:Dogfish19,-1
Red_Wedge,User_talk:Dogfish19,-1
Rock_Band,Golden-crowned_sifaka,4
User:PuffCJMurder123,User_talk:PuffCJMurder123,-1
User:PuffCJMurder123,User_talk:PuffCJMurder123,-1
User:PuffCJMurder123,User_talk:PuffCJMurder123,-1
ASAP_Rocky,The_Weeknd,2
James_Coppinger,Marcello_Trotta,1
Marcello_Trotta,A.F.C._Bournemouth,2
Barnsley_F.C.,Harry_Forrester_(footballer),3
Harry_Forrester_(footballer),Clayton_Donaldson,2
Jake_Vargas,Must_Be..._Love,4
Must_Be..._Love,Princess_and_I,2
Princess_and_I,Basahang_Ginto,2
Basahang_Ginto,Growing_Up_(2011_Philippine_TV_series),3
Growing_Up_(2011_Philippine_TV_series),Pepito_Manaloto,3
Pepito_Manaloto,Princess_and_I,3
Princess_and_I,Alice_Bungisngis_and_her_Wonder_Walis,2
Alice_Bungisngis_and_her_Wonder_Walis,Luv_U,3
Luv_U,Luna_Blanca,3
Luna_Blanca,Princess_and_I,2
Princess_and_I,Just_One_Summer,3
Just_One_Summer,Tween_Hearts,2
Tween_Hearts,Makapiling_Kang_Muli,2
Makapiling_Kang_Muli,Yesterday's_Bride,2
Yesterday's_Bride,"Navotas_local_elections,_2013",4
"Navotas_local_elections,_2013",Futbolilits,4
Futbolilits,Tween_Hearts,3
Tween_Hearts,Shark_Night,4
Shark_Night,"Navotas_local_elections,_2010",4
"Navotas_local_elections,_2010",Muling_Buksan_Ang_Puso,4
Muling_Buksan_Ang_Puso,Got_to_Believe,1
Got_to_Believe,"Navotas_local_elections,_2010",3
"Navotas_local_elections,_2010",Tween_Hearts,4
Tween_Hearts,"Navotas_local_elections,_2013",4
"Navotas_local_elections,_2013",Endless_Love_(Philippine_TV_series),4
Endless_Love_(Philippine_TV_series),My_Beloved,2
My_Beloved,Nita_Negrita,2
Nita_Negrita,Anna_Karenina_(2013_TV_series),2
Anna_Karenina_(2013_TV_series),Got_to_Believe,2
Got_to_Believe,Faithfully_(TV_series),3
Faithfully_(TV_series),Captain_Barbell_(2011_TV_series),2
Captain_Barbell_(2011_TV_series),Teen_Gen,3
Teen_Gen,The_Avengers_(2012_film),3
The_Avengers_(2012_film),MariMar_(Philippines_TV_series),3
User:WorlclTraveller101,User_talk:WorlclTraveller101,-1
User_talk:WorlclTraveller101,Wikipedia:Administrators'_noticeboard/Incidents,-1
Spades,User:Kevin2341/sandbox,-1
Spades,User:Kevin2341,-1
Pseudo-documentary,Alfred_Beckley,4
Alfred_Beckley,Erin_Burnett,4
1806_in_art,Portrait_of_Monsieur_Bertin,2
Portrait_of_Monsieur_Bertin,Timeline_of_Jane_Austen,3
Timeline_of_Jane_Austen,Napoleon_I_on_his_Imperial_Throne,2
User:Mayanklahoti,User:Ishdarian,-1
User:Mayanklahoti,Wikipedia:Requests_for_page_protection,-1
User:Mayanklahoti,User:FreeRangeFrog,-1
User:FreeRangeFrog,User:DGG,-1
British_Guild_of_Travel_Writers,Irish_grid_reference_system,-1
Irish_grid_reference_system,User:Steele_m.a./sandbox,-1
User:Steele_m.a./sandbox,User_talk:Steele_m.a.,-1
User_talk:Steele_m.a.,User:Steele_m.a./sandbox,-1
User:Steele_m.a./sandbox,Mandy_Haberman,-1
The_Great_Gatsby_(2013_film),Samsung,3
Education_and_Humanism,Talk:Chicken,-1
Talk:Chicken,Confectionery,3
Confectionery,Talk:Lady_Gaga,-1
Charles_W._Blackwell,Jonathan_Hampton,5
Jonathan_Hampton,1899_Tennessee_Volunteers_football_team,5
1899_Tennessee_Volunteers_football_team,South_Shields,4
Mushroom_poisoning,User:Tedsnotface,-1
Fox_Sports_1,Fox_Soccer,1
Fox_Soccer,User:Tetronix/sandbox,-1
Skeleton_Creek_(novel),Dentist,4
ABBA,User_talk:Ballasdon,-1
User_talk:Ballasdon,Risk_(game),-1
Waimea_College,User_talk:Nutter121212,-1
User_talk:Nutter121212,User:Nutter121212/sandbox,-1
Wikipedia_talk:Username_policy,Wikipedia:Notifications/FAQ,-1
Wikipedia:Notifications/FAQ,Talk:Wolfgang_Amadeus_Mozart,-1
Lake_Claiborne,"Claiborne_Parish,_Louisiana",2
"Claiborne_Parish,_Louisiana",User_talk:MusikAnimal/old_talkpage,-1
User_talk:MusikAnimal/old_talkpage,DeGray_Lake,5
David_Dewhurst,User_talk:Coasterlover1994,-1
William_P._Halliday,List_of_Middle-earth_animals,4
Invertebrate,User_talk:Tentinator,-1
Invertebrate,User_talk:Tentinator,-1
Invertebrate,User_talk:Tentinator,-1
Invertebrate,User_talk:Tentinator,-1
Invertebrate,User_talk:Tentinator,-1
Invertebrate,User_talk:Tentinator,-1
User:Commputer/sandbox,User_talk:Jimbo_Wales,-1
List_of_capitals_of_France,Mexico_national_under-23_football_team,3
Pappy_&_Harriet's,User:Swagginout,-1
User:Swagginout,Stanley_Cup,-1
Stanley_Cup,Wikipedia:Sandbox,4
Wikipedia:Sandbox,Gray's_Almshouses,-1
Gray's_Almshouses,Prime_Minister_of_Italy,3
Prime_Minister_of_Italy,User_talk:Swagginout,-1
User_talk:Swagginout,Chrysler,-1
Chrysler,User_talk:Swagginout,-1
User_talk:Swagginout,George_II_of_Great_Britain,-1
George_II_of_Great_Britain,User_talk:Swagginout,-1
User_talk:Swagginout,User_talk:Thomas.W,-1
User_talk:Thomas.W,Wikipedia:Sandbox,5
Aviatour_Air,User_talk:Kzpf4s,-1
Anglo-Zulu_War,A_Serbian_Film,3
A_Serbian_Film,Brenna,5
Brenna,User_talk:Cmc1868,-1
User:IAmBoredToDeath,"Distance_Education_Centre,_Victoria",-1
"Distance_Education_Centre,_Victoria",Template:Languages_of_Guinea-Bissau,4
Template:Languages_of_Guinea-Bissau,Starved_Rock_Lock_and_Dam,-1
User:IAmBoredToDeath,Pinky_Dinky_Doo,-1
Pinky_Dinky_Doo,E_theorem_prover,5
E_theorem_prover,Marlin_fishing,5
Tallia_Storm,Sir_Billi,4
Sir_Billi,File:SirBilli_Poster.jpg,-1
File:SirBilli_Poster.jpg,Sir_Billi,-1
Rahul_Singh_(actor),User:Wilrox,-1
User:Wilrox,Hey,-1
Hack,User:Wilrox/sandbox,-1
User:Wilrox/sandbox,User:Wilrox,-1
User:Wilrox,Edit_(application),-1
"Ngoma,_Zambia",Shade-grown_coffee,4
Shade-grown_coffee,Sustainable_agriculture,1
Weight_loss,Why_Am_I_Treated_So_Bad!,5
Itaú_Unibanco,Club_Atlético_River_Plate,2
Miftaahul_Uloom_Academy,User_talk:Tentinator,-1
Jar_Jar_Binks,Hotel_Transylvania,3
Punics,User_talk:Mitch1134,-1
Timothy_McVeigh,Talk:British_National_Party/FAQ,-1
Talk:British_National_Party/FAQ,Talk:British_National_Party,-1
Talk:British_National_Party,"Social_Democratic_Party_(UK,_1990–present)",2
"Social_Democratic_Party_(UK,_1990–present)","Social_Democratic_Party_(UK,_1990)",1
"Social_Democratic_Party_(UK,_1990)","Talk:Social_Democratic_Party_(UK,_1990–present)",-1
"Talk:Social_Democratic_Party_(UK,_1990–present)","Talk:Social_Democratic_Party_(UK,_1990)",-1
"Talk:Social_Democratic_Party_(UK,_1990)","Social_Democratic_Party_(UK,_1990–present)",3
"Social_Democratic_Party_(UK,_1990–present)","Social_Democratic_Party_(UK,_1990-present)",1
"Social_Democratic_Party_(UK,_1990-present)","Talk:Social_Democratic_Party_(UK,_1990–present)",-1
"Talk:Social_Democratic_Party_(UK,_1990–present)","Talk:Social_Democratic_Party_(UK,_1990-present)",-1
"Talk:Social_Democratic_Party_(UK,_1990-present)",English_Democrats,3
National_Front_(UK),User_talk:Netsurfer123,-1
User_talk:Netsurfer123,Talk:National_Front_(UK),-1
Talk:National_Front_(UK),V_for_Vendetta_(film),3
November_9th_Society,British_People's_Party_(2005),2
British_People's_Party_(2005),Talk:British_People's_Party_(2005),-1
Talk:British_People's_Party_(2005),Cuba,-1
National_Front_(UK),User_talk:Netsurfer123,-1
User_talk:Netsurfer123,National_Front_(UK),-1
National_Front_(UK),Talk:British_People's_Party_(2005),-1
Talk:British_People's_Party_(2005),User:One_Night_In_Hackney,-1
User:One_Night_In_Hackney,User_talk:Netsurfer123,-1
User_talk:Netsurfer123,Fantasy_prone_personality,-1
Fantasy_prone_personality,User:Netsurfer123,-1
User:Netsurfer123,White_Wolves,-1
Animal_Rights_Militia,User_talk:Netsurfer123,-1
User_talk:Netsurfer123,Robert_Mugabe,-1
Robert_Mugabe,Fantasy_prone_personality,3
Fantasy_prone_personality,Neo-feudalism,3
Neofeudalism,Talk:Neo-feudalism,-1
Talk:Neo-feudalism,Talk:Neofeudalism,-1
Talk:Neofeudalism,British_People's_Party_(2005),4
British_People's_Party_(2005),Communist_Workers'_Party_of_Germany,2
Communist_Workers'_Party_of_Germany,British_People's_Party_(2005),4
British_People's_Party_(2005),Communist_Party_of_Great_Britain_(Marxist–Leninist),3
Communist_Party_of_Great_Britain_(Marxist–Leninist),United_Socialist_Party_of_Venezuela,2
Belaya_Rus,British_People's_Party_(2005),4
British_People's_Party_(2005),November_9th_Society,2
British_Union_of_Fascists,British_Fascism,2
British_Fascism,National_Bolshevism,3
National_Bolshevism,British_Fascism,2
British_Fascism,Libertarian_Party_(UK),3
Respect_Party,British_People's_Party_(2005),2
British_People's_Party_(2005),English_Defence_League,2
English_Defence_League,Socialist_Workers_Party_(UK),2
Continuity_Irish_Republican_Army,User_talk:Netsurfer123,-1
User_talk:Netsurfer123,User_talk:Vrenator,-1
User_talk:Vrenator,User:Netsurfer123,-1
User:Netsurfer123,"Social_Democratic_Party_(UK,_1990–present)",-1
"Social_Democratic_Party_(UK,_1990–present)",User:Netsurfer123,-1
User:Netsurfer123,"Social_Democratic_Party_(UK,_1990–present)",-1
"Social_Democratic_Party_(UK,_1990–present)",User:Netsurfer123,-1
User:Netsurfer123,Saint-Simonianism,-1
Participatory_politics,User_talk:Ziiike,-1
User_talk:Ziiike,Communist_Party_of_Great_Britain_(Marxist–Leninist),-1
Communist_Party_of_Great_Britain_(Marxist–Leninist),National_Bolshevism,2
Adolf_Hitler,Casuals_United,3
Casuals_United,The_Cabin_in_the_Woods,4
The_Cabin_in_the_Woods,British_People's_Party_(2005),4
British_People's_Party_(2005),Communist_Party_of_Great_Britain_(Provisional_Central_Committee),3
British_National_Party,British_People's_Party_(2005),1
British_People's_Party_(2005),Red_Army_Faction,3
"Social_Democratic_Party_(UK,_1988)","Social_Democratic_Party_(UK,_1990–present)",2
"Social_Democratic_Party_(UK,_1990–present)","Social_Democratic_Party_(UK,_1990_–_present)",1
"Social_Democratic_Party_(UK,_1990_–_present)","Talk:Social_Democratic_Party_(UK,_1990–present)",-1
"Talk:Social_Democratic_Party_(UK,_1990–present)","Talk:Social_Democratic_Party_(UK,_1990_–_present)",-1
"Talk:Social_Democratic_Party_(UK,_1990_–_present)",Social_Democratic_Party_(UK),2
"Social_Democratic_Party_(UK,_1988)","Social_Democratic_Party_(UK,_1990-present)",2
"Social_Democratic_Party_(UK,_1990-present)","Social_Democratic_Party_(UK,_1990–present)",1
"Social_Democratic_Party_(UK,_1990–present)",Social_Democratic_Party_(UK),1
Social_Democratic_Party_(UK),"Social_Democratic_Party_(UK,_1990-present)",2
"Social_Democratic_Party_(UK,_1990-present)","Social_Democratic_Party_(UK,_1988)",2
"Social_Democratic_Party_(UK,_1988)","Social_Democratic_Party_(UK,_1990–present)",2
"Social_Democratic_Party_(UK,_1990–present)",Social_Democratic_Party_(UK),1
Social_Democratic_Party_(UK),User_talk:Estlandia,-1
User_talk:Estlandia,Social_Democratic_Party_(UK),3
Social_Democratic_Party_(UK),User_talk:Estlandia,-1
User_talk:Estlandia,"Social_Democratic_Party_(UK,_1990–present)",3
"Social_Democratic_Party_(UK,_1990–present)",Socialist_Labour_Party_(UK),2
International_Communist_Current,Internationalist_Communist_Tendency,2
Internationalist_Communist_Tendency,International_Communist_Current,2
International_Communist_Current,Trade_Unionist_and_Socialist_Coalition,3
Trade_Unionist_and_Socialist_Coalition,Communist_Party_of_Great_Britain,2
Communist_Party_of_Britain,User_talk:Extua,-1
User_talk:Extua,I_Think_We're_Alone_Now,4
Communist_Party_of_Britain,Talk:Communist_Party_of_Britain,-1
Talk:Communist_Party_of_Britain,User:Netsurfer123,-1
User:Netsurfer123,Talk:Communist_Party_of_Britain,-1
Talk:Communist_Party_of_Britain,Communist_Party_of_Britain,2
Communist_Party_of_Britain,Talk:Communist_Party_of_Britain,-1
Talk:Communist_Party_of_Britain,User:Netsurfer123,-1
User:Netsurfer123,New_Left,-1
Libertarian_Party_(UK),Communist_Party_of_Great_Britain_(Marxist–Leninist),3
Communist_Party_of_Great_Britain_(Marxist–Leninist),Talk:Communist_Party_of_Great_Britain_(Marxist–Leninist),-1
Talk:Communist_Party_of_Great_Britain_(Marxist–Leninist),User:Netsurfer123,-1
User:Netsurfer123,Stalin_Society,-1
Stalin_Society,User:Netsurfer123,-1
User:Netsurfer123,User_talk:Netsurfer123,-1
User_talk:Netsurfer123,User:Netsurfer123,-1
User:Netsurfer123,Talk:Communist_Party_of_Great_Britain_(Marxist–Leninist),-1
Talk:Communist_Party_of_Great_Britain_(Marxist–Leninist),South_African_Communist_Party,4
South_African_Communist_Party,Talk:Communist_Party_of_Britain,-1
Talk:Communist_Party_of_Britain,User:Netsurfer123,-1
User:Netsurfer123,Talk:Communist_Party_of_Great_Britain_(Marxist–Leninist),-1
Talk:Communist_Party_of_Great_Britain_(Marxist–Leninist),User:Netsurfer123,-1
User:Netsurfer123,Blanquism,-1
Blanquism,User:Netsurfer123,-1
User:Netsurfer123,Talk:Communist_Party_of_Great_Britain_(Marxist–Leninist),-1
Talk:Communist_Party_of_Great_Britain_(Marxist–Leninist),Communist_Party_of_Britain,3
Respect_Party,Communist_Party_of_Great_Britain_(Marxist–Leninist),3
Communist_Party_of_Great_Britain_(Marxist–Leninist),Socialist_Campaign_Group,2
Ricky_Tomlinson,Lazy_argument,4
Fat_feminism,User_talk:Netsurfer123,-1
User_talk:Netsurfer123,User_talk:Alf.laylah.wa.laylah,-1
User_talk:Alf.laylah.wa.laylah,Fat_acceptance_movement,5
UK_Independence_Party,User_talk:Bondegezou,-1
User_talk:Bondegezou,User_talk:Alf.laylah.wa.laylah,-1
User_talk:Alf.laylah.wa.laylah,UK_Independence_Party,4
UK_Independence_Party,User_talk:Bondegezou,-1
User_talk:Bondegezou,UK_Independence_Party,3
UK_Independence_Party,User_talk:Bondegezou,-1
User_talk:Bondegezou,UK_Independence_Party,3
National_Association_to_Advance_Fat_Acceptance,User_talk:Netsurfer123,-1
User_talk:Netsurfer123,Trade_Unionist_and_Socialist_Coalition,-1
Trade_Unionist_and_Socialist_Coalition,Socialist_Party_(England_and_Wales),1
Respect_Party,British_Democratic_Party_(2013),2
British_Democratic_Party_(2013),British_Freedom_Party,1
British_Freedom_Party,User_talk:Richard_BB,-1
User_talk:Richard_BB,Diamond_Jubilee_of_Elizabeth_II,3
Diamond_Jubilee_of_Elizabeth_II,Elizabeth_II,1
Monarchy_of_the_United_Kingdom,User_talk:Pratyya_Ghosh,-1
User_talk:Pratyya_Ghosh,User_talk:Netsurfer123,-1
User_talk:Netsurfer123,User:Netsurfer123,-1
User:Netsurfer123,British_Royal_Family,-1
British_Royal_Family,Talk:British_Royal_Family,-1
Talk:British_Royal_Family,British_Royal_Family,1
British_Royal_Family,Talk:British_Royal_Family,-1
Talk:British_Royal_Family,British_Royal_Family,1
British_Royal_Family,User:Netsurfer123,-1
User:Netsurfer123,British_Royal_Family,-1
Feminism,User:Netsurfer123,-1
User:Netsurfer123,Feminism,-1
Respect_Party,User_talk:Pratyya_Ghosh,-1
User_talk:Pratyya_Ghosh,User:Netsurfer123,-1
User:Netsurfer123,User_talk:Netsurfer123,-1
User_talk:Netsurfer123,User:Netsurfer123,-1
User:Netsurfer123,User_talk:Netsurfer123,-1
User_talk:Graham1001,List_of_people_with_autism_spectrum_disorders,5
List_of_people_with_autism_spectrum_disorders,The_Boy_in_the_Striped_Pyjamas,4
User_talk:Graham1001,Banca_d'Italia,3
Banca_d'Italia,St_Gregory_the_Great_Catholic_School,5
St_Gregory_the_Great_Catholic_School,User_talk:Jonathan_A_Jones,-1
User_talk:Jonathan_A_Jones,Bangladesh_Bank,-1
Gash,Ben_King_(cyclist),5
Ben_King_(cyclist),Didcot,4
Didcot,User:John_Cline,-1
User:John_Cline,User_talk:Taroaldo,-1
Jim,Nikita_(given_name),3
Nikita_(given_name),List_of_Mr._Men,4
Lily_Spence,Northwest_Missouri−Pittsburg_State_football_rivalry,6
Northwest_Missouri−Pittsburg_State_football_rivalry,User_talk:Koavf/Archive041,-1
Flag_of_the_United_States,Black_Jesus_(film),4
Black_Jesus_(film),Mountain,4
Under_the_Dome_(TV_series),List_of_Dragon_Ball_Z_episodes,4
Otis_Redding,Serpent_Throne,4
Serpent_Throne,Theremin,3
Maitland_Mackie,Robert_Gordon's_College,2
List_of_capitals_of_France,List_of_sovereign_states,3
East_India_Company,User_talk:Abe1McLovin,-1
User_talk:Abe1McLovin,Lincoln_Tomb,-1
1996_Monaco_Grand_Prix,User_talk:Qlirimtar1,-1
User_talk:Qlirimtar1,Ian_Welsh,1
Bad_Teacher,Spring_Breakers,3
Spring_Breakers,User:HunterMCD,-1
User:HunterMCD,Danielle_Campbell,-1
Danielle_Campbell,Howard_Stern,3
Cuando_quiero_llorar_no_lloro_(TV_series),Wikipedia:Articles_for_deletion/Cuando_quiero_llorar_no_lloro_(TV_series),-1
Cuando_quiero_llorar_no_lloro_(TV_series),Más_sabe_el_diablo,2
Más_sabe_el_diablo,¿Por_qué_diablos?,1
Cuando_quiero_llorar_no_lloro_(TV_series),George_Harrison,3
Cuando_quiero_llorar_no_lloro_(TV_series),Quicksilver_(comics),3
Joe_Chill,Wikipedia_talk:WikiProject_Comics,-1
Wikipedia_talk:WikiProject_Comics,Victorinos,4
Cuando_quiero_llorar_no_lloro_(TV_series),George_Harrison,3
Lord_Farquaad,User_talk:Evanh2008,-1
User_talk:Evanh2008,Wikipedia_talk:Manual_of_Style/Trivia_sections,-1
Wikipedia_talk:Manual_of_Style/Trivia_sections,User_talk:ChenteChaculdifornio,-1
Euergetism,Surface,4
Mower_blade,Marine_pollution,3
Alexander_Plunket,Carnhell_Green,4
Carnhell_Green,User_talk:Harry_Pitts,-1
User_talk:Harry_Pitts,Dibutyl_sebacate,1
Dibutyl_sebacate,User_talk:Harry_Pitts,-1
User_talk:Harry_Pitts,East_Denbighshire_(UK_Parliament_constituency),5
"Winston-Salem,_North_Carolina",Uncaria_gambir,3
Battle_of_the_Bulge,Mitch_Gaspard,4
Mitch_Gaspard,Dignius,5
Dignius,Wikipedia:Sandbox,5
Wikipedia:Sandbox,Battle_of_the_Bulge,-1
User_talk:Ronz,User_talk:Microphonics,-1
User_talk:Microphonics,User_talk:Eyesnore,-1
User_talk:Eyesnore,User_talk:W._Calleen,-1
Diary_of_a_Wimpy_Kid_(film_series),Diary_of_a_Wimpy_Kid_(film),1
Diary_of_a_Wimpy_Kid_(film),Battle_of_Mill_Springs,4
Shark_in_the_Water,One_Time_(song),3
One_Time_(song),Somebody_That_I_Used_to_Know,2
Somebody_That_I_Used_to_Know,Sesame_Street,3
Faina_Kirschenbaum,Yisrael_Beiteinu,1
Yisrael_Beiteinu,Moshe_Matalon,3
Moshe_Matalon,Menachem_Froman,3
Barack_Obama,User_talk:Acroterion,-1
User_talk:Acroterion,Jerusalem_bulldozer_attack_2008,4
Jerusalem_bulldozer_attack_2008,Angelina_Fares,4
Angelina_Fares,User_talk:Acroterion,-1
User_talk:Acroterion,Barack_Obama,3
User:Travis13000,List_of_Monsters_vs._Aliens_episodes,-1
List_of_Monsters_vs._Aliens_episodes,List_of_A_Pup_Named_Scooby-Doo_episodes,3
List_of_A_Pup_Named_Scooby-Doo_episodes,List_of_Kung_Fu_Panda:_Legends_of_Awesomeness_episodes,3
List_of_Kung_Fu_Panda:_Legends_of_Awesomeness_episodes,List_of_Monsters_vs._Aliens_episodes,2
List_of_Monsters_vs._Aliens_episodes,Wikia,3
10th_millennium,List_of_Monsters_vs._Aliens_episodes,3
List_of_Monsters_vs._Aliens_episodes,Toy_Story_(franchise),3
Toy_Story_(franchise),List_of_Monsters_vs._Aliens_episodes,2
List_of_Monsters_vs._Aliens_episodes,List_of_Sanjay_and_Craig_episodes,3
List_of_Sanjay_and_Craig_episodes,Super_Pac-Man,4
Super_Pac-Man,List_of_Monsters_vs._Aliens_episodes,3
List_of_Monsters_vs._Aliens_episodes,User:Widefox,-1
Flop_(basketball),2013_NBA_Finals,2
2013_NBA_Finals,2013–14_NBA_season,2
MP4_player,Stork_Fountain,4
Stork_Fountain,Grupo_Éxito,4
Grupo_Éxito,Garry's_Mod,4
Garry's_Mod,User_talk:LSexyl,-1
Bree_Olson,User_talk:Tentinator,-1
User_talk:Tentinator,"Fort_Wayne,_Indiana",-1
File:BoatArrivals.gif,Wikipedia:Administrators'_noticeboard/Incidents,-1
Wikipedia:Administrators'_noticeboard/Incidents,User:Yahoo!Serious,-1
User:Consucker3000,Printer_(computing),-1
Son_Heung-min,Serge_Gnabry,3
Serge_Gnabry,Adebayo_Akinfenwa,3
Son_Heung-min,Ronaldinho,2
Portsmouth_F.C.,Shabir_Khan,3
Shabir_Khan,Cheryl_Cole,3
Robin_van_Persie,Justin_Bieber,2
Justin_Bieber,Ronaldinho,3
MI5,The_Yogscast,3
The_Yogscast,MI5,3
Johnny_Wilson_(boxer),The_Dictator_(2012_film),3
Allan_Kroeker,SpaceGhostPurrp,4
Olivier_Giroud,Santi_Cazorla,2
Johan_Djourou,Carl_Jenkinson,2
User:CycloneTyphoonHurricane,2013_Pacific_typhoon_season,3
2013_Pacific_typhoon_season,2012_Pacific_typhoon_season,2
2012_Pacific_typhoon_season,2013_Pacific_typhoon_season,2
2013_Pacific_typhoon_season,User_talk:CycloneTyphoonHurricane,-1
User_talk:CycloneTyphoonHurricane,Typhoon_Parma,1
Typhoon_Parma,2013_Pacific_typhoon_season,2
2013_Pacific_typhoon_season,User_talk:CycloneTyphoonHurricane,-1
"Wappingers_Falls,_New_York",Brickleberry,3
Kurtley_Beale,Larry_Murphy_(criminal),5
Larry_Murphy_(criminal),Quade_Cooper,4
User_talk:Quintucket,Dirty_War,2
Dirty_War,Montenegrin_Argentine,3
Montenegrin_Argentine,Mountain_Dew,4
Human_Development_Index,User_talk:Haylee_Meldrum,-1
User_talk:Haylee_Meldrum,Large_denominations_of_United_States_currency,4
Large_denominations_of_United_States_currency,User_talk:Haylee_Meldrum,-1
User_talk:Haylee_Meldrum,Argentine_people,3
Argentine_people,User_talk:Haylee_Meldrum,-1
Center_Parcs_Woburn_Forest,Comet,3
UK_State_Pension,User:Declan1171,-1
User:Declan1171,Ruby,-1
Ruby,User_talk:Declan1171,-1
Basshunter,Big_Time_Rush,3
Big_Time_Rush,Cornerback,3
2013–14_NCAA_Division_I_men's_basketball_season,2013_FIFA_Confederations_Cup_Group_B,4
2013_FIFA_Confederations_Cup_Group_B,UEFA_Euro_2012,2
UEFA_Euro_2012,2013_NCAA_Division_I_FBS_football_season,3
2013_NCAA_Division_I_FBS_football_season,List_of_2010_FIFA_World_Cup_controversies,4
List_of_2010_FIFA_World_Cup_controversies,2013_FIFA_Confederations_Cup_Group_B,2
2013_FIFA_Confederations_Cup_Group_B,2011_NCAA_Men's_Division_I_Basketball_Tournament,4
2011_NCAA_Men's_Division_I_Basketball_Tournament,2012_Nebraska_Cornhuskers_football_team,2
2012_Nebraska_Cornhuskers_football_team,2010_Nebraska_Cornhuskers_football_team,2
2010_Nebraska_Cornhuskers_football_team,Johnny_Manziel,2
Johnny_Manziel,2012_Nebraska_Cornhuskers_football_team,3
2012_Nebraska_Cornhuskers_football_team,Luke_Hancock,3
Luke_Hancock,Atlantic_Coast_Conference,2
Atlantic_Coast_Conference,2013_Nebraska_Cornhuskers_football_team,3
2013_Nebraska_Cornhuskers_football_team,Justin_Bieber,4
Justin_Bieber,User_talk:Eyesnore,-1
User_talk:Eyesnore,Justin_Bieber,-1
Justin_Bieber,User_talk:Sphincter_boy,-1
Johnny_English,Tasha_de_Vasconcelos,1
Tasha_de_Vasconcelos,Salma_Hayek,3
Minnesota,User_talk:I_dream_of_horses,-1
User_talk:I_dream_of_horses,Minnesota,4
"Keokuk,_Iowa",User_talk:A.amitkumar,-1
User_talk:A.amitkumar,"Keokuk,_Iowa",-1
Medusa,User_talk:Pancakefart,-1
User_talk:Pancakefart,User:Pancakefart,-1
Medusa,User_talk:Racerx11,-1
Rolf_Harris,User_talk:TParis,-1
Fifth_wheel_(disambiguation),User_talk:Bölvaðfiff,-1
Wikipedia:Sandbox,Ode_to_Joy,-1
Ode_to_Joy,Talk_That_Talk_(Rihanna_song),4
Talk_That_Talk_(Rihanna_song),Ghetto,3
Ghetto,Bangs_(hip_hop_artist),4
Wikipedia:Template_messages/User_talk_namespace,User_talk:Bongwarrior,-1
User_talk:Bongwarrior,User_talk:Favonian,-1
User_talk:Favonian,User_talk:MuZemike,-1
User_talk:Favonian,User_talk:Bongwarrior,-1
User_talk:Bongwarrior,User_talk:10metreh,-1
User_talk:10metreh,User_talk:MuZebot,-1
User_talk:MuZebot,User_talk:Bongwarrior,-1
User_talk:Bongwarrior,Wikipedia:Administrators'_noticeboard/Incidents,6
Wikipedia:Administrators'_noticeboard/Incidents,User_talk:10metreh,-1
User_talk:10metreh,User:10metreh,-1
User:10metreh,User_talk:Graphium,-1
Nohohon_Zoku,Greg_Foster_(The_Young_and_the_Restless),4
Greg_Foster_(The_Young_and_the_Restless),Avan_Jogia,4
Avan_Jogia,Ross_Lynch,4
Kidz_Bop,Clydeview_Academy,5
Clydeview_Academy,Inverclyde_Academy,4
Kidz_Bop,Clydeview_Academy,5
Clydeview_Academy,Inverclyde_Academy,4
United_States_military_casualties_of_war,User_talk:Lucia_Black,-1
User_talk:Lucia_Black,User_talk:Stillnessdaze,-1
User_talk:Stillnessdaze,User_talk:Try2teach,-1
User_talk:Try2teach,User_talk:Mosmof,-1
User_talk:Mosmof,User_talk:PantherLeapord,-1
User_talk:PantherLeapord,User_talk:SW3_5DL,-1
Portal:Current_events/2013_May_19,2013–14_United_Counties_Football_League,5
2013–14_United_Counties_Football_League,2013–14_Premier_League,3
2013–14_Premier_League,History_of_Liverpool_F.C.,2
History_of_Liverpool_F.C.,User_talk:TheScouseAssassin,-1
User_talk:Solo_Toady,User_talk:Christopholes,-1
User_talk:Christopholes,User_talk:WikiCopter,-1
User_talk:WikiCopter,User_talk:TLSuda,-1
User_talk:TLSuda,User_talk:Kevjonesin,-1
User_talk:Kevjonesin,User_talk:Jbarta,-1
User_talk:Jbarta,User_talk:DePiep,-1
User_talk:DePiep,User_talk:In_ictu_oculi,-1
User_talk:In_ictu_oculi,User_talk:Fyunck(click),-1
User_talk:Fyunck(click),User_talk:JustAGal,-1
User_talk:JustAGal,User_talk:Charles_Matthews,-1
User_talk:Charles_Matthews,User_talk:WhisperToMe,-1
User_talk:WhisperToMe,User_talk:Dr._Blofeld,-1
User_talk:Dr._Blofeld,User_talk:Ser_Amantio_di_Nicolao,-1
User_talk:Ser_Amantio_di_Nicolao,User_talk:Giano,-1
User_talk:Giano,User_talk:Eric_Corbett,-1
User_talk:Eric_Corbett,User_talk:GrahamHardy,-1
User_talk:GrahamHardy,User_talk:P64,-1
User_talk:P64,User_talk:Lemuellio,-1
User_talk:Lemuellio,User_talk:Jpcase,-1
User_talk:Jpcase,User_talk:Paine_Ellsworth,-1
User_talk:Paine_Ellsworth,User_talk:Jayadevp13,-1
User_talk:Jayadevp13,User_talk:KumiokoCleanStart,-1
Burhanuddin_al-Helmy,KL,5
KL,싸이,3
싸이,Ri_Sol-ju,2
Ri_Sol-ju,Nitrous,4
Nitrous,User:How_to_lose_weight,-1
User:How_to_lose_weight,How_to_lose_weight,-1
How_to_lose_weight,User_talk:How_to_lose_weight,-1
User:JOSEPH_JAKEEM_LOZADA,Saúl_Álvarez,-1
Indian_Agri_Trade_Junction,Galápagos_Islands,4
Ariel,User_talk:Princess_Sing,-1
Paranormal_Activity_3,Nikki_Hahn,4
Paranormal_Activity_3,Paranormal_Activity_2,2
Paranormal_Activity_3,Nikki_Hahn,4
Nikki_Hahn,List_of_iCarly_characters,2
Archaeopteryx,User_talk:BiasEXPOSED,-1
User_talk:BiasEXPOSED,User_talk:Technopat/Archive_4,-1
Archaeopteryx,Wikipedia:Fringe_theories/Noticeboard,-1
Wikipedia:Fringe_theories/Noticeboard,Conservapedia,3
Conservapedia,User_talk:BiasEXPOSED,-1
User_talk:BiasEXPOSED,Wikipedia:Administrators'_noticeboard/Incidents,4
Wikipedia:Administrators'_noticeboard/Incidents,User_talk:BiasEXPOSED,-1
Fashionably_Late_(Falling_in_Reverse_album),User:Sam_Rixon,-1
User:Sam_Rixon,User_talk:Tentinator,-1
User_talk:Tentinator,The_Wonder_Years_(band),-1
The_Wonder_Years_(band),User_talk:Tentinator,-1
User_talk:Tentinator,User_talk:Amaury,-1
Fashionably_Late_(Falling_in_Reverse_album),User_talk:Mz7,-1
User_talk:Mz7,The_Wonder_Years_(band),5
The_Wonder_Years_(band),Pop_punk,1
Pop_punk,User_talk:Hahahahah96,-1
User:TransmogrificationTotalitarian,Burgess_Hill_Town_F.C.,5
Burgess_Hill_Town_F.C.,User_talk:TransmogrificationTotalitarian,-1
User_talk:TransmogrificationTotalitarian,Michael_Hunt,-1
Michael_Hunt,Toe_punt,4
Toe_punt,"San_Miguelito,_Río_San_Juan",5
"San_Miguelito,_Río_San_Juan",User_talk:JAF1970,-1
User_talk:JAF1970,User_talk:TransmogrificationTotalitarian,-1
User_talk:TransmogrificationTotalitarian,User_talk:Peter_James,-1
User_talk:Peter_James,Simply_Raw:_Reversing_Diabetes_in_30_Days,4
Simply_Raw:_Reversing_Diabetes_in_30_Days,Allurupadu,5
Allurupadu,Samaritan_Albany_General_Hospital,5
Samaritan_Albany_General_Hospital,Lincoln_Temple_United_Church_of_Christ,5
Lincoln_Temple_United_Church_of_Christ,The_Bridge_of_Light,5
The_Bridge_of_Light,French_ship_Francis_Garnier_(L9031),5
French_ship_Francis_Garnier_(L9031),Clube_Ferroviário_de_Maputo,4
Clube_Ferroviário_de_Maputo,Drawień,5
Drawień,Myitsone_Dam,4
Myitsone_Dam,Swashbuckle_(band),4
Swashbuckle_(band),Strangers_in_the_City,5
Strangers_in_the_City,Thompson_Middle_School_(New_Jersey),5
Thompson_Middle_School_(New_Jersey),User_talk:Widr,-1
User_talk:Widr,User_talk:TransmogrificationTotalitarian,-1
User_talk:TransmogrificationTotalitarian,The_Motto,-1
The_Motto,User_talk:TransmogrificationTotalitarian,-1
Germanic_Wars,Deaths_in_2013,3
Germanic_Wars,User:Soup_business,-1
User:Soup_business,Deaths_in_2013,-1
Deaths_in_2013,Ludwig_Zausinger,-1
Ludwig_Zausinger,Mirja_Hietamies,5
Mirja_Hietamies,Deaths_in_2013,4
Deaths_in_2013,Joachim_Fuchsberger,-1
Germanic_Wars,User_talk:Soup_business,-1
User_talk:Soup_business,Deaths_in_2013,4
Deaths_in_2013,File:Hymer_logo.png,-1
File:Hymer_logo.png,Hymer,-1
Hymer,Erwin_Hymer,1
Erwin_Hymer,Robert_Byrne_(chess_player),5
Robert_Byrne_(chess_player),Deaths_in_2013,3
Deaths_in_2013,Abdelhamid_Kermali,-1
Germanic_Wars,Efi_Arazi,4
Efi_Arazi,Deaths_in_2013,4
Deaths_in_2013,User:Deb,-1
User:Deb,User_talk:Soup_business,-1
Germanic_Wars,Deaths_in_2013,3
Deaths_in_2013,Jim_Tucker_(journalist),-1
Jim_Tucker_(journalist),Deaths_in_2013,3
Deaths_in_2013,Jim_Tucker_(journalist),-1
Jim_Tucker_(journalist),Deaths_in_2013,3
Deaths_in_2013,Gerd_Schmückle,-1
Gerd_Schmückle,Deaths_in_2013,3
Deaths_in_2013,Gerd_Schmückle,-1
Gerd_Schmückle,Deaths_in_2013,3
Deaths_in_2013,Yves_Bertrand,-1
Yves_Bertrand,Houthis,3
Houthis,Syrian_Civil_War,2
Syrian_Civil_War,Eddi_Arent,4
Eddi_Arent,Deaths_in_2013,4
Deaths_in_2013,Eddi_Arent,-1
Eddi_Arent,Deaths_in_2013,4
Deaths_in_2013,Eddi_Arent,-1
Eddi_Arent,Willi_Sitte,4
Willi_Sitte,Deaths_in_2013,4
Deaths_in_2013,Franz_Kelch,-1
Franz_Kelch,Robert_Woge,5
Robert_Woge,Andreas_Kilingaridis,6
Andreas_Kilingaridis,Deaths_in_2013,4
Deaths_in_2013,Grundfos,-1
Grundfos,Syrian_Civil_War,3
Syrian_Civil_War,Battle_of_the_Teutoburg_Forest,3
Battle_of_the_Teutoburg_Forest,User:Soup_business,-1
User:Soup_business,Deaths_in_2013,-1
Deaths_in_2013,Evaristo_Márquez,-1
Evaristo_Márquez,Portal:Current_events/2013_June_16,6
Portal:Current_events/2013_June_16,Deaths_in_2013,3
Deaths_in_2013,Alfons_Schilling,-1
Alfons_Schilling,Deaths_in_2013,4
Deaths_in_2013,User:Soup_business,-1
User:Soup_business,Franz_Xaver_Eder,-1
Franz_Xaver_Eder,Manfred_Stolpe,3
Heike_Drechsler,Renate_Adolph,-1
Renate_Adolph,Helmut_Baierl,4
André_Brie,Siegfried_Brietzke,4
Siegfried_Brietzke,Georg_Buschner,3
Lutz_Dombrowski,Heinrich_Fink,4
Heinrich_Fink,Fritz_Rudolf_Fries,4
Fritz_Rudolf_Fries,Eduard_Geyer,3
Eduard_Geyer,Horst_Giese,4
Horst_Giese,Gerald_Götting,3
Paul_Gratzik,Walter_Grundmann,4
Walter_Grundmann,Gerhard_Gundermann,3
Torsten_Gütschow,User_talk:Soup_business,-1
Spain_national_football_team,User_talk:GamingTheTime,-1
Talk:Sexual_attraction,News_broadcasting,3
Bus,Junges_Gemüse,4
Junges_Gemüse,List_of_sovereign_states,3
Adrian_Mutu,FC_Dinamo_București,1
FC_Dinamo_București,FC_Steaua_București,1
FC_Steaua_București,Paris_Saint-Germain_F.C.,2
Madhyapara_massacre,Dawley,5
List_of_The_Waltons_characters,Legare,-1
Flashback_(narrative),Walrus,3
Mandrill,User_talk:United_States_Man,-1
Wilshire/Western_(Los_Angeles_Metro_station),Wilshire/La_Brea_(Los_Angeles_Metro_station),1
Wilshire/La_Brea_(Los_Angeles_Metro_station),"United_States_presidential_election,_2012",3
"United_States_presidential_election,_2012",Wilshire/Normandie_(Los_Angeles_Metro_station),4
Wilshire/Normandie_(Los_Angeles_Metro_station),Vermont/Beverly_(Los_Angeles_Metro_station),2
Vermont/Beverly_(Los_Angeles_Metro_station),Vermont/Sunset_(Los_Angeles_Metro_station),2
Vermont/Sunset_(Los_Angeles_Metro_station),Ginevra_de'_Benci,4
Ginevra_de'_Benci,User_talk:Yintan,-1
User_talk:Yintan,"Puyallup,_Washington",-1
List_of_Jersey_Shore_episodes,Bad_Girls_Club_(season_7),3
Winston_Reid,Homeland_(TV_series),3
Homeland_(TV_series),Batman_Begins,3
2011_Waltham_triple_murder,I_Love_You,6
I_Love_You,User_talk:ClueBot_Commons,-1
User_talk:ClueBot_Commons,User_talk:BarrelProof,-1
Yoann_Gourcuff,Cheick_Tioté,3
Cheick_Tioté,June_25,4
Swedish_House_Mafia,Thiago_Alcântara,4
Thiago_Alcântara,Swedish_House_Mafia,3
Seven_(Korean_singer),Big_Bang_(South_Korean_band),1
Big_Bang_(South_Korean_band),User:Smileguy91,-1
User:Smileguy91,User:AdisatTayyib,-1
User:AdisatTayyib,Danielle_Bradbery,-1
Danielle_Bradbery,Big_Bang_(South_Korean_band),3
David_Filo,Mobicip,4
Mobicip,User_talk:Alonso9825,-1
Rabat_American_School,Toad,4
South_Morang_railway_line,Sunbury_railway_line,2
Sunbury_railway_line,Connex_Melbourne,2
Laurence_Gardner,Talk:John_Cena,-1
Talk:John_Cena,Wikipedia:WikiProject_Professional_wrestling/Members_list,-1
Wikipedia:WikiProject_Professional_wrestling/Members_list,List_of_That_'70s_Show_episodes,5
List_of_That_'70s_Show_episodes,Extreme_Rules_(2009),4
Extreme_Rules_(2009),Talk:John_Cena,-1
Jim_Duggan,Talk:CM_Punk,-1
Talk:CM_Punk,User:Senkris,-1
User:Senkris,Talk:CM_Punk,-1
Talk:CM_Punk,Talk:The_Legacy_(professional_wrestling),-1
Talk:The_Legacy_(professional_wrestling),Talk:The_Sims_3,5
Talk:The_Sims_3,Life_with_Bonnie,-1
Life_with_Bonnie,List_of_Sonny_with_a_Chance_episodes,3
List_of_Sonny_with_a_Chance_episodes,Talk:The_Sims_3,5
Jim_Duggan,The_Legacy_(professional_wrestling),2
The_Legacy_(professional_wrestling),Talk:The_Legacy_(professional_wrestling),-1
Talk:The_Legacy_(professional_wrestling),Talk:List_of_WWE_personnel,-1
Talk:List_of_WWE_personnel,Talk:The_Legacy_(professional_wrestling),-1
Talk:The_Legacy_(professional_wrestling),The_Legacy_(professional_wrestling),2
The_Legacy_(professional_wrestling),Talk:Shawn_Michaels,-1
Talk:Shawn_Michaels,CM_Punk,2
CM_Punk,Talk:John_Cena,-1
Talk:John_Cena,Jillian_Hall,2
Layla_El,Talk:Santino_Marella,-1
Talk:Santino_Marella,User_talk:98.220.43.195,-1
User_talk:98.220.43.195,User_talk:Senkris,-1
User_talk:Senkris,Alberto_Del_Rio,2
Alberto_Del_Rio,Talk:List_of_WWE_personnel,-1
Talk:List_of_WWE_personnel,William_Regal,2
William_Regal,Talk:John_Cena,-1
Talk:John_Cena,Talk:Umaga_(wrestler),-1
Talk:Umaga_(wrestler),Talk:List_of_WWE_personnel,-1
Talk:List_of_WWE_personnel,User:Senkris,-1
User:Senkris,Talk:List_of_WWE_personnel,-1
Talk:List_of_WWE_personnel,WWE,2
WWE,Wikipedia_talk:WikiProject_Professional_wrestling,-1
Wikipedia_talk:WikiProject_Professional_wrestling,List_of_current_champions_in_WWE,3
List_of_current_champions_in_WWE,Wikipedia_talk:WikiProject_Professional_wrestling,-1
Wikipedia_talk:WikiProject_Professional_wrestling,CM_Punk,2
Jim_Duggan,User:Senkris/On_With_The_Show_Productions,-1
User:Senkris/On_With_The_Show_Productions,Wikipedia_talk:WikiProject_Professional_wrestling,-1
Wikipedia_talk:WikiProject_Professional_wrestling,User:Senkris/On_With_The_Show_Productions,-1
User:Senkris/On_With_The_Show_Productions,User_talk:Woody,-1
User_talk:Woody,CM_Punk,4
CM_Punk,User_talk:Woody,-1
User_talk:Woody,Wikipedia_talk:WikiProject_Professional_wrestling,-1
Wikipedia_talk:WikiProject_Professional_wrestling,User_talk:Woody,-1
User_talk:Woody,John_Cena,4
John_Cena,Wikipedia_talk:WikiProject_Professional_wrestling,-1
Wikipedia_talk:WikiProject_Professional_wrestling,User:Senkris/Unassigned_employees,-1
User:Senkris/Unassigned_employees,Alberto_Del_Rio,-1
Alberto_Del_Rio,User:Senkris/Unassigned_employees,-1
User:Senkris/Unassigned_employees,Wikipedia_talk:WikiProject_Professional_wrestling,-1
Wikipedia_talk:WikiProject_Professional_wrestling,List_of_WWE_personnel,3
List_of_WWE_personnel,Talk:List_of_WWE_personnel,-1
Talk:List_of_WWE_personnel,List_of_WWE_personnel,3
List_of_WWE_personnel,Nick_Dinsmore,2
Nick_Dinsmore,List_of_WWE_personnel,2
List_of_WWE_personnel,User:Senkris/On_With_The_Show_Productions,-1
User:Senkris/On_With_The_Show_Productions,Talk:List_of_WWE_personnel,-1
Talk:List_of_WWE_personnel,List_of_WWE_personnel,3
List_of_WWE_personnel,Spice_Girls,2
Spice_Girls,User_talk:Senkris,-1
User_talk:Senkris,User:Senkris,-1
User:Senkris,Talk:List_of_WWE_personnel,-1
Jim_Duggan,WWE_SmackDown_vs._Raw_2010,2
WWE_SmackDown_vs._Raw_2010,List_of_WWE_personnel,2
List_of_WWE_personnel,Talk:List_of_WWE_personnel,-1
Talk:List_of_WWE_personnel,D-Generation_X,2
D-Generation_X,List_of_WWE_personnel,2
List_of_WWE_personnel,Talk:John_Cena,-1
Talk:John_Cena,Alberto_Del_Rio,2
Alberto_Del_Rio,Talk:List_of_WWE_personnel,-1
Talk:List_of_WWE_personnel,John_Cena,2
John_Cena,User_talk:86.40.252.34,-1
User_talk:86.40.252.34,List_of_WWE_personnel,-1
List_of_WWE_personnel,Talk:List_of_WWE_personnel,-1
Talk:List_of_WWE_personnel,Dave_Finlay,2
Dave_Finlay,Wikipedia_talk:WikiProject_Professional_wrestling,-1
Wikipedia_talk:WikiProject_Professional_wrestling,Talk:List_of_WWE_personnel,-1
Talk:List_of_WWE_personnel,List_of_WWE_personnel,3
List_of_WWE_personnel,Talk:List_of_WWE_personnel,-1
Talk:List_of_WWE_personnel,User_talk:190.59.3.110,-1
User_talk:190.59.3.110,Wikipedia_talk:WikiProject_Professional_wrestling,-1
Wikipedia_talk:WikiProject_Professional_wrestling,Talk:List_of_WWE_personnel,-1
Talk:List_of_WWE_personnel,User:Senkris,-1
User:Senkris,Talk:List_of_WWE_personnel,-1
Talk:List_of_WWE_personnel,Talk:WWE_SmackDown,-1
Talk:WWE_SmackDown,User_talk:Wwehurricane1,-1
User_talk:Wwehurricane1,Talk:List_of_WWE_personnel,-1
Talk:List_of_WWE_personnel,Wikipedia_talk:WikiProject_Professional_wrestling,-1
Wikipedia_talk:WikiProject_Professional_wrestling,Shawn_Michaels,2
D-Generation_X,User_talk:TJ_Spyke,-1
Jim_Duggan,User_talk:TJ_Spyke,-1
User_talk:TJ_Spyke,Talk:Shawn_Michaels,-1
Talk:Shawn_Michaels,List_of_WWE_personnel,2
List_of_WWE_personnel,Talk:Shawn_Michaels,-1
Talk:Shawn_Michaels,Shawn_Michaels,2
Shawn_Michaels,Talk:Shawn_Michaels,-1
Talk:Shawn_Michaels,Carly_Colón,2
Carly_Colón,Talk:Shawn_Michaels,-1
Talk:Shawn_Michaels,Wikipedia_talk:WikiProject_Professional_wrestling,-1
Wikipedia_talk:WikiProject_Professional_wrestling,Trent_Barreta,3
Trent_Barreta,Wikipedia_talk:WikiProject_Professional_wrestling,-1
Wikipedia_talk:WikiProject_Professional_wrestling,Shawn_Michaels,2
Shawn_Michaels,User_talk:TJ_Spyke,-1
User_talk:TJ_Spyke,Wikipedia_talk:WikiProject_Professional_wrestling,-1
Wikipedia_talk:WikiProject_Professional_wrestling,Talk:Shawn_Michaels,-1
Talk:Shawn_Michaels,Talk:List_of_WWE_personnel,-1
Talk:List_of_WWE_personnel,User_talk:Wrestlinglover,-1
User_talk:Wrestlinglover,Umaga_(wrestler),3
Umaga_(wrestler),Wikipedia_talk:WikiProject_Professional_wrestling,-1
Wikipedia_talk:WikiProject_Professional_wrestling,Hulk_Hogan,2
Hulk_Hogan,Wikipedia_talk:WikiProject_Professional_wrestling,-1
Wikipedia_talk:WikiProject_Professional_wrestling,List_of_WWE_personnel,3
List_of_WWE_personnel,Wikipedia_talk:WikiProject_Professional_wrestling,-1
Wikipedia_talk:WikiProject_Professional_wrestling,List_of_WWE_personnel,3
List_of_WWE_personnel,Vickie_Guerrero,2
Vickie_Guerrero,Wikipedia_talk:WikiProject_Professional_wrestling,-1
Wikipedia_talk:WikiProject_Professional_wrestling,Talk:Pop_(professional_wrestling),-1
Talk:Pop_(professional_wrestling),Alex_Shane,4
Shawn_Michaels,User_talk:Wrestlinglover,-1
User_talk:Wrestlinglover,Wikipedia_talk:WikiProject_Professional_wrestling,-1
Wikipedia_talk:WikiProject_Professional_wrestling,D-Generation_X,2
D-Generation_X,Talk:Shawn_Michaels,-1
Talk:Shawn_Michaels,John_Cena,2
Rated-RKO,Wikipedia_talk:WikiProject_Professional_wrestling,-1
Wikipedia_talk:WikiProject_Professional_wrestling,User_talk:Wrestlinglover,-1
User_talk:Wrestlinglover,Wikipedia_talk:WikiProject_Professional_wrestling,-1
Wikipedia_talk:WikiProject_Professional_wrestling,Shawn_Michaels,2
Shawn_Michaels,Wikipedia_talk:WikiProject_Professional_wrestling,-1
Wikipedia_talk:WikiProject_Professional_wrestling,Hornswoggle,2
Bret_Hart,List_of_WWE_personnel,2
List_of_WWE_personnel,Ricky_Steamboat,2
Ricky_Steamboat,Talk:Jeff_Hardy,-1
Talk:Jeff_Hardy,Jeff_Hardy,-1
Ethnic_groups_in_Europe,User:Chrislk02,-1
Profanity,User_talk:Elpoopechabra,-1
User_talk:Elpoopechabra,The_Flintstones,-1
AFC_Wimbledon,User_talk:Fraggle81,-1
Economist,User_talk:PWCola,-1
Luigi_Cecchini,When_Eight_Bells_Toll_(film),4
When_Eight_Bells_Toll_(film),New_Country_Star,-1
New_Country_Star,Crataegus_flabellata,5
Crataegus_flabellata,(42570)_1996_YA2,-1
(42570)_1996_YA2,Mauve,4
Mauve,Crepidium_quadrilobum,4
DJ_Mehdi,Wikipedia:STiki,-1
Head_louse,Wikipedia:STiki,-1
Aberdeen,Stonehaven_F.C.,2
Stonehaven_F.C.,CBBC,4
Giampaolo_Pazzini,User_talk:Capitalismojo,-1
User_talk:Capitalismojo,Tooth_eruption,4
User:Cernikred,French_wine,-1
French_wine,Combinivalvula,5
Combinivalvula,V-boat,4
Timeless_(Carriger_novel),The_Revolt_of_Job,5
The_Revolt_of_Job,Angling,4
Angling,Gone_Home,4
Gone_Home,Vice_President_of_Egypt,4
Vice_President_of_Egypt,Albania,3
Albania,Minecraft,3
Jobcentre_Plus,User_talk:Widr,-1
Sexual_assault,User_talk:Faizan,-1
English:_An_Autumn_in_London,Sport_in_Belgium,3
Yamaha_XJ750_Maxim,Badger,4
Badger,Inachoididae,4
Inachoididae,Garstad,6
User_talk:Seneraku,We_will_bury_you,3
User_talk:Seneraku,PlayStation_(console),4
PlayStation_(console),Pine_Valley_(All_My_Children),4
Pine_Valley_(All_My_Children),Veera_Ballala_I,4
User_talk:Seneraku,Günter_Blobel,1
User_talk:Seneraku,Help_talk:Reverting,-1
Help_talk:Reverting,Black,-1
Fountains_Abbey,Tilty_Abbey,3
Tilty_Abbey,Eynsham_Abbey,3
Eynsham_Abbey,Rewley_Abbey,3
Rewley_Abbey,Bedford_Abbey,3
Bedford_Abbey,Lavendon_Abbey,3
Lavendon_Abbey,Alcester_Abbey,3
Halesowen_Abbey,Burton_Abbey,3
Burton_Abbey,Radmore_Abbey,1
Radmore_Abbey,Haughmond_Abbey,3
Haughmond_Abbey,Lilleshall_Abbey,1
Lilleshall_Abbey,Barlings_Abbey,3
Barlings_Abbey,Hagnaby_Abbey,1
Hagnaby_Abbey,Humberston_Abbey,1
Humberston_Abbey,Kirkstead_Abbey,1
Kirkstead_Abbey,Louth_Park_Abbey,1
Louth_Park_Abbey,Newbo_Abbey,2
Newbo_Abbey,Newsham_Abbey,1
Newsham_Abbey,Thornton_Abbey,2
Creake_Abbey,"St._Benet's_Abbey,_Ludham",3
"St._Benet's_Abbey,_Ludham",Wendling_Abbey,3
Wendling_Abbey,Leiston_Abbey,4
Leiston_Abbey,St_Osyth's_Priory,3
St_Osyth's_Priory,Wigmore_Abbey,3
Hailes_Abbey,User_talk:Abbot_gordon,-1
User_talk:Abbot_gordon,Bardney_Abbey,-1
Hailes_Abbey,User_talk:Abbot_gordon,-1
User_talk:Abbot_gordon,User_talk:Rushton2010,-1
User_talk:Rushton2010,User_talk:Abbot_gordon,-1
User_talk:Abbot_gordon,User_talk:Rushton2010,-1
User_talk:Rushton2010,User_talk:Abbot_gordon,-1
User_talk:Abbot_gordon,User_talk:Robert_McClenon,-1
User_talk:Robert_McClenon,User_talk:Rushton2010,-1
User_talk:Rushton2010,User_talk:Robert_McClenon,-1
User_talk:Robert_McClenon,Bardney_Abbey,4
Bardney_Abbey,User_talk:Abbot_gordon,-1
Louis_C.K.,Louie_(TV_series),1
Louie_(TV_series),User_talk:Acetotyce,-1
User_talk:Acetotyce,4th_Marine_Logistics_Group,5
Kretinga_Jurgis_Pabrėža_gymnasium,Joel_Madden,4
Charles_Kingsford_Smith,User_talk:Hazzaman11,-1
User:Teamumizoomi,Nickelodeon,-1
Nickelodeon,Monsters_University,3
Monsters_University,Bubble_Guppies,2
Bubble_Guppies,Parents_Television_Council,3
Nokia_N900,Duckworth–Lewis_method,4
Duckworth–Lewis_method,IPhone,3
Modern_School_(New_Delhi),"St._Columba's_School,_Delhi",2
"St._Columba's_School,_Delhi",Modern_School_(New_Delhi),3
La_Jolla_Country_Day_School,User_talk:Timeywhimey64,-1
Slender_Man,Chair,3
Chair,User_talk:LP4MI,-1
Greenspoint_Mall,PlazAmericas,2
PlazAmericas,Pasadena_Town_Square,2
Pasadena_Town_Square,San_Jacinto_Mall,1
San_Jacinto_Mall,40_Glocc,4
40_Glocc,Spider_Loc,1
Chad_Johnson,Evelyn_Lozada,1
Evelyn_Lozada,Karrine_Steffans,3
Ginni_Rometty,Chewbacca,4
Mahram_Tehran_BC,User_talk:Mohsen1248,-1
Mahram_Tehran_BC,User_talk:Mohsen1248,-1
Balderton,Wikipedia:Articles_for_creation/Redirects,-1
Wikipedia:Articles_for_creation/Redirects,Jason_Russell,4
Lincoln_Imp,User_talk:Ragova,-1
User_talk:Ragova,Greene's_Groats-Worth_of_Wit,-1
Greene's_Groats-Worth_of_Wit,Dudson,4
Dudson,Battle_of_Cambrai_(1917),4
User:Chrisrox50267899,Accrington_Stanley_F.C.,-1
Barnet_F.C.,User_talk:Chrisrox50267899,-1
User_talk:Chrisrox50267899,Barnet_F.C.,1
Kinder_Bueno,User_talk:Widr,-1
User_talk:Widr,Halifax,-1
"Halifax,_West_Yorkshire",User_talk:Chrismann123,-1
Glenn_Greenwald,User_talk:Gamaliel/Archive_19,-1
Glenn_Greenwald,User_talk:The_Nbaka_is_a_major_lie,-1
Kinder_Bueno,User_talk:Chriswomann,-1
Kinder_Bueno,Chris_Mann_(singer),4
Christopher_Dorner,Coming_out,3
Obsidian,User_talk:GoodCharlotteVEVO,-1
User_talk:GoodCharlotteVEVO,Candiru,4
Amala_Paul,Hansika_Motwani,2
1924,MarineLand,3
MarineLand,Nova_Scotia,2
Debby_Boone,Lifestyle_Lift,1
Lifestyle_Lift,Disney's_America,3
Disney's_Animal_Kingdom,User_talk:Endeddolby4,-1
Walter_Geraghty,Yury_Verlinsky,4
Yury_Verlinsky,User_talk:Yuryger,-1
Atomic_(magazine),List_of_Ubuntu_releases,4
List_of_Ubuntu_releases,Unity_(user_interface),1
Unity_(user_interface),Ubuntu_(operating_system),1
Superman,User_talk:Noskcaj10,-1
Lois_Lowry,User_talk:L33tgamr,-1
User_talk:Mmgtdwstlfssls,Virgin_Killer,2
Virgin_Killer,User:Howicus,-1
Tom_Oliver,Jordan_Cook,4
Jordan_Cook,Portsmouth_F.C.,2
User:Gabeoriellygaypride,Puma_(genus),-1
Howie_Mandel,I_Hate_My_Teenage_Daughter,3
I_Hate_My_Teenage_Daughter,User_talk:Ang_Criss,-1
User_talk:Ang_Criss,Large_denominations_of_United_States_currency,1
Nikita_Khrushchev,User_talk:10metreh,-1
Jack_Clark_(baseball),Template:Db-person/doc,-1
Template:Db-person/doc,1960_English_cricket_season,-1
Ben_Rix,User_talk:Add92,-1
User_talk:Add92,Ben_Rix,-1
Monarchy,User_talk:BRAIN_THE_BIB,-1
Canadian_Aboriginal_law,Wikipedia:STiki,-1
George_Henry_Richards,User:Jkthedj2000/sandbox,-1
User:Jkthedj2000/sandbox,I'm_in_Miami_Bitch,-1
I'm_in_Miami_Bitch,MAC-11,4
MAC-11,Sorina_Nwachukwu,6
Sorina_Nwachukwu,Ellsworth_Huntington,4
Ellsworth_Huntington,"United_States_Post_Office_and_Courthouse_(Pittsburgh,_Pennsylvania)",5
Payback_(2013),WWE_Money_in_the_Bank,2
Effects_of_long-term_contact_lens_wear_on_the_cornea,Contact_lens,1
Wil_Myers,Cat_food,4
Cat_food,Jack_Wilson_(infielder),4
List_of_Adidas_sponsorships,The_Beach_(film),3
Thomas_&_Friends,Shark_Attack_3,4
Waipawa,Ongaonga_(town),3
Nicholls_Baronetcy,Baron_Denman,3
Nicholls_Baronetcy,List_of_baronies_in_the_Peerage_of_Great_Britain,4
Nicholls_Baronetcy,Baronet,3
Baronet,Giovanni_Borgia_(Infans_Romanus),4
Giovanni_Borgia_(Infans_Romanus),Margravine_Elisabeth_Fredericka_Sophie_of_Brandenburg-Bayreuth,4
Nicholls_Baronetcy,"Charles_Lennox,_2nd_Duke_of_Richmond",3
Nicholls_Baronetcy,Crofton_baronets,4
Nicholls_Baronetcy,Margravine_Elisabeth_Fredericka_Sophie_of_Brandenburg-Bayreuth,4
Nicholls_Baronetcy,List_of_baronetcies_in_the_Baronetage_of_Great_Britain,4
Nicholls_Baronetcy,List_of_baronetcies_in_the_Baronetage_of_Great_Britain,4
Nicholls_Baronetcy,List_of_baronetcies_in_the_Baronetage_of_the_United_Kingdom,4
Nicholls_Baronetcy,List_of_baronies_in_the_Peerage_of_Great_Britain,4
Nicholls_Baronetcy,List_of_baronetcies_in_the_Baronetage_of_England,4
Nicholls_Baronetcy,List_of_earldoms,3
Nicholls_Baronetcy,Baronet,3
Baronet,List_of_viscountcies_in_the_peerages_of_Britain_and_Ireland,2
List_of_viscountcies_in_the_peerages_of_Britain_and_Ireland,List_of_earldoms,2
Baron_Denman,English_feudal_barony,3
English_feudal_barony,Harmar_Nicholls,4
Harmar_Nicholls,Nicholls_Baronetcy,1
Nicholls_Baronetcy,Wikipedia_talk:Articles_for_creation/Nicholls_Baronets,1
Wikipedia_talk:Articles_for_creation/Nicholls_Baronets,Nicholls_Baronetcy,1
Nicholls_Baronetcy,List_of_extant_baronetcies,3
Harmar_Nicholls,Nicholls_Baronetcy,1
Nicholls_Baronetcy,Wikipedia:Changing_username/Simple,-1
Wikipedia:Changing_username/Simple,User_talk:Sessionsmaster123,-1
Nourredine_Kourichi,Islam_Slimani,2
Islam_Slimani,Rabah_Saâdane,2
User:Kylethebro,Süleyman_Ateş,-1
Süleyman_Ateş,Spaghettieis,4
Spaghettieis,Gisela_Fischdick,5
Gisela_Fischdick,George_Edwards_Brown,5
George_Edwards_Brown,Gisela_Fischdick,6
Gisela_Fischdick,Wong_Tei_Tung,4
Wong_Tei_Tung,User_talk:10metreh,-1
User_talk:10metreh,Sophie_Wright_(chef),5
Sophie_Wright_(chef),User_talk:Kylethebro,-1
Northport_High_School,Walt_Whitman_Shops,3
Walt_Whitman_Shops,"North_Great_River,_New_York",3
"North_Great_River,_New_York",User_talk:Yintan,-1
User_talk:Yintan,"East_Patchogue,_New_York",-1
DZOE-TV,AKTV,3
AKTV,DZEC-AM,2
DZEC-AM,DWIZ,2
DZXL,Motorcycle_Diaries_(documentary),3
Motorcycle_Diaries_(documentary),DZEM,3
DZEM,DZEC-AM,2
DZEC-AM,DZEM,2
DZEM,DZEC-AM,2
DZEC-AM,DWIN,1
DWIN,DZEL,2
DZEL,DXED,2
DXED,DYMF,2
DYMF,DZEC-AM,2
DZEC-AM,DZAR,2
DZAR,DZEC-AM,1
DZEC-AM,DWIZ,2
Net_25,DZEC-AM,2
DZEC-AM,Motorcycle_Diaries_(documentary),3
Motorcycle_Diaries_(documentary),Front_Row,4
DZRM,DZEC-AM,2
DZEC-AM,DZAS,2
DZAS,DZEC-AM,2
DZEC-AM,"Obando,_Bulacan",1
DZEM,DXRK,4
DXRK,DZRH,2
DYOK,DZEC-AM,2
DZEC-AM,Iglesia_ni_Cristo,2
Iglesia_ni_Cristo,DXRK,4
DXRK,DYMF,3
DYMF,DYWB,2
DYWB,Bombo_Radyo_Philippines,1
Bombo_Radyo_Philippines,DZLG,1
DZLG,Motorcycle_Diaries_(documentary),4
Motorcycle_Diaries_(documentary),DZLG,4
DZLG,"Obando,_Bulacan",3
"Obando,_Bulacan",DYMF,3
DYMF,Bombo_Radyo_Philippines,1
Bombo_Radyo_Philippines,DYMF,1
DYMF,DXRK,3
DXRK,"Obando,_Bulacan",3
DZEM,DZEC-AM,2
DZEC-AM,DYMF,2
DYMF,DYWB,2
DYWB,DYFM,2
DYFM,Motorcycle_Diaries_(documentary),4
Motorcycle_Diaries_(documentary),Template:Bombo_Radyo_Philippines,4
Template:Bombo_Radyo_Philippines,DYIN,-1
DYIN,DYTX,2
DYTX,DZVV,2
DZVV,Template:Bombo_Radyo_Philippines,2
Template:Bombo_Radyo_Philippines,DZWX,-1
DZWX,DXMF,2
DXMF,DXIF,2
DXIF,DXEC,2
DXEC,Template:Radio_in_the_Philippines,3
DZMM,DYWB,3
DYWB,Template:Bombo_Radyo_Philippines,2
Template:Bombo_Radyo_Philippines,DYWB,-1
DYWB,DYOK,3
DYOK,DYEZ,2
DYEZ,DXGO,2
DYOK,DYTX,3
DYTX,DYIN,2
DYIN,DZWN,2
DZWN,DYRI,3
DYOK,DYTX,3
DYTX,DYWB,2
DYWB,DYRI,3
DZXL,DZEC-AM,1
DZEC-AM,DZSP,3
DZSP,DYAR,2
DYAR,DXRD,2
DYRI,DYIN,3
DYIN,DYFM,2
DYFM,DXBR,2
DXBR,DYMX,2
DYRF,DYTX,2
DYTX,News_Team_13,4
News_Team_13,DZEC-AM,2
DZEC-AM,DXRK,3
DXRK,Template:Radio_in_the_Philippines,2
Template:Radio_in_the_Philippines,DXRK,-1
DXRK,News_Team_13,4
News_Team_13,DXRK,4
DXRK,List_of_Intercontinental_Broadcasting_Corporation_channels_and_stations,4
List_of_Intercontinental_Broadcasting_Corporation_channels_and_stations,DXRK,3
DXRK,DZXL,3
DZOE-TV,"PMFTC,_Inc.",3
"PMFTC,_Inc.",DXRK,4
DXRK,DZRV,2
DZOE-TV,DXRK,4
DXRK,DZIQ,3
DZMM,"PMFTC,_Inc.",2
"PMFTC,_Inc.",List_of_Intercontinental_Broadcasting_Corporation_channels_and_stations,4
List_of_Intercontinental_Broadcasting_Corporation_channels_and_stations,DXRK,3
DWGT-TV,DXRK,4
DXRK,DZOE-TV,3
DZOE-TV,List_of_Intercontinental_Broadcasting_Corporation_channels_and_stations,3
List_of_Intercontinental_Broadcasting_Corporation_channels_and_stations,DWGT-TV,2
DZRV,DXRK,3
DXRK,DZOE-TV,3
DWGT-TV,"PMFTC,_Inc.",3
"PMFTC,_Inc.",List_of_Intercontinental_Broadcasting_Corporation_channels_and_stations,4
List_of_Intercontinental_Broadcasting_Corporation_channels_and_stations,DXRK,3
DXRK,List_of_Intercontinental_Broadcasting_Corporation_channels_and_stations,4
List_of_Intercontinental_Broadcasting_Corporation_channels_and_stations,DZRV,2
DZRV,DXRK,3
DXRK,DZRV,2
DZRV,List_of_Intercontinental_Broadcasting_Corporation_channels_and_stations,3
List_of_Intercontinental_Broadcasting_Corporation_channels_and_stations,DWGT-TV,2
DWGT-TV,"PMFTC,_Inc.",3
"PMFTC,_Inc.",DXRK,4
DXRK,DZRV,2
DWGT-TV,"PMFTC,_Inc.",3
"PMFTC,_Inc.",DZOE-TV,3
DZOE-TV,List_of_Intercontinental_Broadcasting_Corporation_channels_and_stations,3
List_of_Intercontinental_Broadcasting_Corporation_channels_and_stations,DXRK,3
DXRK,DZRV,2
DZRV,List_of_Intercontinental_Broadcasting_Corporation_channels_and_stations,3
List_of_Intercontinental_Broadcasting_Corporation_channels_and_stations,List_of_People's_Television_Network_stations_and_channels,2
List_of_People's_Television_Network_stations_and_channels,DXRK,3
DXRK,Template:Radio_in_the_Philippines,2
Template:Radio_in_the_Philippines,DXRK,-1
DXRK,Template:Radio_in_the_Philippines,2
Template:Radio_in_the_Philippines,DXRK,-1
DXRK,DZRV,2
DZXL,DZEC-AM,1
DZEC-AM,DZXL,2
DZXL,List_of_People's_Television_Network_stations_and_channels,3
List_of_People's_Television_Network_stations_and_channels,List_of_Intercontinental_Broadcasting_Corporation_channels_and_stations,2
List_of_Intercontinental_Broadcasting_Corporation_channels_and_stations,DZIQ,3
User_talk:AnitinjaOsiite,User_talk:Mr._Stradivarius,-1
User_talk:AnitinjaOsiite,User_talk:Mr._Stradivarius,-1
Michael_Paynter,User:Anonymus12345678910,-1
Michael_Eklund,User:Cloudyjbg27512,-1
Vince_Wilfork,User_talk:Bender235,-1
Nicholas_Brendon,Fast_&_Furious_6,3
Fast_&_Furious_6,The_Fall_(TV_series),3
"Emmaus_College,_Melbourne",Justice_League,4
Aylesbury_duck,Wikipedia:Edit_filter/False_positives/Reports,-1
User_talk:Ishdarian,User_talk:Valenciano,-1
User_talk:Valenciano,User:Eph516/sandbox,-1
User:Eph516/sandbox,User_talk:Valenciano,-1
User_talk:Valenciano,User:Eph516,-1
User:Eph516,User_talk:Valenciano,-1
User_talk:Valenciano,User_talk:Taroaldo,-1
User_talk:Taroaldo,User_talk:Shashwat986,-1
User_talk:ElKevbo,...Baby_One_More_Time_(album),4
Mickey's_Speedway_USA,User:Elkevbo1323232,-1
User:Elkevbo1323232,Survivor:_The_Australian_Outback,-1
Cranium_(board_game),Vitalija_Tuomaitė,5
Vitalija_Tuomaitė,Karippur,4
Karippur,"Somerville_(Kenton,_Delaware)",5
"Somerville_(Kenton,_Delaware)",Sega_Saturn,4
Sega_Saturn,Pontifical_Institute_of_Sacred_Music,3
Pontifical_Institute_of_Sacred_Music,Columbia_House,4
Columbia_House,Omar_A._Ali,4
Omar_A._Ali,Ringmoor_stone_row_and_cairn_circle,-1
Ringmoor_stone_row_and_cairn_circle,"Somerville_(Kenton,_Delaware)",5
"Somerville_(Kenton,_Delaware)",Gypsum,3
Gypsum,Omar_A._Ali,3
Omar_A._Ali,Gypsum,2
Ozone_layer,Stimulation_of_nipples,3
Stimulation_of_nipples,Thom_Yorke,4
Rainbow_Warrior_(1955),Sinking_of_the_Rainbow_Warrior,1
Mahmoud_Ahmadinejad,User_talk:SacreBlue,-1
Mahmoud_Ahmadinejad,User_talk:SacreBlue,-1
Mahmoud_Ahmadinejad,User_talk:SacreBlue,-1
Glabella,Ensete_ventricosum,3
Ensete_ventricosum,Banana_(band),3
Banana_(band),User_talk:Jenna1billion,-1
User_talk:Jenna1billion,Placenta,4
"St_Patrick's_College,_Shorncliffe",Aeroscout_Scout_B1-100,5
Aeroscout_Scout_B1-100,AK-47,3
Aeroscout_Scout_B1-100,"St_Patrick's_College,_Shorncliffe",4
Aeroscout_Scout_B1-100,AK-47,3
Mio_TV,Wikipedia:Articles_for_deletion/3E1_Elimination_Ceremony,-1
Fast_&_Furious_6,The_Hangover_Part_III,1
The_Hangover_Part_III,Iron_Man_3,3
Fast_&_Furious_6,Iron_Man_3,1
User:Akshay9929/sandbox,Akshay_Kapoor,-1
List_of_Māori_composers,List_of_redheads,5
List_of_redheads,User_talk:Bigladcluts,-1
User_talk:Bigladcluts,User_talk:Ghostboy1997,-1
User_talk:Ghostboy1997,User_talk:Bigladcluts,-1
Shalrie_Joseph,How_Beer_Saved_the_World,6
Shakedown,The_Only_Way_Is_Essex,3
The_Only_Way_Is_Essex,Lauren_Pope,1
Metal,Gangneung_City_Government_FC,4
Gangneung_City_Government_FC,Football_Manager_2012,4
Football_Manager_2012,Solipsism,4
Solipsism,Judas_(disambiguation),4
Judas_(disambiguation),Lois_Griffin,3
Football,Gangneung_City_Government_FC,3
Gangneung_City_Government_FC,2011–12_Wolverhampton_Wanderers_F.C._season,5
2011–12_Wolverhampton_Wanderers_F.C._season,21st_century,4
David_Cameron,Judas_(disambiguation),4
Judas_(disambiguation),Carlos_Tevez,4
Carlos_Tevez,One_Direction,2
One_Direction,Bastille_(band),3
Bastille_(band),Aston_Villa_F.C.,3
Levant_water_frog,Hara_Island,4
Talk:Alan_Tracy,Talk:List_of_science_fiction_films_of_the_1970s,-1
Talk:List_of_science_fiction_films_of_the_1970s,List_of_science_fiction_films_of_the_1970s,-1
List_of_science_fiction_films_of_the_1970s,The_Twilight_Saga_(film_series),2
The_Twilight_Saga_(film_series),Gordon_Tracy,4
Scott_Tracy,The_Twilight_Saga_(film_series),3
The_Twilight_Saga_(film_series),User:Mat1987,-1
User:Mat1987,User:Mat1987/sandbox,-1
User:Mat1987/sandbox,The_Twilight_Saga_(film_series),-1
The_Twilight_Saga_(film_series),List_of_science_fiction_films_of_the_1970s,3
List_of_science_fiction_films_of_the_1970s,2012_Summer_Olympics,3
2012_Summer_Olympics,List_of_science_fiction_films_of_the_1970s,4
List_of_science_fiction_films_of_the_1970s,PlayStation_4,3
PlayStation_4,Academy_Award_for_Best_Director,3
Academy_Award_for_Best_Director,User_talk:Mat1987,-1
Gleniffer_High_School,"Glenburn,_Paisley",1
Gleniffer_High_School,Gallowhill,3
St._Neots_railway_station,2012–13_Premier_League,3
2013–14_Premier_League,Eton_College,3
Seattle–Tacoma_International_Airport,Morecambe,3
PBS,Sprout_(TV_network),1
Sprout_(TV_network),You,4
Poison,User:MatthewW7/sandbox,-1
User:MatthewW7/sandbox,Race_and_ethnicity_in_the_United_States_Census,-1
Michael_Paynter,User_talk:Yintan,-1
Manasseh_of_Judah,User_talk:Gavinjamesbond,-1
Little_Ilford_School,Dixy_Chicken,3
Tripneustes_ventricosus,William_Gilbert_(astronomer),4
William_Gilbert_(astronomer),Henry_Cavendish,2
Georges_Leclanché,User:Ragun01/Books/Potential_energy,-1
User:Ragun01/Books/Potential_energy,Water_bird,4
Water_bird,User:Ragun01/sandbox,-1
User:Ragun01/sandbox,Prehistory_of_Australia,2
Prehistory_of_Australia,User:Ragun01/sandbox,-1
User:Ragun01/sandbox,List_of_countries_by_population,3
November_12,User:Awesome_girl09,-1
User:Awesome_girl09,May_5,-1
May_11,Beresford_Road_Public_School,3
Beresford_Road_Public_School,Justice_Crew,3
Justice_Crew,Westfields_Sports_High_School,3
Anaglyph_3D,Honey,3
Hand_fan,User:Steve_the_pie_man,-1
User:Steve_the_pie_man,Carbon_nanotube,-1
Carbon_nanotube,User:Steve_the_pie_man,-1
Tropical_Storm_Andrea_(2013),Typhoon_Ruby_(1988),3
Typhoon_Ruby_(1988),Beef,3
Beef,User:PizzaIP,-1
Aron_Bielski,Bielski_partisans,1
History_of_Africa,David_Ogg,-1
Burt_Bacharach,User:BobSkaboo,-1
Azealia_Banks,Meadowhall_Centre,3
Meadowhall_Centre,Les_Misérables_(2012_film),3
Les_Misérables_(2012_film),Karmin,3
Karmin,Jessica_Walter,3
Ezio_Auditore_da_Firenze,Halo_4,3
Halo_4,Injustice:_Gods_Among_Us,2
Injustice:_Gods_Among_Us,Steam_(software),3
Jared_Padalecki,Austin_Carlile,4
Pavel_Chekov,User_talk:Lamblodgezulu,-1
4581_Asclepius,Metaplane,-1
Lightsaber,Berliner_(doughnut),3
Berliner_(doughnut),Black_Forest_cake,2
List_of_reportedly_haunted_locations,Bavarian_cuisine,3
Bavarian_cuisine,1936_Summer_Olympics,2
Drug,User:Stealth012,-1
User:Stealth012,Weed,3
Harvester_(forestry),"Nangwarry,_South_Australia",4
List_of_Phineas_and_Ferb_episodes,List_of_Dog_with_a_Blog_episodes,3
List_of_Gears_of_War_characters,Slender_Man,4
Serhiy_Dzyndzyruk,Shane_Mosley,3
American_Idol,American_Idol_(season_13),1
American_Idol,American_Idol_(season_13),1
American_Idol_(season_13),MasterChef_(U.S._season_4),3
MasterChef_(U.S._season_4),Template:American_Idol,3
Template:American_Idol,American_Idol_(season_13),-1
American_Idol,Template:American_Idol,2
American_Idol,Template:American_Idol,2
American_Idol,American_Idol_(season_13),1
American_Idol_(season_13),Template:American_Idol,2
American_Idol,Template:American_Idol,2
American_Idol,Template:American_Idol,2
American_Idol,American_Idol_(season_13),1
American_Idol_(season_13),MasterChef_(U.S._season_4),3
MasterChef_(U.S._season_4),American_Idol_(season_13),3
American_Idol_(season_13),Template:American_Idol,2
American_Idol,American_Idol_(season_13),1
Wikipedia:Help_desk,User_talk:Rehevkor,-1
Wikipedia:Help_desk,User_talk:Rehevkor,-1
Wikipedia:Today's_featured_article,User:පසිඳු_කාවින්ද,-1
Los_Angeles_Clippers,User_talk:Clippersfan2733,-1
User_talk:Clippersfan2733,Digest,1
Progeroid_syndromes,Indonesia,3
Chantilly_High_School,Kevin_Venegas,3
User_talk:Yintan,User_talk:GossipQueenNoughties,-1
User_talk:GossipQueenNoughties,User_talk:Addshore,-1
Agricultural_machinery,User:Subradip99/sandbox,-1
User:Subradip99/sandbox,User_talk:Graphium,-1
User:Jakegantt4/Neopets:_The_Seekers_of_the_Doom_Squad,Mario_Party:_Island_Tour,-1
Mario_Party:_Island_Tour,Electronic_Entertainment_Expo_2013,3
Electronic_Entertainment_Expo_2013,Wizard101,3
Wizard101,2013_in_home_video,-1
2013_in_home_video,Wizard101,3
Wizard101,Electronic_Entertainment_Expo_2013,3
Electronic_Entertainment_Expo_2013,Kaos_Studios,3
Kaos_Studios,Wii_Fit_U,3
Wii_Fit_U,Mario_&_Sonic_at_the_Sochi_2014_Olympic_Winter_Games,3
Mario_&_Sonic_at_the_Sochi_2014_Olympic_Winter_Games,Electronic_Entertainment_Expo_2013,2
Electronic_Entertainment_Expo_2013,Wizard101,3
Wizard101,Electronic_Entertainment_Expo_2013,3
Electronic_Entertainment_Expo_2013,List_of_Wii_U_software,2
List_of_Wii_U_software,Wizard101,3
Wizard101,List_of_party_video_games,4
List_of_party_video_games,Mario_Party:_Island_Tour,2
Mario_Party:_Island_Tour,2013_in_home_video,-1
2013_in_home_video,Wizard101,3
Wizard101,Electronic_Arts,3
Electronic_Arts,Need_for_Speed_Rivals,2
Need_for_Speed_Rivals,Wizard101,3
Wizard101,2013_in_home_video,-1
2013_in_home_video,Wizard101,3
Wizard101,List_of_films_broadcast_by_Nickelodeon,4
List_of_films_broadcast_by_Nickelodeon,List_of_Blue's_Clues_episodes_and_videos,3
List_of_Blue's_Clues_episodes_and_videos,2017_in_film,4
2017_in_film,Madagascar_(franchise),2
Madagascar_(franchise),History_of_E3,2
History_of_E3,Wizard101,2
Wizard101,Ratchet_&_Clank_(film),4
Ratchet_&_Clank_(film),Rainmaker_Entertainment,1
Rainmaker_Entertainment,2017_in_film,4
2017_in_film,Mario_Kart_8,3
Mario_Kart_8,Electronic_Entertainment_Expo_2013,2
Electronic_Entertainment_Expo_2013,User:Jakegantt4,-1
User:Jakegantt4,Mario_Kart_8,-1
I_Am_Legend_(film),Do_It_like_a_Dude,4
Do_It_like_a_Dude,Fuck_You_(Lily_Allen_song),3
Fuck_You_(Lily_Allen_song),Phellinus_ellipsoideus,4
Psycho_(1960_film),Hitchcock_(film),1
Hitchcock_(film),Townshend_Acts,3
User_talk:DoRD,Föreningen_Vetenskap_och_Folkbildning,-1
Archibald_Butt,User_talk:Jim1138,-1
User_talk:Jim1138,User_talk:JamesBWatson,-1
User_talk:JamesBWatson,User_talk:Jim1138,-1
User_talk:Jim1138,User_talk:Justgetsbetter,-1
User_talk:Justgetsbetter,User_talk:Jim1138,-1
User_talk:Jim1138,User_talk:Penguinsruleman,-1
User_talk:Penguinsruleman,User_talk:Jim1138,-1
User_talk:Jim1138,Scoria,4
Scoria,User_talk:71.62.123.230,-1
User_talk:71.62.123.230,User_talk:Jim1138,-1
User_talk:Jim1138,User_talk:Penguinsruleman,-1
St_Gregory_the_Great_Catholic_School,Richard_Wagner,3
Shenzhou_10,"Oxford_Academy,_Oxfordshire",4
"Oxford_Academy,_Oxfordshire",Conservative_Party_(UK),2
Peter_McDonald_(poet),Murder_of_April_Jones,4
Pet,Cath_Kidston,4
Peter_McDonald_(poet),List_of_The_Story_of_Tracy_Beaker_episodes,5
Perdido_(oil_platform),Drilling_rig,2
Oil_platform,User:Gavingavinchan,-1
User:Marcus_Gavin_the_swaggy_guy,Slang,-1
Jade_use_in_Mesoamerica,Bushfires_in_Australia,3
Commission_on_Scottish_Devolution,Abdullah_Gul_Interchange,4
Talk:Mario_Götze,Bruno_Mars,3
User:Koolslamsz,Koehler_Depressing_Carriage,-1
Koehler_Depressing_Carriage,Early_childhood_education,3
Early_childhood_education,Talk:Borduria,5
Talk:Borduria,Gasoline,3
Gasoline,User_talk:Koolslamsz,-1
User_talk:Koolslamsz,Gasoline,1
Gasoline,User_talk:Koolslamsz,-1
"Moses_Lake,_Washington",User_talk:Rickgrimes133,-1
User_talk:King_Shawn158,Chief_Keef,-1
Chief_Keef,Help:Edit_summary,5
Help:Edit_summary,Chief_Keef,5
Italian_people,Xanbulaq,4
Xanbulaq,Police_Service_of_Northern_Ireland,4
Adam_František_Kollár,User_talk:Omen1229,-1
User_talk:Omen1229,Wikipedia:Administrators'_noticeboard/Incidents,5
Wikipedia:Administrators'_noticeboard/Incidents,Wikipedia:Sockpuppet_investigations/Rovibroni,-1
PlayStation_2,User_talk:Playstation101abc,-1
Ryan_Bailey_(rugby_league),Bradford_Park_Avenue_A.F.C.,2
Ryan_Bailey_(rugby_league),Leeds_Rhinos,1
Volcanology_of_Iceland,User_talk:Joshdino12,-1
User_talk:Joshdino12,Shanty_town,1
Chuck_Close,User:TheBossOfSlaying/sandbox,-1
User:TheBossOfSlaying/sandbox,User_talk:TheBossOfSlaying,-1
User_talk:TheBossOfSlaying,User_talk:TheBossOfSlaying/sandbox,-1
HTML,User_talk:Motemota9,-1
Wikipedia:Sandbox,List_of_weather_records,-1
List_of_weather_records,Kiki_Bertens,4
Kiki_Bertens,Sílvia_Soler_Espinosa,2
Sílvia_Soler_Espinosa,Ahmedabad,3
Dubrovnik,Phil_Taylor_(darts_player),4
Phil_Taylor_(darts_player),Sharm_el-Sheikh,3
Otranto,User:MarkoRF1,-1
User:MarkoRF1,Malé,-1
Northern_Lights_Cathedral,Jalain_Tappeh,5
Jalain_Tappeh,User_talk:Infoguygonecrazy,-1
Jonny_Craig,User:Nyantaco/List_of_popular_bands,-1
User:Nyantaco/List_of_popular_bands,Beau_Bokan,2
Beau_Bokan,House_vs._Hurricane,3
House_vs._Hurricane,Teratoma,4
Teratoma,The_Story_So_Far_(band),4
The_Story_So_Far_(band),Man_Overboard_(band),1
Man_Overboard_(band),User_talk:Nyantaco,-1
AS-90,TaxSlayer_Bowl,4
TaxSlayer_Bowl,Hadrian,3
Stafford_Brothers,Helmin_Wiels,4
Helmin_Wiels,Adolf_Wissel,4
Adolf_Wissel,Noel_Gallagher's_High_Flying_Birds,4
Noel_Gallagher's_High_Flying_Birds,Alister_Atkinson,5
Alister_Atkinson,Olympiastadion_(Berlin),3
Category:2011_television_episodes,List_of_Scooby-Doo_characters,-1
List_of_Scooby-Doo_characters,List_of_Chowder_episodes,2
Chowder_(TV_series),List_of_Regular_Show_episodes,3
List_of_Regular_Show_episodes,List_of_Adventure_Time_episodes,3
List_of_Adventure_Time_episodes,List_of_Scooby-Doo!_Mystery_Incorporated_episodes,2
List_of_Scooby-Doo!_Mystery_Incorporated_episodes,"List_of_What's_New,_Scooby-Doo?_episodes",2
User:Ladyquartermaine,User_talk:Ladyquartermaine,-1
User:Ladyquartermaine,User_talk:Ladyquartermaine,-1
User_talk:Ladyquartermaine,Good_Ship_Venus,-1
List_of_burn_centers_in_the_United_States,Burn_(disambiguation),2
List_of_burn_centers_in_the_United_States,Xbox,3
Xbox,User_talk:KillerManaphy,-1
Sierra_Kay,Versa_(band),1
Sierra_Kay,Blake_Harnage,1
Blake_Harnage,Versa_(band),1
Versa_(band),List_of_awards_and_nominations_received_by_Paramore,2
List_of_awards_and_nominations_received_by_Paramore,Hayley_Williams,1
Sierra_Kay,Nicki_Minaj,3
Nicki_Minaj,Pink_Friday:_Roman_Reloaded,2
Pink_Friday:_Roman_Reloaded,Blood_on_the_Dance_Floor_(duo),4
Blood_on_the_Dance_Floor_(duo),Versa_(band),3
Versa_(band),Britney_Spears,3
Michigan,User:Haleyisaloser,-1
User:Haleyisaloser,User:Irishkid4lyf,-1
User:Irishkid4lyf,Xiamen_bus_fire,-1
Xiamen_bus_fire,Versa_(band),5
Versa_(band),User:MusikAnimal/old_userpage,-1
User:MusikAnimal/old_userpage,User:Kbog,-1
User:Kbog,User_talk:Irishkid4lyf,-1
"Diana,_Princess_of_Wales",Lenape_Middle_School,3
Kazé,Greg_Oden,3
Greg_Oden,Lil_B,4
Lil_B,Greg_Oden,2
Greg_Oden,Lil_B,4
Lil_B,Anthony_Kennedy,3
Anthony_Kennedy,User_talk:BasedB0yz,-1
Tropical_Storm_Andrea_(2013),Hurricane_Pauline,2
Hurricane_Pauline,Hurricane_Barbara_(2013),3
CROCUS,Oudt_Leyden,4
Oudt_Leyden,Wikipedia:IP_block_exemption,5
Wikipedia:IP_block_exemption,User:Dhg_king_of_lol,-1
Gmina,Tyler_Moon,4
Tyler_Moon,Centipede,4
Chipping_Campden,User:Carom,-1
Chipping_Campden,User_talk:Carom,-1
Eastern_Europe,User_talk:FAKEACCOUNT123,-1
After_Here_Through_Midland,User_talk:Hvemsoso,-1
User_talk:Hvemsoso,User_talk:Way2veers,-1
User_talk:Way2veers,User_talk:Hvemsoso,-1
User:Planetguy2345/sandbox,Wikipedia:Sandbox,-1
Wikipedia:Sandbox,Nyan_Cat,-1
Nyan_Cat,Positron,3
Positron,Windows_Phone,3
Earls_High_School,1982_World_Weightlifting_Championships,4
Website_defacement,User_talk:Dr41DeY,-1
Thornleigh_Salesian_College,File:Thornleigh_crest.png,-1
File:Thornleigh_crest.png,User_talk:MelbourneStar,-1
Bolton_Wanderers_F.C.,"Sharples,_Greater_Manchester",3
"Sharples,_Greater_Manchester",Necrophilia,3
Linux,User:Melonkelon,-1
User:Melonkelon,User_talk:MattyWinder,-1
User_talk:MattyWinder,User:Satellizer,-1
User:Satellizer,User_talk:MelbourneStar,-1
Emoticon,User_talk:MattyWinder,-1
Cain_and_Abel,Xiamen_bus_fire,4
Bajo_la_misma_piel,User_talk:ESkog,-1
Xiamen_bus_fire,Youngstown_Ohio_Works,5
Common_law,Portal:Ancient_Egypt,3
Wikipedia:Help_desk,Wikipedia:Administrators'_noticeboard/Incidents,5
Wikipedia:Administrators'_noticeboard/Incidents,User_talk:AxG,-1
User_talk:AxG,User:AxG/Awards,-1
Temple_Run,Temple_Run_2,1
Temple_Run_2,User_talk:Youaloser,-1
Scotland,Women_in_the_World_Wars,3
Prince_Harry,Mike_Fuentes_(musician),4
Hulk_(footballer),Dante_(footballer),2
Dante_(footballer),Mario_Balotelli,2
Shabazz_Muhammad,Orlando_Pirates,4
Orlando_Pirates,"Mike_James_(basketball,_born_1975)",3
"Mike_James_(basketball,_born_1975)",Motherwell_F.C.,4
Sandpit,Zombie_(fictional),3
Udonis_Haslem,Lil_B,4
Lil_B,"Olympia_High_School_(Olympia,_Washington)",4
"Olympia_High_School_(Olympia,_Washington)",Austin_Rivers,3
Hurricane_Barbara_(2013),Tropical_Storm_Andrea_(2013),3
Tropical_Storm_Andrea_(2013),User_talk:VickyLoveYou,-1
Dr._Giggles,User_talk:Gogo_Dodo,-1
Dr._Giggles,User_talk:Gogo_Dodo,-1
Dr._Giggles,User_talk:Amaury,-1
Wikipedia:Articles_for_deletion/Daniel_Beckwitt,User_talk:Team_Blumpkins,-1
Garry's_Mod,Omegle,4
Omegle,User_talk:Lugia2453,-1
User_talk:Lugia2453,False,-1
False,Crystal_Valley_Cemetery,6
Talk:Hot,Talk:Sexy,-1
Talk:Sexy,Talk:Asshole,-1
Talk:Asshole,Talk:Sexy_Bitch,-1
Talk:Sexy_Bitch,Sexy_Bitch,5
Hurricane_Pauline,Hurricane_Barbara_(2013),3
Noah_Cyrus,"Ronald_DeFeo,_Jr.",4
Total_Drama_Island,Wikipedia:Sandbox,5
Wikipedia:Sandbox,Ozzy_&_Drix,-1
Indiana_University_Bloomington,User:ElKevbo,-1
User:ElKevbo,User_talk:Kevin_R._Guidry,-1
The_Million_Pound_Drop,How_I_Met_Your_Mother,3
The_Million_Pound_Drop,User_talk:MusikAnimal/old_talkpage,-1
The_Million_Pound_Drop,How_I_Met_Your_Mother,3
How_I_Met_Your_Mother,User_talk:MelbourneStar,-1
User_talk:MelbourneStar,User_talk:Franz_Baby_256,-1
User_talk:Franz_Baby_256,How_I_Met_Your_Mother,1
The_Million_Pound_Drop,How_I_Met_Your_Mother,3
"Stanley,_Falkland_Islands",User:CommunistCanuck,-1
User:CommunistCanuck,Montreal,-1
Justin_Trudeau,West_Fertilizer_Company_explosion,4
West_Fertilizer_Company_explosion,Union_Montreal,3
Toronto,User:CommunistCanuck,-1
User:CommunistCanuck,John_A._Macdonald,-1
Carlos_Latuff,Israeli_new_shekel,2
Israeli_new_shekel,Carlos_Latuff,4
Carlos_Latuff,One_Direction,3
One_Direction,Metallica,2
Si_Tjonat,Bombing_of_Darwin,3
List_of_The_Smurfs_video_games,Shigefumi_Hino,3
Shigefumi_Hino,Jack_Watts_(footballer),5
Jack_Watts_(footballer),Lemon_drop,4
Nauvoo_Temple,Publicis_Healthcare_Communications_Group,5
Publicis_Healthcare_Communications_Group,Lemon_drop,4
Pterois,"User_talk:Bob_""THE_TRUTH""_Bobbles",-1
The_Elder_Scrolls,Realm_of_the_Mad_God,2
User:Jackospar4434,"United_States_presidential_election,_1988",-1
"United_States_presidential_election,_1988",The_Bodyguard_(1992_film),3
The_Bodyguard_(1992_film),List_of_people_who_have_lit_the_Olympic_Cauldron,3
List_of_people_who_have_lit_the_Olympic_Cauldron,Woodstock_'94,3
List_of_sporting_knights_and_dames,List_of_people_who_converted_to_Paganism,4
List_of_people_who_converted_to_Paganism,List_of_people_who_have_walked_across_Australia,4
List_of_people_who_have_walked_across_Australia,List_of_people_who_appeared_on_Soul_Train,4
List_of_people_who_appeared_on_Soul_Train,List_of_people_who_have_appeared_on_Australian_currency,4
List_of_people_who_have_appeared_on_Australian_currency,List_of_people_who_have_undergone_electroconvulsive_therapy,4
List_of_people_who_have_undergone_electroconvulsive_therapy,Template:King_of_the_Ring_winners,4
Template:King_of_the_Ring_winners,Christopher_Lloyd_(screenwriter),-1
Christopher_Lloyd_(screenwriter),Survivor:_Nicaragua,4
Survivor:_Nicaragua,User_talk:Jackospar4434,-1
User:Coldcreation,"1st_Brigade,_7th_Infantry_Division_(United_States)",3
"1st_Brigade,_7th_Infantry_Division_(United_States)",User_talk:Onechannel_sücks,-1
User_talk:Onechannel_sücks,User:Tbhotch/EN,-1
User:Tbhotch/EN,User_talk:Onechannel_sücks,-1
Portal:Biography/Selected_article/May,User:Josten_Benedito_D'souza,-1
Manned_mission_to_Mars,User:Way2veers,-1
User:Way2veers,User_talk:Mushroom2006,-1
User_talk:Mushroom2006,List_of_sovereign_states,3
List_of_sovereign_states,User_talk:Mushroom2006,-1
User:Barrettc112,User_talk:Theopolisme,-1
User_talk:Theopolisme,User_talk:Lugia2453,-1
User_talk:Lugia2453,User:Legoktm,-1
User:Legoktm,User_talk:Barrettc112,-1
User_talk:Barrettc112,User_talk:Lugia2453,-1
User:ClarkLuke/sandbox,Portal:Current_events/2013_June_2,-1
Portal:Current_events/2013_June_2,Wikipedia:WikiProject_Current_Local_City_Time,-1
Wikipedia:WikiProject_Current_Local_City_Time,Talk:Main_Page,-1
Talk:Main_Page,User_talk:ClarkLuke,-1
Portal:Mathematics/Featured_picture/2013_06,Klein_bottle,-1
Klein_bottle,Winston_Churchill_Memorial_Trusts,4
Abdurrahman_Aamir'Dhuubow',Battle_of_Kathio,4
Battle_of_Rạch_Gầm-Xoài_Mút,Restavec,4
Restavec,Forced_circumcision,4
Forced_circumcision,Java_War_(1741–43),3
Java_War_(1741–43),Battle_of_Vertières,4
Battle_of_the_Monongahela,Oman–Zanzibar_war,-1
Oman–Zanzibar_war,"Watauga_County,_North_Carolina",4
Berbera,User_talk:Basalisk,-1
User_talk:Basalisk,Battle_of_Turnhout_(1789),5
Battle_of_Karánsebes,"Revolt_of_Horea,_Cloșca_and_Crișan",2
"Revolt_of_Horea,_Cloșca_and_Crișan",Larache_expedition,4
Larache_expedition,Siege_of_Melilla_(1774),2
Siege_of_Melilla_(1774),Mohammed_ben_Abdallah,1
Mohammed_ben_Abdallah,Battle_of_Ngọc_Hồi-Đống_Đa,4
Battle_of_Ngọc_Hồi-Đống_Đa,Isabelle_Allen,5
Isabelle_Allen,Battle_of_Panipat_(1761),4
First_Anglo-Maratha_War,Burmese–Siamese_War_(1765–67),3
Burmese–Siamese_War_(1765–67),Burmese–Siamese_War_(1759–60),2
Burmese–Siamese_War_(1759–60),Burmese–Siamese_War_(1785–86),2
Burmese–Siamese_War_(1785–86),El_Jadida,3
El_Jadida,Nez_Perce_people,3
Nez_Perce_people,Armenian_cuisine,3
Takoma_Park_Middle_School,User:RG3Redskins,-1
User:RG3Redskins,Washington_Redskins,-1
Sidwell_Friends_School,Alfred_Morris_(American_football),3
Alfred_Morris_(American_football),John_Harbaugh,2
John_Harbaugh,United_States_fiscal_cliff,4
United_States_fiscal_cliff,Apiaceae,3
Alma_mater,Ancient_Roma,1
Ancient_Roma,Computer_science,2
1932_Boston_Braves_(NFL)_season,Labor_Day_(film),3
Takoma_Park_Middle_School,LanSchool,6
LanSchool,DeMarcus_Ware,3
The_Albert_Brothers,Titanic_II,4
Titanic_II,List_of_recurring_The_Simpsons_characters,3
List_of_recurring_The_Simpsons_characters,Titanic_II,3
Titanic_II,List_of_recurring_The_Simpsons_characters,3
List_of_recurring_The_Simpsons_characters,User_talk:Samuel_Hills,-1
User_talk:Samuel_Hills,User:Samuel_Hills/sandbox,-1
User:Samuel_Hills/sandbox,User:Samuel_Hills,-1
User:Samuel_Hills,User_talk:Samuel_Hills,-1
User_talk:Samuel_Hills,User_talk:HMSSolent,-1
User_talk:HMSSolent,User:Samuel_Hills,-1
User:Samuel_Hills,Abdulrahman_Al-Shoaibi,-1
Abdulrahman_Al-Shoaibi,User_talk:Samuel_Hills,-1
"Graham_W._Jackson,_Sr.",Alex_Greenfield,4
Movie4k.to,Stuart_Broad,3
Types_of_volcanic_eruptions,Student_of_the_Year,4
Student_of_the_Year,User_talk:Tahmeed10,-1
Ali_Khasif,Zheng_Zheng,4
Ali_Khasif,Republic_of_Molossia,4
Clash_of_Clans,Firrhill_High_School,4
Firrhill_High_School,Apex_Hotels,3
New_Paper_Big_Walk,Western_Sahara,3
Western_Sahara,User_talk:Tbhotch,-1
M27_Infantry_Automatic_Rifle,User:Biker_Biker,-1
User:Biker_Biker,Napoleon_Dynamite,4
Napoleon_Dynamite,User_talk:Supervisor101,-1
Edmund_Pascha,Beate_Zschäpe,5
Beate_Zschäpe,Étienne-Louis_Charbonnaux,6
Étienne-Louis_Charbonnaux,Jan_z_Jani,5
Jan_z_Jani,Les_Belles_Lettres,4
Les_Belles_Lettres,Giuseppe_Nahmad,6
Giuseppe_Nahmad,Harry_Crandall,4
Llanfairpwllgwyngyll,Tin_mining,3
Tin_mining,Oblast,3
Cannon_Hill_Anglican_College,User_talk:Kidsplaywithadults,-1
Jihe,Lilo_Rasch-Naegele,5
Lilo_Rasch-Naegele,User_talk:JZM507,-1
2013_NHL_Entry_Draft,Forest_Run_Public_School,4
Forest_Run_Public_School,User:Nivk_s123,-1
User:Nivk_s123,Wikipedia:Articles_for_creation/Redirects,-1
Wikipedia:Articles_for_creation/Redirects,Forest_Run_Public_School,5
Football_League_Two_play-offs,Portal:Current_events/2013_May_18,5
Portal:Current_events/2013_May_18,Emily_Ratajkowski,4
Emily_Ratajkowski,List_of_Canadians,3
SN_1987A,User_talk:Alpine15inn,-1
Hurricane_Pauline,Hurricane_Jimena_(2009),2
Hurricane_Jimena_(2009),User:V870Hurricanes,-1
User:V870Hurricanes,Tornadoes_of_2013,-1
Tornadoes_of_2013,Tropical_Storm_Andrea_(2013),3
Tropical_Storm_Andrea_(2013),Hurricane_Gilbert,2
Hurricane_Gilbert,Tropical_Storm_Andrea_(2013),2
Tropical_Storm_Andrea_(2013),User_talk:V870Hurricanes,-1
Richard_Branson,Thorpe_Park_Resort,3
Thorpe_Park_Resort,Center_Parcs,3
Center_Parcs,Fine_Arts_College,3
Fine_Arts_College,Cherry_Clay,4
Cherry_Clay,Zara_Carmichael,1
Zara_Carmichael,Mrs_Tembe,2
Hereward_House_School,Mrs_Tembe,4
Mrs_Tembe,Simon_Bond_(Doctors),2
Simon_Bond_(Doctors),Cherry_Clay,2
Cherry_Clay,List_of_Doctors_characters_(2012),2
List_of_Doctors_characters_(2012),Freya_Wilson_(Doctors),1
Freya_Wilson_(Doctors),List_of_Doctors_characters_(2012),2
List_of_Doctors_characters_(2012),Richard_Branson,3
Richard_Branson,User_talk:Gourmet_and_gourmand,-1
Psy,Good_Luck_Charlie,3
The_Million_Pound_Drop,User_talk:MusikAnimal/old_talkpage,-1
User:Hamishknight/Hamish_knight,Berliner_Tageblatt,-1
Fareham,"Warner_Westenra,_2nd_Baron_Rossmore",4
"Warner_Westenra,_2nd_Baron_Rossmore",Fareham,3
Fareham,User:Hamishknight,-1
User:Hamishknight,Fareham,-1
Fareham,User:Hamishknight,-1
User:Hamishknight,Fareham,-1
User_talk:9bZkp7q19f0,Valathala,-1
Wikipedia:Administrator_intervention_against_vandalism,User_talk:Tajik_Stan,-1
Garba_(dance),User_talk:SUpER_CRaZY_!_:D,-1
User_talk:SUpER_CRaZY_!_:D,James_Garrard,5
James_Garrard,User_talk:SUpER_CRaZY_!_:D,-1
User_talk:SUpER_CRaZY_!_:D,User:SUpER_CRaZY_!_:D,-1
User:SUpER_CRaZY_!_:D,Viola_oahuensis,-1
Viola_oahuensis,Pardillo,5
Pardillo,Boletus_subvelutipes,6
Boletus_subvelutipes,Fighting_Bujutsu,5
Hashtag,New_York_Mets,3
New_York_Mets,Evil_Controllers,6
Evil_Controllers,Karl_Towns,4
Jesse_McCartney,Shelby_Holliday,-1
Shelby_Holliday,Talk:Shelby_Holliday,1
Tianbei_Station,"Evansville,_California",5
"Evansville,_California",The_Colbert_Report,3
The_Colbert_Report,List_of_breweries_in_Idaho,3
List_of_breweries_in_Idaho,Chloramphenicol_acetyltransferase,4
Super_Bowl_50,Super_Bowl_XLVII,2
User:Shenron1,God_in_Buddhism,-1
Southwold,Heathrow_Airport_Holdings,2
Heathrow_Airport_Holdings,User:Nowthenchildren/Berkshire_Media_Group,-1
User:Nowthenchildren/Berkshire_Media_Group,User_talk:Nowthenchildren/Berkshire_Media_Group,-1
User_talk:Nowthenchildren/Berkshire_Media_Group,Purley_on_Thames,-1
Paul_Conroy,Caroline_Proust,4
Caroline_Proust,John_Ritblat,5
White_British,SS_Torrey_Canyon,3
SS_Torrey_Canyon,BP,1
Philip_Hammond,User_talk:Nowthenchildren,-1
User_talk:Nowthenchildren,Fiona_Reynolds,3
Brian_Sewell,Ferne_House,3
Ferne_House,Phil_Bentley,4
Phil_Bentley,Sarah_Montague,3
Didcot,Old_Bryanstonians,4
Television_in_the_United_Kingdom,Jonathan_Edwards_(triple_jumper),2
Jonathan_Edwards_(triple_jumper),Berkshire,1
Binfield,User:Nowthenchildren/Berkshire_Media_Group,-1
User:Nowthenchildren/Berkshire_Media_Group,St_Paul's_Girls'_School,-1
Azadi_Stadium,Peter_Carter_(nurse),4
Peter_Carter_(nurse),Barry_Evans_(actor),3
Barry_Evans_(actor),Ferne_House,3
Ferne_House,Saint-Paul-de-Vence,4
Direct_debit,Julian_Assange,3
Julian_Assange,"Queen's_College,_London",4
"Robert_Armstrong,_Baron_Armstrong_of_Ilminster",Jenny_Hill_(journalist),3
Jenny_Hill_(journalist),Warminster,3
John_McCririck,HM_Prison_Wormwood_Scrubs,3
HM_Prison_Wormwood_Scrubs,Margaret_Hodge,3
Student_loans_in_the_United_Kingdom,UK_Uncut,3
UK_Uncut,Wittington_Investments,1
Wittington_Investments,David_Attenborough,4
Rüderswil,Cinema_Exhibitors'_Association,4
Jeremy_Clarkson,User:Nowthenchildren/sandbox,-1
User:Nowthenchildren/sandbox,African_National_Congress,-1
Counting,Heather_Chasen,5
Heather_Chasen,Hilary_Bonner,2
User:Vicky870,Hurricane_Rita,-1
Hurricane_Rita,Hurricane_Jimena_(2009),3
Hurricane_Jimena_(2009),2013_Atlantic_hurricane_season,3
2013_Atlantic_hurricane_season,Tropical_Storm_Andrea_(2013),2
Tropical_Storm_Andrea_(2013),Hurricane_Jimena_(2009),3
Hurricane_Jimena_(2009),Hurricane_Rick_(2009),3
Hurricane_Rick_(2009),Hurricane_Jimena_(2009),3
User:Vicky870,Tropical_Storm_Andrea_(2013),-1
Tropical_Storm_Andrea_(2013),User_talk:Vicky870,-1
Robot_Chicken_(season_1),Body_Shots_(song),4
Zuma_Rock,Afghanistan_women's_national_football_team,4
Afghanistan_women's_national_football_team,Indonesia,2
Talk:Coyote,Waste,3
Waste,User_talk:Dr.bobsick,-1
User_talk:Dr.bobsick,Waste,1
Asda,User_talk:MusikAnimal/old_talkpage,-1
User_talk:SFK2,User_talk:SFK2GoHome,-1
Pusong_Bato,Meningitis,3
Trinitrotoluene,Pollution_in_China,3
Cape_Wollaston,Irchester,4
Frenum_piercing,Template:Body_piercing,2
Template:Body_piercing,Template:Infobox_piercing,-1
Template:Infobox_piercing,Hafada_piercing,-1
Hafada_piercing,Template:Infobox_piercing,1
Template:Infobox_piercing,Hafada_piercing,-1
Lorum,Prince_Albert_(genital_piercing),2
Prince_Albert_(genital_piercing),Ampallang,2
Wikipedia:Help_desk,Lebanon,3
Lebanon,User_talk:Dodger67,-1
User_talk:Dodger67,User_talk:Yintan,-1
Wikipedia:Help_desk,Wikipedia:Administrator_intervention_against_vandalism,5
User_talk:ClueBot_Commons,Bill_Pickett,-1
Feudalism,Wikipedia:Sandbox,4
Wikipedia:Sandbox,Template:X2,-1
Template:X2,Bill_Pickett,-1
Chad_Kroeger,Talk:Ozzy_Osbourne,-1
Talk:Ozzy_Osbourne,Ozzy_Osbourne,4
Nickelback,User_talk:Carmen_Luzon,-1
User_talk:Carmen_Luzon,General_Mills_monster-themed_breakfast_cereals,-1
Recipe_for_Murder_(film),Cyberwarfare,3
Morocco,Wikipedia:Tutorial/Formatting/sandbox,-1
Wikipedia:Tutorial/Formatting/sandbox,Psy,-1
Military_rank,User_talk:Oliverlyc,-1
Belarus_at_the_1994_Winter_Olympics,The_Last_of_Us,4
The_Last_of_Us,WRC:_Rally_Evolved,3
Mitsubishi_4A3_engine,Dealing_with_It!,5
Dealing_with_It!,Ninja_Gaiden:_Dragon_Sword,4
Ninja_Gaiden:_Dragon_Sword,Rage_comic,4
Game_Boy_Printer,2000_Nebelhorn_Trophy,5
Satsuma_(gastropod),E.T._the_Extra-Terrestrial,4
Dog's_Life,Dance_Moms,4
Dance_Moms,Cucumber,3
"Stratford,_Ontario",User_talk:Swaggiee,-1
WLL,Egestion,4
Egestion,User_talk:Fixylol,-1
User_talk:Fixylol,User:Faizan,-1
User:Faizan,User_talk:MusikAnimal/old_talkpage,-1
User_talk:MusikAnimal/old_talkpage,User_talk:Fixylol,-1
The_Rains_of_Castamere,User_talk:Lugia2453,-1
SunCruz_Aquasino,User_talk:Nikeandshitt,-1
Reference_card,1980–81_Colorado_Rockies_season,5
1980–81_Colorado_Rockies_season,Jumbo_River,4
Jumbo_River,Fuero,3
Fuero,User_talk:Hiyaguy12,-1
Joel_Osteen,User:Sosthenes12,-1
User:Sosthenes12,Joel_Osteen,-1
Basketball_at_the_2011_Summer_Universiade,Black_operation,4
Wikipedia:Assume_bad_faith,O_Canada,3
Wikipedia:Assume_bad_faith,User:UBX/GENRE_WARRIOR,-1
User:UBX/GENRE_WARRIOR,User_talk:Jimbo_Wales,-1
User_talk:Jimbo_Wales,User_talk:TartarSauceGuy,-1
Wind,User_talk:SmeyHAcker,-1
Jai_Courtney,S7_Airlines,3
Game_of_Thrones,The_Hammond_School,3
The_Hammond_School,Industrial_Design_Law_of_Oman,5
Industrial_Design_Law_of_Oman,The_Hammond_School,5
The_Hammond_School,Lincolnshire,3
Scotland,"Llanfynydd,_Flintshire",3
"Llanfynydd,_Flintshire",Swansea,2
Swansea,The_Hammond_School,3
Grumpy_Cat,User_talk:Jim1138,-1
Grumpy_Cat,User_talk:Faizan,-1
Grumpy_Cat,User_talk:Jim1138,-1
Grumpy_Cat,User_talk:Jim1138,-1
User_talk:Jim1138,Eric_Cartman,4
User:Skirisk,File:Versions_of_the_Doctor.jpg,-1
File:Versions_of_the_Doctor.jpg,John_Hurt,2
What_Makes_You_Beautiful,Live_While_We're_Young,2
Live_While_We're_Young,British_Invasion,2
British_Invasion,Up_All_Night_(One_Direction_album),3
Up_All_Night_(One_Direction_album),Take_Me_Home_(One_Direction_album),1
Take_Me_Home_(One_Direction_album),Little_Things_(One_Direction_song),1
Little_Things_(One_Direction_song),Kiss_You_(One_Direction_song),2
Joel_Heyman,WWE_Network,2
Bernard_Voorhoof,User:Kayag,-1
User:Kayag,Sepp_Herberger,-1
Sándor_Kocsis,Category:Deaths_by_cause,4
Category:Deaths_by_cause,Category:Sportspeople_who_committed_suicide,-1
Category:Sportspeople_who_committed_suicide,Guglielmo_Marconi,-1
Ebola_virus_disease,User:Kayag,-1
User:Kayag,April_20,-1
Oldřich_Nejedlý,Didi_(footballer),3
Acute_liver_failure,Category:Types_of_cancer,-1
Category:Types_of_cancer,Birthmark,-1
Birthmark,User:Kayag,-1
User:Kayag,User_talk:Kayag,-1
User_talk:Kayag,User:Kayag,-1
User:Kayag,Joseph_Stalin,-1
Dean's_List,User:Kayag,-1
User:Kayag,Cristiano_Ronaldo,-1
Cristiano_Ronaldo,Justin_Bieber,1
Justin_Bieber,One_Direction,2
One_Direction,Suicide,3
Suicide,Justin_Bieber,3
Justin_Bieber,Nerd,3
Nerd,User_talk:Amaury,-1
File:Castiel_(supernatural).jpg,"Hey_You,_Pikachu!",5
"Hey_You,_Pikachu!",User:DavidLeighEllis,-1
Photography,Thiago_Alcântara,4
Rice,Down_with_Webster,4
Down_with_Webster,The_Pentagon,3
Twynham_School,User_talk:CallumMercer33,-1
User_talk:CallumMercer33,User_talk:CallumMercer34,-1
User_talk:CallumMercer34,User:Bob_Re-born,-1
User:Bob_Re-born,User_talk:Bob_Re-born,-1
User_talk:Bob_Re-born,User_talk:CallumMercer34,-1
User_talk:CallumMercer34,User:Bob_Re-born,-1
User:Bob_Re-born,User_talk:Bob_Re-born,-1
User_talk:Bob_Re-born,User:Bob_Re-born,-1
User:Bob_Re-born,User_talk:CallumMercer34,-1
Talk:Dr._Seuss,Talk:Tosh.0,-1
Talk:Tosh.0,Talk:Daniel_Tosh,-1
Talk:Daniel_Tosh,User_talk:Dawn_Bard,-1
User_talk:Dawn_Bard,Talk:Adolf_Hitler,-1
Who_Wants_to_Be_a_Millionaire?,The_Million_Pound_Drop,2
Who_Wants_to_Be_a_Millionaire?,User_talk:Dawn_Bard,-1
User_talk:Dawn_Bard,User_talk:Myname25,-1
Kris_Commons,User_talk:EMDEEDUBLU,-1
User_talk:ChrisGualtieri,User_talk:Magafuzula,-1
Mount_Rushmore,User:Dibby63,-1
Mount_Rushmore,User:Dibby63/sandbox,-1
Mount_Rushmore,User_talk:Amaury,-1
User:Ryan1269,James_Clerk_Maxwell,-1
Monoporeia,Danutė_Eidukaitė,5
Danutė_Eidukaitė,Darn,-1
Ellipsis,User:Alexroller,-1
Joseph_Jenkins,User_talk:Chris_Clarke_123,-1
Joseph_Jenkins,User_talk:Chris_Clarke_123,-1
Phineas_and_Ferb_(video_game),Seán,4
Seán,Tinychat,4
White_privilege,Wikipedia_talk:Teahouse,-1
Vancouver_School,Arnaud_Maggs,3
Arnaud_Maggs,NSCAD_conceptual_art,3
NSCAD_conceptual_art,Toronto_School_of_communication_theory,3
Toronto_School_of_communication_theory,Mark_Lewis_(artist),4
Mark_Lewis_(artist),Oscar_Cahén,3
Oscar_Cahén,Shift_(sculpture),3
Shift_(sculpture),Glen_Bradley,5
Crocs,After_Earth,3
After_Earth,The_Wicker_Man_(2006_film),2
Raj_Koothrappali,Magic:_The_Gathering,3
Grape,User_talk:L'sekdjwe,-1
The_Fat_Boys,Jennifer_Pinches,5
Jin_Mao_Tower,Misao_Okawa,4
Misao_Okawa,Gibbon,3
Gorilla,Eastern_lowland_gorilla,1
Eastern_lowland_gorilla,Empire_State_Building,3
Petronas_Towers,Zifeng_Tower,2
Zifeng_Tower,Willis_Tower,2
Willis_Tower,Chrysler_Building,1
One_World_Trade_Center,Abraj_Al_Bait,1
Abraj_Al_Bait,Burj_Khalifa,1
Burj_Khalifa,Taipei_101,1
Petronas_Towers,Zifeng_Tower,2
Zifeng_Tower,Willis_Tower,2
Willis_Tower,Empire_State_Building,2
African_bush_elephant,African_forest_elephant,1
Gerlinde_Kaltenbrunner,User_talk:Claymore124,-1
User_talk:Claymore124,Oomycete,-1
Postal_(video_game),CastleMiner,3
CastleMiner,Postal_2,3
Schoolboy_Q,Big_Sean,2
Syed_Ali_Shah_Geelani,Aurangzeb_(film),3
Aurangzeb_(film),Dhoom_3,2
Dhoom_3,Rajneeti_2,3
Rajneeti_2,Zoya_Akhtar,2
Indiana_University,User_talk:Faizan,-1
Who_Wants_to_Be_a_Millionaire?,User_talk:McGeddon,-1
The_Special_Duty_Combat_Unit_Shinesman,Jaws_3-D,4
Database,Talk:Database,-1
Talk:Database,Michael_Jackson's_Thriller,5
Theresa_Breslin,User:BuddyBobs,-1
Huế_chemical_attacks,David_Moyes,4
Mount_Etna,User_talk:Biker_Biker,-1
User_talk:Biker_Biker,Bicycle,3
Duncan_Lewin,Mayflower_Secondary_School,5
William_Whiting,ARA_Comodoro_Somellera_(A-10),4
ARA_Comodoro_Somellera_(A-10),2008–09_Etisalat_Emirates_Cup,5
2008–09_Etisalat_Emirates_Cup,Niedabyl,6
Niedabyl,Wikipedia:Administrator_intervention_against_vandalism,5
Wikipedia:Administrator_intervention_against_vandalism,Chennevières-lès-Louvres,5
Wikipedia:Sockpuppet_investigations/KunoxTxa,User_talk:QunoxTxa,-1
User_talk:QunoxTxa,Armenia_national_football_team,-1
Armenia_national_football_team,Alashkert_FC,2
Azealia_Banks,Iggy_Azalea,2
Iggy_Azalea,Donatella_Versace,2
Azealia_Banks,Lisa_Ann,3
Willoughton,User_talk:Acabashi,-1
Willoughton,User_talk:BenClubley,-1
Harry_S._Truman,Wikipedia:Sandbox,4
Wikipedia:Sandbox,User_talk:Educatedhuman007,-1
Call_of_Duty:_Modern_Warfare_3,Call_of_Duty:_World_at_War,2
Talk:List_of_convicted_war_criminals,Woodstock,4
Heidi_Harris,Loose_Change_(film_series),3
Loose_Change_(film_series),Heidi_Harris,4
Heidi_Harris,Loose_Change_(film_series),3
Loose_Change_(film_series),Heidi_Harris,4
Glenn_Beck,Talk:Glenn_Beck,-1
Talk:Glenn_Beck,User:Sstteevvee,-1
User:Sstteevvee,Philip_Zimbardo,-1
Talk:List_of_convicted_war_criminals,Lenny_Breau,5
CNN,Talk:Dershowitz–Finkelstein_affair,-1
Talk:Dershowitz–Finkelstein_affair,The_Case_for_Israel,2
Alan_Dershowitz,Talk:Norman_Finkelstein,-1
Talk:Norman_Finkelstein,Altered_chord,4
Glenn_Beck,Talk:Glenn_Beck,-1
Talk:Glenn_Beck,Glenn_Beck,2
Glenn_Beck,Talk:Glenn_Beck,-1
Talk:Glenn_Beck,1970s,4
1970s,Talk:1970s,-1
Talk:1970s,Paul_Wolfowitz,4
Paul_Wolfowitz,Talk:Paul_Wolfowitz,-1
Talk:Paul_Wolfowitz,Talk:1970s,-1
Talk:1970s,Talk:Glenn_Beck,-1
Talk:Glenn_Beck,Talk:1970s,-1
Talk:1970s,1970s,2
1970s,Talk:Glenn_Beck,-1
Talk:Glenn_Beck,Cindy_Sheehan,3
Cindy_Sheehan,William_Anthony_Donohue,3
William_Anthony_Donohue,Talk:MSNBC,-1
Talk:MSNBC,Sean_Hannity,3
Fab,User_talk:Mamalujo,-1
User_talk:Mamalujo,Talk:Media_Matters_for_America,-1
Talk:Media_Matters_for_America,User_talk:Mamalujo,-1
User_talk:Mamalujo,Talk:William_Anthony_Donohue,-1
Talk:William_Anthony_Donohue,Led_Zeppelin,3
1970s,John_Perkins_(author),3
John_Perkins_(author),Talk:Glenn_Beck,-1
Talk:Glenn_Beck,Boredom,4
Arse,Talk:Boredom,-1
Talk:Boredom,U2,3
U2,Talk:Boredom,-1
Talk:Boredom,User_talk:Sstteevvee,-1
Talk:List_of_convicted_war_criminals,Thomas_Friedman,3
B._B._Gabor,Talk:Dave_Levac,-1
Talk:Dave_Levac,Ted_Stevens,-1
Ted_Stevens,List_of_Hill_Street_Blues_cast_members,3
Fox_News_Channel,Talk:Fox_News_Channel,-1
Talk:Fox_News_Channel,Document_(album),3
Alan_Greenspan,Talk:Break-up_of_the_Beatles,-1
Talk:Break-up_of_the_Beatles,Glenn_Beck,-1
Glenn_Beck,Break-up_of_the_Beatles,3
Break-up_of_the_Beatles,Yoko_Ono,1
Naomi_Klein,Break-up_of_the_Beatles,3
Break-up_of_the_Beatles,Glenn_Beck,3
Glenn_Beck,Wikipedia:Requested_articles/Biography/By_profession,-1
Wikipedia:Requested_articles/Biography/By_profession,Talk:Robert_Dziekański_Taser_incident,-1
Talk:Robert_Dziekański_Taser_incident,Pat_Phoenix,4
Pat_Phoenix,Talk:Robert_Dziekański_Taser_incident,-1
Talk:Robert_Dziekański_Taser_incident,Jena_Six,4
Jena_Six,Talk:Jena_Six,-1
Talk:Jena_Six,Jena_Six,3
Noam_Chomsky,Talk:Noam_Chomsky,-1
Talk:Noam_Chomsky,Todd_Gitlin,3
Todd_Gitlin,Talk:Bernardine_Dohrn,-1
Talk:Bernardine_Dohrn,User:Sstteevvee,-1
User:Sstteevvee,Lou_Dobbs,-1
Indulgence,Zeitgeist:_The_Movie,3
Jena_Six,Wikipedia:Requested_articles/Biography/By_profession,-1
Wikipedia:Requested_articles/Biography/By_profession,Talk:Fart,-1
Talk:Fart,Bill_Hicks,3
Sam_Kinison,Big_Fun_(Miles_Davis_album),3
Big_Fun_(Miles_Davis_album),Wikipedia:Requested_articles/Biography/By_profession,-1
Wikipedia:Requested_articles/Biography/By_profession,Oops,6
Mike_Huckabee,Talk:Fart,-1
Talk:Fart,Talk:Buddy_Guy,-1
Talk:Buddy_Guy,Ann_Coulter,3
Jena_Six,Talk:Jena_Six,-1
Talk:Jena_Six,User:Sstteevvee,-1
User:Sstteevvee,British_anti-invasion_preparations_of_the_Second_World_War,-1
British_anti-invasion_preparations_of_the_Second_World_War,Mashmakhan,4
Results_of_the_2008_Democratic_Party_presidential_primaries,Wikipedia:Requested_articles/Biography/By_profession,-1
Wikipedia:Requested_articles/Biography/By_profession,NTS,-1
I_Pity_the_Fool_(TV_series),Talk:Bernardine_Dohrn,-1
Talk:Bernardine_Dohrn,Bernardine_Dohrn,1
Bernardine_Dohrn,Talk:Bernardine_Dohrn,-1
Talk:Bernardine_Dohrn,Students_for_a_Democratic_Society,2
Touching_the_Void,Wikipedia:Requested_articles/Biography/By_profession,-1
Wikipedia:Requested_articles/Biography/By_profession,Touching_the_Void,3
Bernardine_Dohrn,Talk:Robert_Fisk,5
Talk:Robert_Fisk,Kind_of_Blue,4
North_American_Man/Boy_Love_Association,Talk:Fart,-1
Talk:Fart,My_Lai_Massacre,3
Grateful_Dead_discography,Talk:Fart,-1
Talk:Fart,Talk:Osama_bin_Laden,-1
Talk:Osama_bin_Laden,Sojourner_Truth,4
Osama_bin_Laden,Talk:Fart,-1
Talk:Fart,Wikipedia:Requested_articles/Biography/By_profession,-1
Wikipedia:Requested_articles/Biography/By_profession,Male_pregnancy,3
Male_pregnancy,Wikipedia:Requested_articles/Biography/By_profession,-1
Wikipedia:Requested_articles/Biography/By_profession,Talk:Gary_Peacock,-1
Talk:Gary_Peacock,Wikipedia:Requested_articles/Biography/By_profession,-1
Wikipedia:Requested_articles/Biography/By_profession,Robert_Dziekański_Taser_incident,3
Robert_Dziekański_Taser_incident,Talk:Robert_Dziekański_Taser_incident,-1
Talk:Robert_Dziekański_Taser_incident,Taser_safety_issues,2
Monique_D._Davis,Wikipedia:Requested_articles/Biography/By_profession,-1
Wikipedia:Requested_articles/Biography/By_profession,Metronome,3
Metronome,Talk:The_Brian_Jonestown_Massacre,4
Talk:The_Brian_Jonestown_Massacre,Sean_Bell_shooting_incident,4
Sean_Bell_shooting_incident,Talk:Sean_Bell_shooting_incident,-1
Talk:Sean_Bell_shooting_incident,User:Sstteevvee,-1
User:Sstteevvee,Talk:Eric_Alterman,-1
Talk:Eric_Alterman,John_Helliwell,-1
Robert_Wright_(journalist),Talk:Robert_Wright_(journalist),-1
Talk:Robert_Wright_(journalist),William_Kristol,3
Led_Zeppelin,Talk:Russo-Georgian_War,-1
Talk:Russo-Georgian_War,Russo-Georgian_War,1
George_Harrison,Talk:Jerome_Corsi,-1
Talk:Jerome_Corsi,The_Political_Cesspool,1
The_Political_Cesspool,User:Sstteevvee,-1
User:Sstteevvee,Heidi_Harris,-1
Magneto_and_Titanium_Man,File_talk:George_W_Bush_approval_ratings.svg,-1
File_talk:George_W_Bush_approval_ratings.svg,Adolf_Eichmann,4
Leonard_Cohen,Talk:Harry_Rasky,-1
Talk:Harry_Rasky,Bill_Ayers,-1
Yellowstone_Caldera,Talk:Yellowstone_Caldera,-1
Talk:Yellowstone_Caldera,Norman_Finkelstein,4
Martin_Indyk,Talk:Robert_Fisk,4
Talk:Robert_Fisk,Martin_Indyk,3
Michael_Moore_controversies,Look_People,4
Look_People,Talk:Martin_Indyk,-1
Talk:Martin_Indyk,Martin_Indyk,3
Martin_Indyk,Talk:Leonard_Cohen,-1
Talk:Leonard_Cohen,Talk:The_Brian_Jonestown_Massacre,4
Talk:The_Brian_Jonestown_Massacre,The_Brian_Jonestown_Massacre,2
The_Brian_Jonestown_Massacre,Talk:Frankie_Emerson,-1
Talk:Frankie_Emerson,The_Brian_Jonestown_Massacre,-1
The_Brian_Jonestown_Massacre,Talk:The_Brian_Jonestown_Massacre,1
Talk:The_Brian_Jonestown_Massacre,The_Brian_Jonestown_Massacre,2
The_Brian_Jonestown_Massacre,Talk:The_Brian_Jonestown_Massacre,1
Talk:The_Brian_Jonestown_Massacre,The_Brian_Jonestown_Massacre,2
The_Brian_Jonestown_Massacre,Talk:The_Brian_Jonestown_Massacre,1
Talk:The_Brian_Jonestown_Massacre,The_Brian_Jonestown_Massacre,2
The_Brian_Jonestown_Massacre,Talk:The_Brian_Jonestown_Massacre,1
Talk:The_Brian_Jonestown_Massacre,The_Brian_Jonestown_Massacre,2
The_Brian_Jonestown_Massacre,Talk:The_Brian_Jonestown_Massacre,1
Talk:The_Brian_Jonestown_Massacre,The_Brian_Jonestown_Massacre,2
The_Brian_Jonestown_Massacre,John_Lennon's_musical_instruments,3
John_Lennon's_musical_instruments,The_Young_Turks,3
Yonge_Street,Ana_Kasparian,4
Ana_Kasparian,Howard_Machtinger,4
Howard_Machtinger,The_Brian_Jonestown_Massacre,3
Jill_Pike,Talk:Ana_Kasparian,-1
Talk:Ana_Kasparian,Diprosopus,5
Diprosopus,Ashley_Todd_mugging_hoax,5
Ashley_Todd_mugging_hoax,Gene_Simmons,3
Gene_Simmons,User_talk:Sstteevvee,-1
User_talk:Sstteevvee,The_Brian_Jonestown_Massacre,4
The_Brian_Jonestown_Massacre,Bob_Lefsetz,4
Gene_Simmons,Ana_Kasparian,3
Ana_Kasparian,Gene_Simmons,3
Gene_Simmons,Ana_Kasparian,3
Ana_Kasparian,Karl_Rove,3
Naked_singularity,Durban_Review_Conference,4
Durban_Review_Conference,The_Brian_Jonestown_Massacre,3
The_Brian_Jonestown_Massacre,Ana_Kasparian,4
Ana_Kasparian,Bonobo,3
Bonobo,Talk:Gene_Simmons,4
Talk:Gene_Simmons,Bizarre_(TV_series),4
Read_All_About_It!,Ana_Kasparian,4
Ana_Kasparian,The_Brian_Jonestown_Massacre,3
Scientology,Talk:Jumping_the_shark,-1
Talk:Jumping_the_shark,Talk:The_Brian_Jonestown_Massacre,5
Talk:The_Brian_Jonestown_Massacre,Wikipedia:Requested_articles/Natural_sciences,-1
Wikipedia:Requested_articles/Natural_sciences,Duke_(album),4
The_Young_Turks,Blackbird_(Beatles_song),4
Blackbird_(Beatles_song),Jack_Abramoff,3
Jack_Abramoff,Blackbird_(Beatles_song),3
Blackbird_(Beatles_song),Ana_Kasparian,4
Ana_Kasparian,The_Young_Turks,2
Bellevue_Hospital_Center,Talk:Balloon_boy_hoax,-1
Talk:Balloon_boy_hoax,Wikipedia:Requested_articles/Biography/By_profession,-1
Wikipedia:Requested_articles/Biography/By_profession,The_Brian_Jonestown_Massacre,3
Rik_Emmett,Talk:Dianne_Reeves,5
Talk:Dianne_Reeves,The_Brian_Jonestown_Massacre,4
Slander:_Liberal_Lies_About_the_American_Right,Blackbird_(Beatles_song),4
Blackbird_(Beatles_song),"List_of_Dr._Katz,_Professional_Therapist_episodes",4
"List_of_Dr._Katz,_Professional_Therapist_episodes",Sean_Bell_shooting_incident,4
Sean_Bell_shooting_incident,Talk:2000s_in_music,-1
Talk:2000s_in_music,2000s_in_music,3
2000s_in_music,Ritchie_Yorke,3
Ritchie_Yorke,Wendy_O._Williams,3
Wendy_O._Williams,Lonnie_Johnson_(musician),3
Lonnie_Johnson_(musician),Talk:What_a_Fool_Believes,-1
Talk:What_a_Fool_Believes,Who_Killed_Sgt._Pepper?,-1
Who_Killed_Sgt._Pepper?,The_Brian_Jonestown_Massacre,1
The_Brian_Jonestown_Massacre,2006_Ontario_terrorism_plot,3
2006_Ontario_terrorism_plot,Kellogg's,3
Kellogg's,Pedro_Espada_Jr.,3
Pedro_Espada_Jr.,S._E._Cupp,3
S._E._Cupp,Teenage_Head_(band),4
1971,Hank_Moody,2
Hank_Moody,Micky_Dolenz,3
Spontaneous_human_combustion,So_Beautiful_or_So_What,4
So_Beautiful_or_So_What,Roger_Hargreaves,4
Roger_Hargreaves,User:Sstteevvee,-1
User:Sstteevvee,Point_Lepreau_Nuclear_Generating_Station,-1
Point_Lepreau_Nuclear_Generating_Station,Talk:Thick_as_a_Brick_2,-1
Talk:Thick_as_a_Brick_2,The_Brian_Jonestown_Massacre,-1
Hypertext_Transfer_Protocol,Angrignon_Park,3
Angrignon_Park,David_Icke,4
David_Icke,User_talk:Britmax,-1
User_talk:Britmax,The_Dragon_Academy,5
Timothy_McVeigh,User_talk:Sstteevvee,-1
User_talk:Sstteevvee,Helix_(band),4
Armed_Forces_of_Armenia,Cuban_Revolutionary_Armed_Forces,2
User:AMADU_M_THE_KING_GLB_BAH,Hefei_Normal_University,-1
Hefei_Normal_University,PVIFA,-1
PVIFA,OpenProjectsFoundation,7
OpenProjectsFoundation,Human_trafficking_in_Denmark,5
Vail_Ski_&_Snowboard_Academy,Wikipedia:Administrator_intervention_against_vandalism,5
Vail_Ski_&_Snowboard_Academy,Wikipedia:Administrator_intervention_against_vandalism,5
Vail_Ski_&_Snowboard_Academy,Wikipedia:Administrator_intervention_against_vandalism,5
User_talk:Deadpoolsawesome,User_talk:Prhartcom,-1
User_talk:Donner60,User:Starfox6420/sandbox,-1
User:Starfox6420/sandbox,Star_Fox_64,-1
User_talk:Donner60,User_talk:Starfox6420,-1
Sushi,User_talk:ProbablyJustAMisPrint,-1
Yoshi,User_talk:ProbablyJustAMisPrint,-1
User_talk:ProbablyJustAMisPrint,User_talk:Boing!_said_Zebedee,-1
User_talk:Boing!_said_Zebedee,User_talk:ProbablyJustAMisPrint,-1
User:Bknonlnkkn_Bakabvqnwnn,Maureen_Starkey_Tigrett,-1
Maureen_Starkey_Tigrett,Residual_property,-1
Residual_property,Incurvaria_pectinea,7
Henry_L._Hulbert,Rosário_do_Ivaí,4
Rosário_do_Ivaí,Chugai_Pharmaceutical_Co.,4
Anna_Chakvetadze,Nanogenerator,5
Nanogenerator,User_talk:Mercurywoodrose,-1
Will.i.am,Melisa_Cantiveros,3
Boarding_school,User_talk:The_Page_Deleter,-1
Boarding_school,User_talk:The_Page_Deleter,-1
Boarding_school,User_talk:The_Page_Deleter,-1
Tin_mining,Mustelidae,3
Gilbert_Bukenya,Eduardo_Saverin,3
Eduardo_Saverin,Swiss_people,3
User_talk:Krzysztof_hun,Gratuity,-1
Montenegrin_Littoral,Olomučany,4
Olomučany,Rájec-Jestřebí,2
Rájec-Jestřebí,Olomučany,1
Olomučany,Crhov,2
Crhov,"Ostowo,_Gmina_Kartuzy",5
User_talk:Matty.007,User:Matty.007/guestbook,-1
User_talk:Matty.007,User:Matty.007/Awards,-1
User:Matty.007/Awards,User:Matty.007,-1
User:Matty.007,User_talk:Sms-aka-me,-1
December_18,List_of_individual_dogs,4
List_of_individual_dogs,Chris_White_(politician),3
Chris_White_(politician),Emmanuel_Eboué,4
European_Union,User_talk:Moneycashmoney,-1
Talk:Pokémon,Faze,5
WrestleMania_29,WrestleMania_XXV,2
2013_Indianapolis_500,"Leetown,_Perth_and_Kinross",4
"Leetown,_Perth_and_Kinross",George_Hill_Detlor,5
George_Hill_Detlor,Promastodonsaurus,5
Promastodonsaurus,Buchan_trap,5
Buchan_trap,Joaquín_Lorenzo_Villanueva,5
Joaquín_Lorenzo_Villanueva,Stripper,5
Aussie,Darkened_Nocturn_Slaughtercult,4
