Bluefield_High_School_(Prince_Edward_Island),Robert_Ghiz,2
Sable_Saanen,Prebbleton,4
Prebbleton,Grand_Teton_National_Park,4
Barack_Obama,User_talk:Yanniboy1996,-1
Eddie_Guerrero,Elimination_Chamber_(2013),2
Toby_Turner,Obi-Wan_Kenobi,3
Obi-Wan_Kenobi,User:FizWitt/sandbox,-1
User:FizWitt/sandbox,Obi-Wan_Kenobi,-1
Feng_shui,Kite_experiment,3
Kite_experiment,Train,3
Ballyfermot,Beats_Electronics,3
St_Catherine's_Catholic_High_School,User:XJowett96/sandbox,-1
User:XJowett96/sandbox,User_talk:Riana,-1
St_Catherine's_Catholic_High_School,User_talk:Riana,-1
Detroit,Alamo_Canal,3
Alamo_Canal,Buckland_Riot,4
Buckland_Riot,User_talk:Theblackmamba69,-1
Yoga,Kevin_Stöger,4
Kevin_Stöger,User:CorrectKnowledge,-1
Rwandan_cuisine,Mali,2
Yoda,HHHH,-1
Frances_Hodgson_Burnett,User_talk:Cameron05230301,-1
Frances_Hodgson_Burnett,User:Cameron05230301,-1
User:Cameron05230301,Nat_King_Cole,-1
Magic_Mike,User:Cameron05230301,-1
User:Cameron05230301,Michael_Jackson,-1
Nat_King_Cole,User_talk:Cameron05230301,-1
User_talk:Cameron05230301,Rhode_Island,-1
Ford_Ranchero,User_talk:FindingStormNemo,-1
Mountain_Dew,Andrew_Ryan_(rugby_league),4
Andrew_Ryan_(rugby_league),Gudhem,5
E-commerce_in_Southeast_Asia,Electorate_of_Baden,3
2007_NBA_All-Star_Game,User:TDAWG12/Zephyr_Sports,-1
User:TDAWG12/Zephyr_Sports,Montesquieu,-1
Carol_Channing,Wikipedia:Sandbox,4
Wikipedia:Sandbox,Entex_Select-A-Game,-1
1997,H,2
Willie_O'Ree,User_talk:Bobbyhank2,-1
Willie_O'Ree,User_talk:Bobbyhank2,-1
File:Erection_Development.jpg,Loloish_languages,-1
Loloish_languages,Nail_(anatomy),4
Nail_(anatomy),Perth_Academy,4
Ciprian_Tătărușanu,John_Major,3
John_Major,User_talk:Vejvančický,-1
Showbiz_Inside_Report,The_Buzz_(Talk_show),2
The_Buzz_(Talk_show),H.O.T._TV,3
H.O.T._TV,Mr._Fu,3
Mr._Fu,May_Isang_Pangarap,3
May_Isang_Pangarap,Kahit_Konting_Pagtingin,2
Kahit_Konting_Pagtingin,Juan_dela_Cruz_(TV_series),2
Juan_dela_Cruz_(TV_series),"Ina,_Kapatid,_Anak",1
"Ina,_Kapatid,_Anak",Apoy_Sa_Dagat,2
Apoy_Sa_Dagat,Paraiso_(TV_series),2
Paraiso_(TV_series),Precious_Hearts_Romances_Presents,1
Precious_Hearts_Romances_Presents,Ryan_Cayabyab,2
Ryan_Cayabyab,Thou_Reyes,3
Thou_Reyes,Andi_Manzano,2
Andi_Manzano,Roderick_Paulate,3
Roderick_Paulate,"Kapamilya,_Deal_or_No_Deal",2
"Kapamilya,_Deal_or_No_Deal",Pamela_Bianca_Manalo,3
Pamela_Bianca_Manalo,Valeen_Montenegro,3
Ali_G_Indahouse,User:Harry_Norman/sandbox,-1
User:Harry_Norman/sandbox,User_talk:Harry_Norman,-1
User:Jj999k4k,French_toast,-1
Grand_style_(rhetoric),Women's_National_Basketball_Association,4
Army,User:Srich32977,-1
User:Srich32977,Cowards,-1
Cowards,File:Minecraft_logo.svg,-1
File:Minecraft_logo.svg,User_talk:Cst17,-1
User_talk:Cst17,User:HostBot,-1
User:HostBot,Wikipedia:Teahouse/Badge,-1
Wikipedia:Teahouse/Badge,Wikipedia:Teahouse/Badge/Maitre_d',-1
Wikipedia:Teahouse/Badge/Maitre_d',Wikipedia:Teahouse,-1
Wikipedia:Teahouse,User:HostBot,-1
User:HostBot,User_talk:Weisson123,-1
User_talk:Weisson123,Cowards,1
Cowardice,Wikipedia:Teahouse/Host_landing,-1
Wikipedia:Teahouse/Host_landing,Cowardice,-1
Cowardice,User_talk:Weisson123,-1
User_talk:Weisson123,User:Weisson123,-1
User:Weisson123,Cowardice,-1
Cowardice,User:Weisson123,-1
User:Weisson123,User:HostBot,-1
User:HostBot,User:Weisson123,-1
User:Weisson123,Kepler-37b,-1
Kepler-37b,Wikipedia:Bots/Requests_for_approval/WAbot,-1
Wikipedia:Bots/Requests_for_approval/WAbot,Wikipedia:Bots/Requests_for_approval/Weissonbot,-1
Wikipedia:Bots/Requests_for_approval/Weissonbot,User:Weisson123,-1
User:Weisson123,Camping,-1
Hill,User_talk:Vacation9,-1
User_talk:Vacation9,Hill,-1
Mountain,User:Weisson123/sandbox,-1
User:Weisson123/sandbox,Fuel_oil,-1
Fuel_oil,2013_Hyderabad_blasts,3
2013_Hyderabad_blasts,User_talk:Weisson123,-1
Irregular_galaxy,User_talk:Lolgag98,-1
Fredesvinda_García,Annie_Jessy_Curwen,5
Annie_Jessy_Curwen,Annie_Oakley,4
Lists_of_countries_and_territories,List_of_decades,2
List_of_decades,2013_Luxor_hot_air_balloon_crash,3
2013_Luxor_hot_air_balloon_crash,"German_federal_election,_2005",4
Bill_Nye_the_Science_Guy,User_talk:Bongwarrior,-1
Billy_the_Kid,User_talk:Bongwarrior,-1
User_talk:Bongwarrior,Billboard_(magazine),5
Boston_Massacre,Mark_Striegl,5
360_(rapper),Ted_Bundy,4
Ted_Bundy,User_talk:LuK3,-1
Kanō_Jigorō,User:Andrewman327,-1
Brussels_Airport_diamond_heist,Ghana,2
Müşfik_Kenter,Sailor,3
Nancy_Smith,Trip_Hawkins,4
Bryant_McKinnie,User_talk:Scottywong,-1
Police_brutality_in_the_United_States,I_Know_What_You_Did_Last_Summer,4
Police_brutality_in_the_United_States,User_talk:Epicmarriott88,-1
Mandy_Moore,Dionne_Bromfield,3
MPLA,Women_Media_Center,5
Women_Media_Center,Colorado_State_University,3
IOS,User_talk:Eyesnore/Editnotice,-1
User_talk:Eyesnore/Editnotice,User_talk:Eyesnore,-1
Immigration,User_talk:Goldjoe10,-1
Harry_Houdini,User_talk:Yankedoodle,-1
Potato_bread,User_talk:Thsiismienusername,-1
User_talk:Thsiismienusername,Live_at_London_Astoria_16.07.08,5
Live_at_London_Astoria_16.07.08,Jayezan_Rural_District,5
Jayezan_Rural_District,Quidditch_Through_the_Ages,5
Tarantula,User_talk:Daveyjones121,-1
Jack_Black,Marcus_Freeman_(tight_end),4
Rebecca_Lee_Crumpler,User_talk:Katy_Sweeteart.,-1
User_talk:Katy_Sweeteart.,Extended_play,1
Dave_Chappelle,User_talk:Agagagagaga,-1
Minar-e-Pakistan,National_Assembly_(Pakistan),3
National_Assembly_(Pakistan),Markhor,3
List_of_people_from_Alabama,Yadkin–Pee_Dee_River_Basin,3
Yadkin–Pee_Dee_River_Basin,Arthur_Dobbs,3
100_metres,Tomorrowland_(festival),3
User:Leave61/sandbox,Djibouti,-1
Universe,Hot_Neptune,3
The_X_Factor_(UK_series_10),2012–13_Newcastle_United_F.C._season,3
2012–13_Newcastle_United_F.C._season,The_X_Factor_(UK_TV_series),3
The_X_Factor_(UK_TV_series),Being_Eileen,3
Being_Eileen,Midsomer_Murders,2
Portal:History/Featured_picture/15,Submarine,-1
Hill_57,Tristan,4
Danica_Patrick,Jadeveon_Clowney,3
Jadeveon_Clowney,User_talk:Mikeg803,-1
Sea_urchin,Slender_Man,4
Mr._Bean,Blah_Blah_Blah_(TV_series),3
Mark_Emmert,Wikipedia:Edit_filter/False_positives/Reports,-1
Crush_the_Castle,User_talk:Hihihihihihihi2131323213213,-1
User_talk:Hihihihihihihi2131323213213,Scratch_(programming_language),1
Scratch_(programming_language),Fantage,4
User_talk:Larry_Decker,Template:Wikipedias,4
Template:Wikipedias,Mario_Kart,-1
Mario_Kart,User:Larry_Decker,-1
User:Larry_Decker,Mario_Kart,-1
Kick_(2014_film),Krrish_3,1
Kick_(2014_film),Krrish_3,1
Kick_(2014_film),Krrish_3,1
Macklemore,House_of_Medici,3
House_of_Medici,Diamonds_(Rihanna_song),4
Diamonds_(Rihanna_song),Golden_Age,3
Monster_High,"Catherine,_Duchess_of_Cambridge",3
Elizabeth_Gillies,Quvenzhané_Wallis,3
Andrew_Dost,Jack_Antonoff,1
Jack_Antonoff,Fun_(band),1
Arizona,CastleMiner,4
Corpus_Christi_massacre,Apple_pie,3
Apple_pie,Wikipedia:Edit_filter/False_positives/Reports,-1
User_talk:Madman,User_talk:Hammersoft,-1
User_talk:Hammersoft,Wikipedia:Articles_for_deletion/Obamafuscation,-1
Wikipedia:Articles_for_deletion/Obamafuscation,User_talk:Scot_Ric_Scot_Ric,-1
User_talk:Scot_Ric_Scot_Ric,Wikipedia:Articles_for_deletion/Log/2013_February_18,-1
Wikipedia:Articles_for_deletion/Log/2013_February_18,User_talk:Scot_Ric_Scot_Ric,-1
User_talk:Scot_Ric_Scot_Ric,Budget_support,1
Budget_support,Wikipedia:Articles_for_deletion/Budget_support,-1
Wikipedia:Articles_for_deletion/Budget_support,User_talk:Scot_Ric_Scot_Ric,-1
User_talk:Scot_Ric_Scot_Ric,User_talk:Richhall23,-1
User_talk:Richhall23,User_talk:Scot_Ric_Scot_Ric,-1
User_talk:Scot_Ric_Scot_Ric,Wikipedia:Articles_for_deletion/Log/2013_February_18,-1
Wikipedia:Articles_for_deletion/Log/2013_February_18,Joe_Bays,-1
Joe_Bays,Wikipedia:Articles_for_deletion/Joe_Bays,-1
Wikipedia:Articles_for_deletion/Joe_Bays,Wikipedia:Articles_for_deletion/Log/2013_February_18,-1
Wikipedia:Articles_for_deletion/Log/2013_February_18,User_talk:Adam_Lofitis,-1
User_talk:Adam_Lofitis,User_talk:Scot_Ric_Scot_Ric,-1
User_talk:Scot_Ric_Scot_Ric,User:Scot_Ric_Scot_Ric/Wikipedia_discussion_-_death_penalty,-1
User:Scot_Ric_Scot_Ric/Wikipedia_discussion_-_death_penalty,Talk:Capital_punishment_in_the_United_Kingdom,-1
Talk:Capital_punishment_in_the_United_Kingdom,Wikipedia:What_Wikipedia_is_not,3
Wikipedia:What_Wikipedia_is_not,User:Scot_Ric_Scot_Ric,-1
User:Scot_Ric_Scot_Ric,User_talk:Scot_Ric_Scot_Ric,-1
Bo_Jackson,User:Lilshortygerch3/Cody_Lubinsky,-1
Longstaff,Backstaff,4
Backstaff,User_talk:Adamgawlowski,-1
South_Dartmoor_Community_College,Coombeshead_Academy,1
User:Sesamevoila,User_talk:Obama_Husebin_Laden,-1
Hard-surface_cleaner,Cyclone_Oswald,3
Cyclone_Oswald,Jackson_Hole,3
"South_Gate,_California",The_Walking_Dead_(TV_series),3
The_Walking_Dead_(TV_series),"Warren_High_School_(Downey,_California)",4
Trousers,Wikipedia:Sandbox,4
Wikipedia:Sandbox,Sigmund_Freud,-1
File:Ames_Process_pressure_vessel_remnant_slag_after_reaction.jpg,Manny_Villar,-1
User:RGlnaXRhbE9jZWFu,User_talk:FrigidNinja,-1
User_talk:FrigidNinja,User_talk:RGlnaXRhbE9jZWFu,-1
User_talk:RGlnaXRhbE9jZWFu,User_talk:FrigidNinja,-1
User_talk:FrigidNinja,User_talk:Malik_Shabazz,-1
Thomcord,Troll_(disambiguation),4
Mormonism,Talk:Mormonism,3
Talk:Mormonism,Mormonism,1
Mormonism,User_talk:Checkb4uwreck,-1
User_talk:Checkb4uwreck,Book_of_Moses,2
Dog,User_talk:Paul_Erik,-1
User_talk:Paul_Erik,Troll_(Internet),3
Studien_zur_Altägyptischen_Kultur,Bauru_Airport,4
Bauru_Airport,Rickling,5
Maxim_Reality,"State_of_Nevada_v._Orenthal_James_Simpson,_et_al.",4
"State_of_Nevada_v._Orenthal_James_Simpson,_et_al.",Marion_Barry,3
Harriet_Beecher_Stowe,Reconstruction_Era,2
Reconstruction_Era,Flowers_for_Algernon,3
User:Vorox_the_Glatorian,Goosebumps_HorrorLand,-1
User:Vorox_the_Glatorian,User_talk:EEMIV/Archive11,-1
User_talk:EEMIV/Archive11,User_talk:Horrifico,-1
User:Vorox_the_Glatorian,HorrorLand,-1
HorrorLand,Wikipedia:Requests_for_comment/Arbitration_enforcement,-1
Wikipedia:Requests_for_comment/Arbitration_enforcement,User_talk:Satipo,-1
User_talk:Satipo,My_Friends_Call_Me_Monster,4
My_Friends_Call_Me_Monster,User:C.Fred,-1
User:C.Fred,User_talk:Vorox_the_Glatorian,-1
Acid,User_talk:Tank01,-1
Michigan_Wolverines_football,M,3
M,Q,2
Q,L,2
WALL-E,User:Thatjewishguy829/sandbox,-1
Care_Bears,User:Pigstuffer,-1
User:Pigstuffer,Psychedelic_drug,-1
Committee_of_correspondence,User_talk:Ehart1999,-1
Bubble,User_talk:Smalljim,-1
User_talk:Smalljim,Xiezhi,4
Liger,User:Darkwind,-1
Alcatraz_Federal_Penitentiary,British_National_Party,3
Karl_Koller_(General),Robbin,5
Robbin,File:KarlKoller.jpg,-1
User:Zanoni/Paul_Walker_(footballer_born_1992),Northampton_Town_F.C.,2
User:Zanoni/Paul_Walker_(footballer_born_1992),Electroluminescence,4
Electroluminescence,Talk:Electroluminescence,-1
Talk:Electroluminescence,Kevin,5
Meander,User_talk:Satellizer,-1
Scream_&_Shout,Mark_Oliphant,4
Mark_Oliphant,User:Maxibon24,-1
User:Maxibon24,Slender_Man,-1
Slender_Man,Apple,3
Japanese_aircraft_carrier_Zuihō,Wat_(disambiguation),4
Wat_(disambiguation),John_Denver,3
Landing_at_Anzac_Cove,Cambodian_art,3
Cambodian_art,User_talk:18fle06j,-1
User_talk:18fle06j,Lamington,4
Mark_Oliphant,Scream_&_Shout,4
Scream_&_Shout,Julia_Gillard,3
Deity,User_talk:Chubylord,-1
User_talk:Chubylord,User_talk:Mann_jess,-1
Tokay_gecko,User_talk:Fpsmettalica,-1
User_talk:Σ,User_talk:Gogo_Dodo,-1
User_talk:Σ,User_talk:Gogo_Dodo,-1
User_talk:Gogo_Dodo,User_talk:Mukburger,-1
Big_Hero_6,Category:2016,-1
Category:2016,Talk:2013,-1
Talk:2013,User_talk:Mukburger_3,-1
Basnet,Talk:Walrus,-1
Anne-Hyacinthe_de_Colleville,Libertarian_Party_of_Russia,5
Libertarian_Party_of_Russia,David_Stein,-1
David_Stein,Xanthoma_diabeticorum,5
Xanthoma_diabeticorum,Anastomopteryx,-1
Thilleux,Albert_Mamary,-1
Albert_Mamary,Myinmoletkat_Taung,5
Psychopia,Wikipedia:Sandbox,4
Wikipedia:Sandbox,User:MonsieurKarl/sandbox,-1
User:MonsieurKarl/sandbox,User:MonsieurKarl,-1
User:MonsieurKarl,User_talk:MonsieurKarl,-1
User_talk:MonsieurKarl,User:MonsieurKarl/sandbox,-1
User:MonsieurKarl/sandbox,User:Atethnekos,-1
User:Atethnekos,User_talk:Atethnekos,-1
User_talk:Atethnekos,Portal:Dream_Theater,5
Portal:Dream_Theater,Red,-1
Yellow,User_talk:MonsieurKarl,-1
User_talk:MonsieurKarl,Red,1
Red,User_talk:MonsieurKarl,-1
User_talk:MonsieurKarl,Red,1
Red,User_talk:MonsieurKarl,-1
ABC_Kids_(US),That's_So_Raven,1
Marlon_Brando,Shake_It_Up_(TV_series),2
Toronto_Blue_Jays,User:AlphaZelda,-1
User:AlphaZelda,Menstrie_Glen,-1
Menstrie_Glen,Aglaopus_pyrrhata,6
Elimination_Chamber_(2013),List_of_World_Heavyweight_Champions_(WWE),2
Elimination_Chamber_(2013),List_of_current_members_of_the_United_States_House_of_Representatives_by_seniority,3
Commanding_officer,The_Usos,4
River_Oaks_Public_School,James_Reimer_(ice_hockey),3
James_Reimer_(ice_hockey),Seinfeld,3
Disturbed_(band),James_Reimer_(ice_hockey),3
Sinhalese_people,Talk:Sri_Lanka,-1
Talk:Sri_Lanka,User_talk:Sithara03,-1
User_talk:Sithara03,Talk:Sri_Lanka,-1
Talk:Sri_Lanka,Colombo,3
Anuradhapura,Anuradhapura_Kingdom,2
Anuradhapura_Kingdom,Kandy,2
Elka_Synthex,User:Toomuchtrollface,-1
User:Toomuchtrollface,SK8,-1
Chicken,The_World's_Billionaires,3
"Phoenixville,_Pennsylvania",Talk:Shirley_Phelps-Roper,-1
History_of_Hawaii,History_of_Mexican_Americans,3
History_of_Mexican_Americans,History_of_Texas,2
Rajesh_Rajilal,Gatorade,4
Pyongyang_Sunan_International_Airport,Gatorade,4
Pyongyang_Sunan_International_Airport,Military,2
American_Horror_Story,American_Horror_Story:_Asylum,2
East_Africa,Scandal_(TV_series),3
Scandal_(TV_series),Kerry_Washington,1
Kerry_Washington,Django_Unchained,1
Mandy_Jiroux,Dev_(singer),2
Dev_(singer),Wilmer_Valderrama,3
Actor,The_Twilight_Saga:_New_Moon,2
The_Twilight_Saga:_New_Moon,List_of_Family_Guy_episodes,3
Thrush_(horse),House_painter_and_decorator,4
House_painter_and_decorator,Superhero,3
Help!_(song),User_talk:The_Mag_Gab_2012,-1
User:Wafflestealer654/sandbox,Pier,-1
Congress,John_Francis_Jackson,4
John_Francis_Jackson,Boxer_briefs,4
Boxer_briefs,Cup_(disambiguation),4
Parthian_Empire,User_talk:Ali_g_boom_selecta,-1
Exodus_(American_band),Exodus_discography,1
Exodus_discography,Fabulous_Disaster,1
Fabulous_Disaster,Talk:Fabulous_Disaster,-1
Talk:Fabulous_Disaster,Pleasures_of_the_Flesh,-1
Let_There_Be_Blood,User:MEGADETH666,-1
User:MEGADETH666,Template:User_Death_Angel,-1
Template:User_Death_Angel,Template:User_Metal_Church,-1
Template:User_Metal_Church,Template:User_Lamb_of_God,-1
Template:User_Lamb_of_God,Template:User_Exodus,-1
Template:User_Exodus,User:MEGADETH666,-1
User:MEGADETH666,"Wikipedia:Userboxes/Music/Bands,_L–Z",-1
"Wikipedia:Userboxes/Music/Bands,_L–Z","Wikipedia:Userboxes/Music/Bands,_A–K",-1
"Wikipedia:Userboxes/Music/Bands,_A–K",Template:User_Exodus,-1
Template:User_Exodus,User:MEGADETH666,-1
User:MEGADETH666,United_Forces,3
United_Forces,Stormtroopers_of_Death,1
Dan_Lilker,Anthrax_(American_band),1
Anthrax_(American_band),Anton_Reisenegger,3
Anton_Reisenegger,Nicholas_Barker,1
Nicholas_Barker,United_Forces,1
United_Forces,Template:Stormtroopers_of_Death,2
Template:Stormtroopers_of_Death,Template:Anthrax,2
Template:Anthrax,Brutal_Truth,-1
Brutal_Truth,Pentagram_Chile,3
Pentagram_Chile,Lock_Up_(UK_band),1
Brujeria_(band),United_Forces,1
United_Forces,Dimmu_Borgir,2
Cradle_of_Filth,Template:Cradle_of_Filth,1
Template:Cradle_of_Filth,2012_in_heavy_metal_music,-1
2012_in_heavy_metal_music,2013_in_heavy_metal_music,-1
The_Offspring,D.I._(band),1
D.I._(band),On_the_Western_Front,1
On_the_Western_Front,Caseyology,1
Caseyology,Talk:Caseyology,-1
Talk:Caseyology,D.I._(band),-1
D.I._(band),Talk:D.I._(band),-1
Talk:D.I._(band),Caseyology,1
The_Offspring,Ignition_(The_Offspring_album),1
Ignition_(The_Offspring_album),Dexter_Holland,1
Hammerhead_(song),Happy_Hour!,2
Happy_Hour!,The_Offspring:_Complete_Music_Video_Collection,2
Dexter_Holland,Greg_K.,2
Dexter_Holland,Greg_K.,2
Greg_K.,Dexter_Holland,1
Dexter_Holland,Noodles_(musician),2
The_Offspring,Smash_(The_Offspring_album),1
Misfits_(band),Soundwave_(Australian_music_festival),3
Soundwave_(Australian_music_festival),System_of_a_Down_Reunion_Tour,2
System_of_a_Down_Reunion_Tour,System_of_a_Down,1
Ixnay_on_the_Hombre,"Talk:Rise_and_Fall,_Rage_and_Grace",-1
"Talk:Rise_and_Fall,_Rage_and_Grace",User:Offspringman,-1
User:Offspringman,Soundwave_(Australian_music_festival),2
Conspiracy_of_One,Americana_(The_Offspring_album),1
Americana_(The_Offspring_album),Lagwagon,2
Farewell_(band),Second_Coming_(The_Stone_Roses_album),4
Second_Coming_(The_Stone_Roses_album),The_Stone_Roses,1
The_Stone_Roses,Second_Coming_(The_Stone_Roses_album),1
Second_Coming_(The_Stone_Roses_album),Out_of_Step_(album),4
Pennywise_(band),Ignition_(The_Offspring_album),2
Ignition_(The_Offspring_album),Generator_(Bad_Religion_album),1
Generator_(Bad_Religion_album),Dirt_(Alice_in_Chains_album),3
Dirt_(Alice_in_Chains_album),Ignition_(The_Offspring_album),1
Ignition_(The_Offspring_album),Generator_(Bad_Religion_album),1
Generator_(Bad_Religion_album),Vulgar_Display_of_Power,3
Vulgar_Display_of_Power,Dirt_(Alice_in_Chains_album),3
Dirt_(Alice_in_Chains_album),Rage_Against_the_Machine_(album),2
Images_and_Words,Fear_of_the_Dark_(Iron_Maiden_album),3
Fear_of_the_Dark_(Iron_Maiden_album),Unplugged_(Eric_Clapton_album),3
Unplugged_(Eric_Clapton_album),Core_(Stone_Temple_Pilots_album),1
Core_(Stone_Temple_Pilots_album),Ignition_(The_Offspring_album),2
Ignition_(The_Offspring_album),Dirt_(Alice_in_Chains_album),1
Dirt_(Alice_in_Chains_album),Ignition_(The_Offspring_album),1
Ignition_(The_Offspring_album),Generator_(Bad_Religion_album),1
Generator_(Bad_Religion_album),Vulgar_Display_of_Power,3
Unplugged_(Eric_Clapton_album),Core_(Stone_Temple_Pilots_album),1
Core_(Stone_Temple_Pilots_album),Office_of_Future_Plans,4
Office_of_Future_Plans,J._Robbins,1
Dischord_Records_discography,Office_of_Future_Plans_(album),1
Office_of_Future_Plans_(album),Category:Office_of_Future_Plans_albums,-1
Category:Office_of_Future_Plans_albums,Talk:Office_of_Future_Plans_(album),-1
Talk:Office_of_Future_Plans_(album),File:Office_of_Future_Plans_album.jpg,-1
File:Office_of_Future_Plans_album.jpg,Office_of_Future_Plans_(album),-1
Descendents,Noodles_(musician),2
The_Offspring,Office_of_Future_Plans,3
Office_of_Future_Plans,Office_of_Future_Plans_(album),1
Office_of_Future_Plans_(album),Talk:Office_of_Future_Plans,-1
Circle_Jerks,List_of_Circle_Jerks_band_members,2
List_of_Circle_Jerks_band_members,Greg_Hetson,1
Circle_Jerks,Circle_Jerks_discography,2
Circle_Jerks_discography,MxPx,3
MxPx,Template:MxPx,1
Template:MxPx,MxPx_discography,-1
MxPx_discography,Punk_Rawk_Christmas,1
Punk_Rawk_Christmas,MxPx,1
MxPx,Plans_Within_Plans,1
Plans_Within_Plans,Talk:Plans_Within_Plans,-1
Talk:Plans_Within_Plans,Plans_Within_Plans,2
Plans_Within_Plans,Template:MxPx,2
Template:MxPx,Talk:Plans_Within_Plans,-1
Talk:Plans_Within_Plans,User_talk:Funnyfarmofdoom/Archive_5,-1
User_talk:Funnyfarmofdoom/Archive_5,Plans_Within_Plans,6
Plans_Within_Plans,Talk:Plans_Within_Plans,-1
Talk:Plans_Within_Plans,Plans_Within_Plans,2
Plans_Within_Plans,Pennywise_(band),3
All_or_Nothing,Template:Pennywise,2
Template:Pennywise,Reason_to_Believe_(Pennywise_album),-1
Reason_to_Believe_(Pennywise_album),All_or_Nothing_(Pennywise_album),2
All_or_Nothing_(Pennywise_album),Pennywise_discography,2
Pennywise_(band),User:Offspringman,-1
User:Offspringman,The_View_from_the_Bottom,4
The_View_from_the_Bottom,Talk:The_View_from_the_Bottom,-1
Talk:The_View_from_the_Bottom,Lit_(album),-1
Lit_(band),The_View_from_the_Bottom,1
The_View_from_the_Bottom,Lit_(band),1
Lit_(band),The_View_from_the_Bottom,1
The_View_from_the_Bottom,Template:Lit_(band),2
Template:Lit_(band),Allen_Shellenberger,-1
Allen_Shellenberger,Five_Smokin'_Tracks_from_Lit,2
Lit_(album),The_View_from_the_Bottom,2
The_View_from_the_Bottom,My_Own_Worst_Enemy_(song),2
My_Own_Worst_Enemy_(song),Miserable_(song),2
Lit_(band),Greg_K.,2
Greg_K.,All_or_Nothing_(Pennywise_album),3
All_or_Nothing_(Pennywise_album),Suicidal_Tendencies_(album),3
Mommy's_Little_Monster,Group_Sex_(album),3
Group_Sex_(album),Minor_Threat,2
Minor_Threat,User:Offspringman/The_Cars,-1
User:Offspringman/The_Cars,User:Offspringman/The_Fixx,-1
User:Offspringman/The_Fixx,User:Offspringman,-1
User:Offspringman,Wikipedia:Userboxes/Music/Bands,-1
Wikipedia:Userboxes/Music/Bands,User:Offspringman/Candlebox,-1
User:Offspringman/Candlebox,User:Offspringman,-1
User:Offspringman,Wikipedia:Userboxes/Music/Bands,-1
Wikipedia:Userboxes/Music/Bands,User:Offspringman/Candlebox,-1
User:Offspringman/Candlebox,Love_Stories_&_Other_Musings,-1
Love_Stories_&_Other_Musings,Love_Stories_and_Other_Musings_(album),-1
Love_Stories_and_Other_Musings_(album),Into_the_Sun_(Candlebox_album),-1
Into_the_Sun_(Candlebox_album),Template:Candlebox,2
Template:Candlebox,Candlebox,-1
Candlebox,Talk:Love_Stories_&_Other_Musings,-1
Talk:Love_Stories_&_Other_Musings,Love_Stories_&_Other_Musings,-1
Love_Stories_&_Other_Musings,Candlebox,1
Candlebox_(album),The_View_from_the_Bottom,4
Days_Go_By,Template:The_Offspring,2
Template:The_Offspring,Happy_Hour!,-1
Happy_Hour!,The_Offspring_discography,2
The_Offspring_discography,Days_Go_By_(The_Offspring_album),1
Days_Go_By_(The_Offspring_album),Talk:Days_Go_By_(The_Offspring_album),-1
Talk:Days_Go_By_(The_Offspring_album),Days_Go_By_(The_Offspring_album),-1
Days_Go_By_(The_Offspring_album),Template:The_Offspring,2
Template:The_Offspring,Pete_Parada,-1
Dexter_Holland,Days_Go_By_(The_Offspring_song),2
Days_Go_By_(The_Offspring_song),Template:The_Offspring,2
Template:The_Offspring,Days_Go_By,-1
The_Offspring_discography,Half-Truism,1
Half-Truism,Days_Go_By_(The_Offspring_song),2
Days_Go_By_(The_Offspring_song),Days_Go_By_(The_Offspring_album),1
Days_Go_By_(The_Offspring_album),Dexter_Holland,1
Pennywise_(band),Ignition_(The_Offspring_album),2
Ignition_(The_Offspring_album),Days_Go_By_(The_Offspring_song),2
Days_Go_By_(The_Offspring_song),Template:The_Offspring,2
Template:The_Offspring,Days_Go_By_(The_Offspring_album),-1
Days_Go_By_(The_Offspring_album),Pennywise_(band),2
Pennywise_discography,Zoltán_Téglás,1
Zoltán_Téglás,Pennywise_(band),1
Pennywise_(band),Days_Go_By_(The_Offspring_album),2
Days_Go_By_(The_Offspring_album),E._1999_Eternal,3
E._1999_Eternal,Days_Go_By_(The_Offspring_song),4
Days_Go_By_(The_Offspring_song),Template:The_Offspring,2
Template:The_Offspring,Pennywise_(band),-1
Pennywise_(band),Days_Go_By_(The_Offspring_song),2
Days_Go_By_(The_Offspring_song),Rancid_(band),2
Rancid_(band),File:The_Offspring_-_Days_Go_By_album_cover.jpg,-1
File:The_Offspring_-_Days_Go_By_album_cover.jpg,Days_Go_By_(The_Offspring_album),-1
Days_Go_By_(The_Offspring_album),Bad_Religion,2
Bad_Religion,Psalms_for_the_Dead,4
Psalms_for_the_Dead,Robert_Lowe_(musician),1
Black_Sabbath,The_Offspring:_Complete_Music_Video_Collection,3
NOFX,Book:The_Offspring,2
Book:The_Offspring,Book:Bad_Religion,3
Book:Bad_Religion,Book:The_Offspring,3
Book:The_Offspring,Book:Bad_Religion,3
Book:Bad_Religion,Bad_Religion,1
Bad_Religion,Template:The_Offspring,2
Template:The_Offspring,Book:The_Offspring,-1
Book:The_Offspring,Book:Bad_Religion,3
Book:Bad_Religion,Template:The_Offspring,3
Template:The_Offspring,Template:BadReligion,-1
Template:BadReligion,Book:Bad_Religion,2
Book:Bad_Religion,Book:The_Offspring,3
Book:The_Offspring,Eazy-E,3
Eazy-E,Book:Eazy-E,1
Book:Eazy-E,Book:N.W.A,2
Book:N.W.A,Template:N.W.A,2
Template:N.W.A,N.W.A,-1
N.W.A,Book:N.W.A,2
Book:N.W.A,Days_Go_By_(The_Offspring_album),4
Days_Go_By_(The_Offspring_album),Book:Queens_of_the_Stone_Age,3
Book:Queens_of_the_Stone_Age,Template:Queens_of_the_Stone_Age,2
Template:Queens_of_the_Stone_Age,Queens_of_the_Stone_Age,-1
Pete_Parada,13th_Floor_Records,3
13th_Floor_Records,Social_Distortion,1
Social_Distortion,13th_Floor_Records,1
13th_Floor_Records,Social_Distortion,1
Social_Distortion,13th_Floor_Records,1
13th_Floor_Records,List_of_record_labels:_0–9,3
List_of_record_labels:_0–9,Another_State_of_Mind_(song),2
Another_State_of_Mind_(song),13th_Floor_Records,1
13th_Floor_Records,Time_Bomb_Recordings,2
Time_Bomb_Recordings,13th_Floor_Records,2
13th_Floor_Records,Lit_(band),3
Lit_(band),The_View_from_the_Bottom,1
The_View_from_the_Bottom,Days_Go_By_(The_Offspring_album),3
Days_Go_By_(The_Offspring_album),Greatest_Hits_(The_Offspring_album),2
Greatest_Hits_(The_Offspring_album),Days_Go_By_(The_Offspring_album),2
The_Offspring_discography,Days_Go_By_(The_Offspring_song),1
Days_Go_By_(The_Offspring_song),Dexter_Holland,1
Pete_Parada,List_of_awards_and_nominations_received_by_The_Offspring,2
List_of_awards_and_nominations_received_by_The_Offspring,Days_Go_By_(The_Offspring_album),1
Days_Go_By_(The_Offspring_album),List_of_songs_recorded_by_The_Offspring,2
List_of_songs_recorded_by_The_Offspring,Days_Go_By_(The_Offspring_album),1
Days_Go_By_(The_Offspring_album),Jimmy_Kimmel_Live!,3
Record_Plant,Days_Go_By_(The_Offspring_album),1
Days_Go_By_(The_Offspring_album),Record_Plant,1
Record_Plant,Days_Go_By_(The_Offspring_album),1
Days_Go_By_(The_Offspring_album),Pete_Parada,1
Pete_Parada,User:Offspringman,-1
User:Offspringman,Track_Record_Studios,3
Track_Record_Studios,Ignition_(The_Offspring_album),1
Ignition_(The_Offspring_album),Smash_(The_Offspring_album),1
Smash_(The_Offspring_album),Social_Distortion_(album),2
Social_Distortion_(album),Ritual_de_lo_habitual,2
Ritual_de_lo_habitual,How_Could_Hell_Be_Any_Worse?,4
How_Could_Hell_Be_Any_Worse?,Track_Record_Studios,1
Track_Record_Studios,Track_Record_(recording_studio),1
Track_Record_(recording_studio),Ignition_(The_Offspring_album),1
Ignition_(The_Offspring_album),Smash_(The_Offspring_album),1
Smash_(The_Offspring_album),Ritual_de_lo_habitual,2
Ritual_de_lo_habitual,Social_Distortion_(album),2
How_Could_Hell_Be_Any_Worse?,Track_Record_Studios,1
Track_Record_Studios,The_Spectre_Within,2
Life_Is_a_Rollercoaster,Wardenclyffe_Tower_(album),4
Wardenclyffe_Tower_(album),Hungry_Sally_&_Other_Killer_Lullabies,4
Hungry_Sally_&_Other_Killer_Lullabies,Watching_Waiting,5
Watching_Waiting,Mistaken_Identity_(Donna_Summer_album),4
Mistaken_Identity_(Donna_Summer_album),Fallen_(Evanescence_album),2
Fallen_(Evanescence_album),Smash_(The_Offspring_album),2
Smash_(The_Offspring_album),"North_Hollywood,_Los_Angeles",2
"North_Hollywood,_Los_Angeles",Self_Entitled,4
Self_Entitled,Talk:Self_Entitled,-1
Talk:Self_Entitled,Bill_Stevenson_(musician),-1
Erik_Sandin,Template:NOFX,2
Template:NOFX,Book:NOFX,-1
Book:NOFX,NOFX,1
NOFX,NOFX_discography,1
NOFX_discography,Self_Entitled,1
Self_Entitled,File:NOFX_-_Self_Entitled_cover.jpg,-1
File:NOFX_-_Self_Entitled_cover.jpg,Self_Entitled,-1
Self_Entitled,Timeline_of_punk_rock,2
Timeline_of_punk_rock,2012_in_American_music,4
2012_in_American_music,List_of_2012_albums,4
List_of_2012_albums,User_talk:Benzband,-1
User_talk:Benzband,Strung_Out,5
System_of_a_Down,Coaster_(album),3
Coaster_(album),"Sex,_Love_and_Rock_'n'_Roll",3
"Sex,_Love_and_Rock_'n'_Roll",Hard_Times_and_Nursery_Rhymes,2
Hard_Times_and_Nursery_Rhymes,Social_Distortion,1
Social_Distortion_(album),Smash_(The_Offspring_album),2
Smash_(The_Offspring_album),User_talk:Benzband,-1
User_talk:Benzband,Epitaph_Records,5
The_Offspring,Smash_(The_Offspring_album),1
Smash_(The_Offspring_album),Talk:13th_Floor_Records,4
Talk:13th_Floor_Records,User_talk:Mootros,-1
User_talk:Mootros,Bad_Religion,3
Bad_Religion,Talk:13th_Floor_Records,3
Talk:13th_Floor_Records,User_talk:Mootros,-1
User_talk:Mootros,Days_Go_By_(The_Offspring_album),4
Days_Go_By_(The_Offspring_album),Wikipedia:Articles_for_deletion/2013_in_American_music,-1
Wikipedia:Articles_for_deletion/2013_in_American_music,Into_the_Unknown_(Bad_Religion_album),3
Bad_Religion,Smash_(The_Offspring_album),1
Smash_(The_Offspring_album),Template:Did_you_know_nominations/Smash_(The_Offspring_album),-1
Template:Did_you_know_nominations/Smash_(The_Offspring_album),Template_talk:Did_you_know,5
Template_talk:Did_you_know,Turning_Into_You,5
Turning_Into_You,The_Offspring_discography,2
The_Offspring_discography,Days_Go_By_(The_Offspring_album),1
Days_Go_By_(The_Offspring_album),Template:The_Offspring,2
Template:The_Offspring,Cruising_California_(Bumpin'_in_My_Trunk),-1
Cruising_California_(Bumpin'_in_My_Trunk),Book:The_Offspring,2
Book:The_Offspring,Rise_Against,2
Rise_Against,Generator_(Bad_Religion_album),2
Generator_(Bad_Religion_album),Bad_Religion_(EP),2
Timeline_of_punk_rock,Smash_(The_Offspring_album),1
Smash_(The_Offspring_album),Long_Beach_Dub_Allstars,3
Long_Beach_Dub_Allstars,Adolescents_(album),3
Adolescents_(album),Wild_in_the_Streets_(Circle_Jerks_album),2
Bad_Religion_(EP),File:Bad_Religion_-_True_North.jpg,-1
File:Bad_Religion_-_True_North.jpg,True_North_(album),-1
True_North_(album),File:Bad_Religion_-_True_North.jpg,-1
File:Bad_Religion_-_True_North.jpg,True_North_(album),-1
True_North_(album),Black_Flag_(band),2
Black_Flag_(band),Category:Musical_groups_reestablished_in_2013,-1
Category:Musical_groups_reestablished_in_2013,Black_Flag_(band),-1
80–85,Stranger_than_Fiction_(Bad_Religion_album),2
Stranger_than_Fiction_(Bad_Religion_album),In_My_Head_(album),3
In_My_Head_(album),I_Can_See_You,1
I_Can_See_You,List_of_Black_Flag_band_members,2
Eddie_Griffin,Template:The_D.O.C.,2
Template:The_D.O.C.,The_D.O.C.,-1
The_D.O.C.,Template:N.W.A,2
Template:N.W.A,No_One_Can_Do_It_Better,-1
It's_Funky_Enough,Template:Above_the_Law,3
Template:Above_the_Law,Above_the_Law_(group),-1
Livin'_Like_Hustlers,Murder_Rap,1
Murder_Rap,Template:Above_the_Law,2
Template:Above_the_Law,Vocally_Pimpin',-1
Time_Will_Reveal,Legends_(Above_the_Law_album),2
Legends_(Above_the_Law_album),"Forever:_Rich_Thugs,_Book_One",2
"Forever:_Rich_Thugs,_Book_One","Sex,_Money_&_Music",2
"Sex,_Money_&_Music",Kokane,1
Boyz-n-the-Hood,Panic_Zone,2
We're_in_This_Together_(album),Template:WC_(rapper),2
Template:WC_(rapper),It's_Funky_Enough,-1
No_Control_(Bad_Religion_album),Generator_(Bad_Religion_album),1
Generator_(Bad_Religion_album),User:SuicidalReligion,-1
User:SuicidalReligion,S&M_Airlines,-1
Pestilence_(band),2013_in_heavy_metal_music,-1
2013_in_heavy_metal_music,Exodus_(American_band),2
Exodus_(American_band),Rick_Hunolt,1
John_Tempesta,2013_in_heavy_metal_music,-1
2013_in_heavy_metal_music,Bad_Religion,2
Bad_Religion,List_of_2013_albums,4
List_of_2013_albums,2013_in_heavy_metal_music,-1
2013_in_heavy_metal_music,Darkane,1
Bad_Religion,2013_in_heavy_metal_music,-1
2013_in_heavy_metal_music,Korn,1
System_of_a_Down,2013_in_heavy_metal_music,-1
2013_in_heavy_metal_music,Dark_Roots_of_Earth,2
Dark_Roots_of_Earth,Testament_(band),1
Dream_Theater,2013_in_heavy_metal_music,-1
2013_in_heavy_metal_music,Powerwolf,1
Return_in_Bloodred,Bible_of_the_Beast,2
Bible_of_the_Beast,2013_in_heavy_metal_music,-1
2013_in_heavy_metal_music,Orion_Music_+_More,1
Orion_Music_+_More,2013_in_heavy_metal_music,-1
2013_in_heavy_metal_music,Liege_Lord,1
Liege_Lord,User_talk:Mr._Metal_Head,-1
User_talk:Mr._Metal_Head,User_talk:Ant_smusher,-1
User_talk:Ant_smusher,Opeth,3
Jim_Sheppard,Talk:Warrel_Dane,-1
Talk:Warrel_Dane,Warrel_Dane,2
Mayhem_(band),2013_in_heavy_metal_music,-1
2013_in_heavy_metal_music,Soundgarden,2
Kyuss,Vista_Chino,1
Vista_Chino,Korn,3
Soundgarden,King_Animal,1
King_Animal,Template:Soundgarden,2
Template:Soundgarden,Down_on_the_Upside,-1
Down_on_the_Upside,Talk:King_Animal,-1
Talk:King_Animal,Down_on_the_Upside,3
Down_on_the_Upside,King_Animal,2
King_Animal,Soundgarden,1
Soundgarden,King_Animal,1
King_Animal,Motörhead,2
Faith_No_More,2013_in_heavy_metal_music,-1
2013_in_heavy_metal_music,In_Flames,1
In_Flames,Banish_from_Sanctuary,3
Banish_from_Sanctuary,Follow_the_Blind,1
Follow_the_Blind,Banish_from_Sanctuary,1
Banish_from_Sanctuary,Banished_from_Sanctuary,1
Banished_from_Sanctuary,Talk:Banish_from_Sanctuary,-1
Talk:Banish_from_Sanctuary,Talk:Banished_from_Sanctuary,-1
Talk:Banished_from_Sanctuary,Template:Blind_Guardian,-1
Template:Blind_Guardian,A_Past_and_Future_Secret,-1
Follow_the_Blind,2013_in_heavy_metal_music,-1
2013_in_heavy_metal_music,Onslaught_(band),1
Onslaught_(band),2013_in_heavy_metal_music,-1
2013_in_heavy_metal_music,Template:Quicksand,3
Template:Quicksand,Walter_Schreifels,-1
Walter_Schreifels,Sergio_Vega_(bassist),2
Sergio_Vega_(bassist),Slip_(album),1
Quicksand_(band),2013_in_heavy_metal_music,-1
2013_in_heavy_metal_music,Target_Earth_(album),1
Target_Earth_(album),Template:Voivod,2
Template:Voivod,Infini_(album),-1
Infini_(album),Voivod_(band),1
Voivod_discography,Target_Earth_(album),1
Target_Earth_(album),Denis_Bélanger,1
Denis_Bélanger,Daniel_Mongrain,2
Daniel_Mongrain,Jean-Yves_Thériault,2
Grave_(band),Endless_Procession_of_Souls,1
Endless_Procession_of_Souls,Talk:Endless_Procession_of_Souls,-1
Talk:Endless_Procession_of_Souls,Grave_(band),-1
Grave_(band),2013_in_heavy_metal_music,-1
2013_in_heavy_metal_music,Helloween,1
Helloween,2013_in_heavy_metal_music,-1
2013_in_heavy_metal_music,2013_in_American_music,2
2013_in_American_music,Category:2013_in_American_music,-1
Category:2013_in_American_music,Wikipedia:Articles_for_deletion/2013_in_American_music,-1
Wikipedia:Articles_for_deletion/2013_in_American_music,List_of_2013_albums,5
List_of_2013_albums,User_talk:Mr._Metal_Head,-1
User_talk:Mr._Metal_Head,2013_in_American_music,5
2013_in_American_music,King_Animal,3
King_Animal,Soundgarden_discography,2
Soundgarden_discography,Been_Away_Too_Long,1
Been_Away_Too_Long,Template:Soundgarden,2
Template:Soundgarden,Live_to_Rise,-1
Live_to_Rise,King_Animal,1
King_Animal,Soundgarden_discography,2
Soundgarden_discography,Live_to_Rise,1
Live_to_Rise,Adam_Kasper,2
Adam_Kasper,Live_to_Rise,2
Live_to_Rise,Corrosion_of_Conformity,2
Corrosion_of_Conformity,Exodus_(American_band),2
Exodus_(American_band),2013_in_heavy_metal_music,-1
2013_in_heavy_metal_music,Bill_&_Ted_(franchise),3
Bill_&_Ted_(franchise),2013_in_heavy_metal_music,-1
2013_in_heavy_metal_music,Artillery_(band),1
Artillery_(band),Into_the_Future,4
Into_the_Future,Talk:Into_the_Future,-1
Talk:Into_the_Future,Build_a_Nation,-1
Bad_Brains,Bad_Brains_discography,1
Bad_Brains_discography,Template:Bad_Brains,2
Template:Bad_Brains,Build_a_Nation,-1
Metal_Church,2013_in_heavy_metal_music,-1
2013_in_heavy_metal_music,70000_Tons_of_Metal,2
70000_Tons_of_Metal,Metal_Church,1
Rotting_Christ,2013_in_heavy_metal_music,-1
2013_in_heavy_metal_music,Bad_Religion,2
Bad_Religion,File:Badbrainsfuture.jpg,-1
File:Badbrainsfuture.jpg,Into_the_Future,-1
Into_the_Future,File:Badbrainsfuture.jpg,-1
File:Badbrainsfuture.jpg,Annihilator_(band),-1
Flotsam_and_Jetsam_(band),Template:Flotsam_and_Jetsam,2
Template:Flotsam_and_Jetsam,Doomsday_for_the_Deceiver,-1
When_the_Storm_Comes_Down,Cuatro_(Flotsam_and_Jetsam_album),2
Cuatro_(Flotsam_and_Jetsam_album),Drift_(Flotsam_and_Jetsam_album),2
Drift_(Flotsam_and_Jetsam_album),High_(Flotsam_and_Jetsam_album),2
Dreams_of_Death,The_Cold_(album),2
The_Cold_(album),Jason_Newsted,2
Coal_Chamber,2013_in_heavy_metal_music,-1
2013_in_heavy_metal_music,The_Obsessed,2
The_Obsessed,The_Dark_(Metal_Church_album),4
The_Dark_(Metal_Church_album),Blessing_in_Disguise_(Metal_Church_album),2
The_Human_Factor_(album),The_Dark_(Metal_Church_album),2
The_Dark_(Metal_Church_album),Evildead,3
Evildead,Juan_Garcia_(guitarist),1
Juan_Garcia_(guitarist),Annihilation_of_Civilization,1
Annihilation_of_Civilization,The_Underworld_(album),2
The_Underworld_(album),Evildead,1
Evildead,Into_the_Future,3
Into_the_Future,Motörhead,2
Motörhead,Target_Earth_(album),3
Target_Earth_(album),File:Voivodtarget.jpg,-1
File:Voivodtarget.jpg,Target_Earth_(album),-1
Target_Earth_(album),File:Voivodtarget.jpg,-1
File:Voivodtarget.jpg,Atheist_(band),-1
Atheist_(band),Jupiter_(Atheist_album),1
Jupiter_(Atheist_album),Elements_(Atheist_album),1
Elements_(Atheist_album),Jupiter_(Atheist_album),1
Jupiter_(Atheist_album),Atheist_(band),1
Atheist_(band),2013_in_heavy_metal_music,-1
2013_in_heavy_metal_music,Atheist_(band),1
Atheist_(band),2013_in_heavy_metal_music,-1
2013_in_heavy_metal_music,Terrorizer,1
Terrorizer,2013_in_heavy_metal_music,-1
2013_in_heavy_metal_music,Joe_Satriani,1
Bad_Religion,True_North_(album),1
True_North_(album),Talk:True_North_(album),-1
Talk:True_North_(album),True_North_(album),-1
True_North_(album),Template:BadReligion,2
Template:BadReligion,True_north_(disambiguation),6
List_of_Bad_Religion_band_members,True_North_(album),1
True_North_(album),Music_from_Another_Dimension!,3
Music_from_Another_Dimension!,KNAC,3
KNAC,2013_in_heavy_metal_music,-1
2013_in_heavy_metal_music,King_Animal,3
King_Animal,Sick_of_It_All,3
Sick_of_It_All,Sick_of_It_All_discography,1
Sick_of_It_All_discography,Souls_of_Black,3
No_Exit_(Fates_Warning_album),Perfect_Symmetry_(Fates_Warning_album),1
Perfect_Symmetry_(Fates_Warning_album),The_Ritual_(Testament_album),3
The_Ritual_(Testament_album),Into_the_Future,3
Into_the_Future,Bad_Brains,1
Bad_Brains,Bad_Brains_discography,1
Bad_Brains_discography,Into_the_Future,1
Into_the_Future,King_Animal,3
King_Animal,2013_in_heavy_metal_music,-1
2013_in_heavy_metal_music,Book:Testament_(band),2
Book:Testament_(band),Template:Testament,2
Template:Testament,Book:Testament_(band),-1
Book:Testament_(band),Book:Testament,1
Book:Testament,Template:Testament,2
Template:Testament,Testament_(band),-1
Machine_Head_(band),2013_in_heavy_metal_music,-1
2013_in_heavy_metal_music,Mastodon_(band),1
Mastodon_(band),2013_in_heavy_metal_music,-1
2013_in_heavy_metal_music,Mastodon_(band),1
Mastodon_(band),Vista_Chino,2
Vista_Chino,Kyuss,1
...And_the_Circus_Leaves_Town,Bruno_Fevery,2
Bruno_Fevery,Nick_Oliveri,2
Nick_Oliveri,2013_in_heavy_metal_music,-1
2013_in_heavy_metal_music,User_talk:Mr._Metal_Head,-1
User_talk:Mr._Metal_Head,No_Place_for_Disgrace,5
Bonded_by_Blood,Exodus_(American_band),1
Exodus_(American_band),The_Legacy_(album),2
The_Legacy_(album),2013_in_heavy_metal_music,-1
2013_in_heavy_metal_music,Possessed_(band),1
Possessed_(band),True_North_(album),4
True_North_(album),The_Last_Spire,4
The_Last_Spire,Cathedral_(band),1
Cathedral_(band),The_Last_Spire,1
The_Last_Spire,The_Guessing_Game,1
The_Guessing_Game,Candlemass,2
Candlemass,Nowhere_Else_to_Roam,3
Nowhere_Else_to_Roam,Shit_Hits_the_Sheds_Tour,2
Shit_Hits_the_Sheds_Tour,Alice_in_Chains,1
Lee_Dorrian,2013_in_heavy_metal_music,-1
2013_in_heavy_metal_music,Krokus_(band),1
Y&T,2013_in_heavy_metal_music,-1
2013_in_heavy_metal_music,Mötley_Crüe,1
Viking_(band),2013_in_heavy_metal_music,-1
2013_in_heavy_metal_music,Convulse_(band),1
Convulse_(band),2013_in_heavy_metal_music,-1
2013_in_heavy_metal_music,Voivod_(band),1
Sodom_(band),2013_in_heavy_metal_music,-1
2013_in_heavy_metal_music,Control_Denied,1
Control_Denied,2013_in_heavy_metal_music,-1
2013_in_heavy_metal_music,Chuck_Schuldiner,2
Richard_Christy,The_Last_Spire,3
The_Last_Spire,Cathedral_(band),1
Cathedral_(band),2013_in_heavy_metal_music,-1
2013_in_heavy_metal_music,Suicidal_Tendencies,1
Nuclear_Assault,2013_in_heavy_metal_music,-1
2013_in_heavy_metal_music,Suicidal_Tendencies_(album),2
Bad_Religion,PledgeMusic,2
PledgeMusic,Template:Flotsam_and_Jetsam,3
Template:Flotsam_and_Jetsam,The_Cold_(album),-1
The_Cold_(album),Ugly_Noise,2
Ugly_Noise,Talk:Ugly_Noise,-1
Talk:Ugly_Noise,File:Flotsamuglynoise.jpg,-1
File:Flotsamuglynoise.jpg,Ugly_Noise,-1
Ugly_Noise,High_(Flotsam_and_Jetsam_album),1
High_(Flotsam_and_Jetsam_album),2013_in_heavy_metal_music,-1
2013_in_heavy_metal_music,Jason_Newsted,1
Brett_Eriksen,Template:Dark_Angel,2
Template:Dark_Angel,Brett_Eriksen,-1
Viking_(band),Vista_Chino,3
Vista_Chino,Hollow_(Alice_in_Chains_song),3
Hollow_(Alice_in_Chains_song),2013_in_heavy_metal_music,-1
2013_in_heavy_metal_music,Deliverance_(metal_band),1
The_Great_Radio_Controversy,13_(Black_Sabbath_album),3
13_(Black_Sabbath_album),Talk:13_(Black_Sabbath_album),-1
Talk:13_(Black_Sabbath_album),Template:Black_Sabbath,2
Template:Black_Sabbath,13_(Black_Sabbath_album),-1
13_(Black_Sabbath_album),Black_Sabbath,1
Forbidden_(album),13_(Black_Sabbath_album),1
13_(Black_Sabbath_album),2013_in_heavy_metal_music,-1
2013_in_heavy_metal_music,Brad_Wilk,2
Black_Sabbath_discography,13_(Black_Sabbath_album),1
13_(Black_Sabbath_album),List_of_2013_albums,3
List_of_2013_albums,Geezer_Butler,2
Geezer_Butler,13_(Black_Sabbath_album),1
13_(Black_Sabbath_album),Ozzy_Osbourne,1
Ozzy_Osbourne,13_(Black_Sabbath_album),1
13_(Black_Sabbath_album),Rick_Rubin_production_discography,2
Rick_Rubin_production_discography,Rick_Rubin,1
Rick_Rubin,2013_in_heavy_metal_music,-1
2013_in_heavy_metal_music,Black_Sabbath,1
Black_Sabbath,13_(Black_Sabbath_album),1
13_(Black_Sabbath_album),Cross_Purposes,1
Cross_Purposes,13_(Black_Sabbath_album),2
13_(Black_Sabbath_album),Megadeth,2
Megadeth,2013_in_heavy_metal_music,-1
2013_in_heavy_metal_music,Metal_Church,1
Metal_Blade_Records,Do_or_Die_(Viking_album),2
Do_or_Die_(Viking_album),File:Viking_-_Do_or_Die.jpg,-1
File:Viking_-_Do_or_Die.jpg,Do_or_Die_(Viking_album),-1
Do_or_Die_(Viking_album),Do_or_Die,6
Do_or_Die,Man_of_Straw,2
Man_of_Straw,File:Viking_-_Man_of_Straw.jpg,-1
File:Viking_-_Man_of_Straw.jpg,Man_of_Straw,-1
Man_of_Straw,Viking_(band),1
Viking_(band),Hell_Is_for_Children_(disambiguation),5
Hell_Is_for_Children_(disambiguation),Brett_Eriksen,2
Soundgarden,Target_Earth_(album),2
Target_Earth_(album),Voivod_(band),1
Bad_Religion_discography,True_North_(album),1
True_North_(album),2013_in_heavy_metal_music,-1
2013_in_heavy_metal_music,13_(Black_Sabbath_album),1
13_(Black_Sabbath_album),Black_Flag_(band),1
Black_Flag_(band),Skid_Row_(American_band),2
Skid_Row_(American_band),2013_in_heavy_metal_music,-1
2013_in_heavy_metal_music,Corrosion_of_Conformity,1
Blind_(Corrosion_of_Conformity_album),Deaths_in_2013,3
Deaths_in_2013,2013_in_heavy_metal_music,-1
2013_in_heavy_metal_music,Kingdom_Come_(band),1
Kingdom_Come_(band),True_North_(album),3
True_North_(album),Bad_Religion,1
Bad_Religion_discography,True_North_(album),1
True_North_(album),Man_of_Straw,5
Man_of_Straw,Candlebox,3
Fates_Warning,2013_in_heavy_metal_music,-1
2013_in_heavy_metal_music,Fates_Warning,1
Fates_Warning,2013_in_heavy_metal_music,-1
2013_in_heavy_metal_music,The_Wörld_Is_Yours,2
The_Wörld_Is_Yours,Tool_(band),3
Alice_in_Chains,Hollow_(Alice_in_Chains_song),1
Hollow_(Alice_in_Chains_song),13_(Black_Sabbath_album),3
13_(Black_Sabbath_album),Black_Gives_Way_to_Blue,3
Black_Gives_Way_to_Blue,The_Devil_Put_Dinosaurs_Here,2
The_Devil_Put_Dinosaurs_Here,Hollow_(Alice_in_Chains_song),1
Hollow_(Alice_in_Chains_song),Template:Alice_in_Chains,2
Template:Alice_in_Chains,Alice_in_Chains,-1
Alice_in_Chains,The_Devil_Put_Dinosaurs_Here,1
The_Devil_Put_Dinosaurs_Here,Alice_in_Chains_discography,2
Alice_in_Chains_discography,2013_in_heavy_metal_music,-1
2013_in_heavy_metal_music,The_Devil_Put_Dinosaurs_Here,1
The_Devil_Put_Dinosaurs_Here,Alice_in_Chains,1
Mike_Inez,Talk:The_Devil_Put_Dinosaurs_Here,-1
Talk:The_Devil_Put_Dinosaurs_Here,The_Devil_Put_Dinosaurs_Here,-1
The_Devil_Put_Dinosaurs_Here,Xentrix,3
Xentrix,2013_in_heavy_metal_music,-1
2013_in_heavy_metal_music,The_Devil_Put_Dinosaurs_Here,1
The_Devil_Put_Dinosaurs_Here,Viking_(band),4
Horrorscope_(Overkill_album),Exhibit_B:_The_Human_Condition,2
Exhibit_B:_The_Human_Condition,Testament_(band),2
Gene_Hoglan,2013_in_heavy_metal_music,-1
2013_in_heavy_metal_music,Megaforce_Records,2
Megaforce_Records,Skid_Row_(American_band),1
Skid_Row_(American_band),13_(Suicidal_Tendencies_album),3
13_(Suicidal_Tendencies_album),Talk:13_(Suicidal_Tendencies_album),-1
Talk:13_(Suicidal_Tendencies_album),Template:Suicidal_Tendencies,-1
Template:Suicidal_Tendencies,13_(Suicidal_Tendencies_album),3
13_(Suicidal_Tendencies_album),Suicidal_Tendencies,1
Suicidal_Tendencies,No_Mercy_Fool!/The_Suicidal_Family,1
No_Mercy_Fool!/The_Suicidal_Family,Free_Your_Soul_and_Save_My_Mind,2
Suicidal_Tendencies,2013_in_heavy_metal_music,-1
2013_in_heavy_metal_music,Suicidal_Tendencies,1
Saigon_Kick,2013_in_heavy_metal_music,-1
2013_in_heavy_metal_music,Jeffrey_Dahmer,2
Taiwan,User:Chelsea1347311,-1
Cydia,Black_Heart_(video_game),5
Tyler_Colvin,KPS_Video_Express,-1
KPS_Video_Express,Rasmus_Schüller,5
Look_Mickey,War,3
WWII,Nyan_Cat,4
Sora_(Kingdom_Hearts),Desmond_Miles,3
Sora_(Kingdom_Hearts),User_talk:Crashman180,-1
Hunger_(Hamsun_novel),Sandbox_(locomotive),4
Talk:Troll,User:Madtrolls/sandbox,-1
User:Madtrolls/sandbox,Plutonium,-1
User:Garrettwbates/sandbox,Democracy,-1
Survivor:_Caramoan,The_Amazing_Race_22,2
The_Amazing_Race_22,Trust_Us_with_Your_Life,3
Survivor:_Caramoan,The_Amazing_Race_22,2
The_Amazing_Race_22,User_talk:Cfa1998,-1
Self-interpreter,User_talk:Fox_Wilson,-1
Poor_Old_Lu,Joaquín_Pastor_Martinez,6
Joaquín_Pastor_Martinez,Orion_Pictures,4
Kim_Brink,"Regis,_Denver",4
"Regis,_Denver",149th_Illinois_Volunteer_Infantry_Regiment,6
Savanna,A._A._Bondy,4
Gordon_Ramsay,Piers_Morgan_Live,2
Piers_Morgan_Live,IOS,3
IOS,Android_version_history,-1
St._John's_Red_Storm,St._John's_Red_Storm_football,-1
St._John's_Red_Storm_football,Leicester_Riders,-1
Lantin_Prison,Blood_cell,-1
List_of_countries_by_GDP_(PPP),List_of_largest_companies_by_revenue,-1
List_of_largest_companies_by_revenue,List_of_companies_of_the_United_States,-1
List_of_companies_of_the_United_States,List_of_companies_of_China,-1
User:Azizurehman007/sandbox,Babar_Iqbal,-1
Babar_Iqbal,Arfa_Karim,2
Arfa_Karim,Arfa_Software_Technology_Park,1
Arfa_Software_Technology_Park,Malala_Yousafzai,-1
Malala_Yousafzai,Babar_Iqbal,-1
Babar_Iqbal,Arfa_Karim,2
Microsoft,Babar_Iqbal,-1
Babar_Iqbal,User_talk:Azizurehman007,-1
Wikipedia:Sandbox,Musa_I_of_Mali,-1
User_talk:Johnny_Squeaky,User_talk:ElKevbo,-1
User_talk:Johnny_Squeaky,User_talk:ElKevbo,-1
User_talk:ElKevbo,Talk:List_of_NYU_Polytechnic_School_of_Engineering_people,5
Talk:List_of_NYU_Polytechnic_School_of_Engineering_people,User_talk:Yngvadottir,-1
User_talk:Johnny_Squeaky,Colonia_del_Valle,4
Colonia_del_Valle,"User_talk:Marco_Guzman,_Jr",-1
"User_talk:Marco_Guzman,_Jr",Institute_of_Technology_(United_States),2
Institute_of_Technology_(United_States),Talk:List_of_NYU_Polytechnic_School_of_Engineering_people,3
Talk:List_of_NYU_Polytechnic_School_of_Engineering_people,User_talk:Ronny_Squeaky,-1
Penny_Rimbaud,Talk:Crass,-1
Talk:Crass,User_talk:Arwel_Parry,-1
User_talk:Arwel_Parry,Death_by_Stereo,5
Death_by_Stereo,User:Mamizou,-1
User:Mamizou,User:Pgk,-1
User:Pgk,System_of_a_Down,-1
The_Offspring,User:Mike_Garcia,-1
User:Mike_Garcia,Pennywise_(band),-1
Steve_Ignorant,User_talk:Curps,-1
User_talk:Curps,1976_in_music,4
1976_in_music,User_talk:John_Derrick_Robinson,-1
Joey_Clement,User_talk:WayKurat,-1
User_talk:WayKurat,Nur_Otan,5
Valerie,Shadowgun:_Deadzone,5
Shadowgun:_Deadzone,Astana_Pro_Team,4
Astana_Pro_Team,Selena_Gomez_&_the_Scene,4
Selena_Gomez_&_the_Scene,Shadowgun,4
Sergei_Bobrovsky,PokerStars,3
PokerStars,Tinie_Tempah,4
Tinie_Tempah,Sexual_assault,3
Sexual_assault,"Gash,_Hormozgan",4
"Gash,_Hormozgan",Gary_Barlow,4
Cabal_(novella),Niklas_Asker,4
Niklas_Asker,Chinese_Taipei_at_the_2004_Summer_Paralympics,5
Chinese_Taipei_at_the_2004_Summer_Paralympics,Bill_Champion_(racing_driver),5
Bill_Champion_(racing_driver),Xavier_Hochstrasser,5
Sinoatrial_node,User_talk:Mukburger_2,-1
1953_Lahore_riots,Nutella,4
User_talk:Doublefirstname,Hippie,-1
Timo,George_D._Perkins,4
Believe_(Morgan_Page_album),Morgan_Page,1
Morgan_Page,European_badger,4
Irrevocable_fee_protection_agreement,Matthew_Hayden,4
Apaches_(film),Timeline_of_LGBT_history_in_Britain,4
Timeline_of_LGBT_history_in_Britain,LGBT_history_in_the_United_States,2
LGBT_history_in_the_United_States,User_talk:East-End_Chav,-1
User_talk:East-End_Chav,"Chris_Smith,_Baron_Smith_of_Finsbury",-1
"Chris_Smith,_Baron_Smith_of_Finsbury",User_talk:East-End_Chav,-1
Arena_of_Thyatis,Janez_Klemenčič,5
Noodle,Cats_&_Dogs:_The_Revenge_of_Kitty_Galore,4
Maidan_Wardak_Province,User_talk:Addshore,-1
Maidan_Wardak_Province,User_talk:Naseemhazara,-1
Sexuality_in_Japan,Brussels_Airport_diamond_heist,4
Brussels_Airport_diamond_heist,User_talk:Motherrrfucker,-1
Police_brutality_in_the_United_States,Racial_segregation_in_the_United_States,2
Fun,Brooklyn_Jazz_Hall_of_Fame_and_Museum,4
Brooklyn_Jazz_Hall_of_Fame_and_Museum,Ili_River,4
"Springhill,_Louisiana",Big_Butte_Creek,4
Big_Butte_Creek,Craig_Mabbitt,3
Bubble_Wrap_(brand),Ring_of_Fire,4
QBZ-95,Type_77_Heavy_Machine_Gun,3
Type_77_Heavy_Machine_Gun,Type_56_assault_rifle,4
St._Blaise_High_School,Heterodox_economics,3
Isaac,User_talk:C.Fred,-1
User_talk:C.Fred,User:C.Fred,-1
User:C.Fred,User_talk:Σ,-1
Making_Dens,"National_Register_of_Historic_Places_listings_in_Jefferson_County,_Indiana",5
User_talk:Mediran,User_talk:NickW557,-1
User_talk:NickW557,User_talk:Pignuss9,-1
User:Benster1510/sandbox,Soup,-1
Soup,User_talk:Benster1510,-1
February_2013_Quetta_bombing,Bomb,3
Fixed_satellite_service,User_talk:Gogo_Dodo,-1
Betty_White,Shaker_Lemon_Pie,4
Spider_monkey,Spring_Breakers,4
Spring_Breakers,Blue_jay,3
Blue_jay,User:Andysehlhorst,-1
User:Andysehlhorst,Blue_jay,-1
Brussels_Airport_diamond_heist,Talk:Brussels_Airport_diamond_heist,-1
Leaside_High_School,User_talk:RNealK,-1
User_talk:RNealK,Leaside_High_School,5
Leaside_High_School,User_talk:RNealK,-1
User_talk:RNealK,User_talk:Iknowmorethenyou,-1
Asinus,Conversion_of_units_of_temperature,4
Conversion_of_units_of_temperature,Vacca_(rapper),5
"Red_Deer,_Alberta",User_talk:Eyesnore,-1
Charlie_Brown,Wikipedia:Be_bold,4
Wikipedia:Be_bold,Duke_Nukem,4
Cartoon_Network,User_talk:Lolwiki1290,-1
User_talk:Lolwiki1290,Nickelodeon,3
Nickelodeon,User_talk:Lolwiki1290,-1
User_talk:Lolwiki1290,Caribbean,1
"Rose_Hill,_Kansas",Wikipedia:Edit_filter/False_positives/Reports,-1
"Government_Medical_College,_Nagpur",James_Monroe,3
Rise_of_Joseph_Stalin,User:Hacked_Developer/sandbox,-1
User:Hacked_Developer/sandbox,Jacob_C._Vouza,-1
Coatimundi,User_talk:Jpow51,-1
"School_of_Dental_Medicine,_University_of_Zagreb",John_Adams_(composer),4
Sikandar_Sultan,Larry_Page,3
List_of_countries_by_number_of_military_and_paramilitary_personnel,Polish_Land_Forces,2
Polish_Armed_Forces,Artur_Szpilka,4
Artur_Szpilka,Tomasz_Adamek,1
Tomasz_Adamek,Artur_Szpilka,1
Artur_Szpilka,Tomasz_Adamek,1
Tomasz_Adamek,Krosno_Airport,4
Krosno_Airport,Polish_Land_Forces,3
Polish_Armed_Forces,JW_GROM,2
JW_GROM,Polish_Land_Forces,2
List_of_countries_by_number_of_military_and_paramilitary_personnel,Military_of_the_European_Union,2
Rajesh_Rajilal,Peter_Blake_(artist),3
Fire_triangle,List_of_million-selling_game_consoles,4
List_of_million-selling_game_consoles,Muammar_Gaddafi,3
Boris_Johnson,Markus_Persson,3
Markus_Persson,Linus_Torvalds,3
Skateboard,User_talk:Seaphoto,-1
User_talk:Seaphoto,User_talk:Tomrocksocks,-1
User_talk:Tomrocksocks,Fife_and_drum_corps,-1
Fife_and_drum_corps,User_talk:Tomrocksocks,-1
User_talk:Tomrocksocks,Execution_of_Louis_XVI,-1
Execution_of_Louis_XVI,User_talk:Tomrocksocks,-1
User_talk:Tomrocksocks,User_talk:CoJaBo,-1
User_talk:CoJaBo,User_talk:Tomrocksocks,-1
User_talk:Tomrocksocks,User_talk:CoJaBo,-1
User_talk:CoJaBo,"Julian,_Count_of_Ceuta",4
"Julian,_Count_of_Ceuta",Sierra_Nevada_red_fox,4
Sierra_Nevada_red_fox,User_talk:Tomrocksocks,-1
Carl_Wilhelm_Scheele,User:Dariosurfing,-1
User:Dariosurfing,Alberto_Santos-Dumont,-1
Carles_Puyol,User:Dariosurfing,-1
User:Dariosurfing,Carles_Puyol,-1
Carles_Puyol,User_talk:Dariosurfing,-1
Wikipedia:Meetup,Idol:_The_Musical,5
Brooklyn,"Lesbian,_Gay,_Bisexual_&_Transgender_Community_Center",3
Template:Cite_doi/10.1080.2F03014223.2001.9517673,User_talk:Seaphoto,-1
Paul_Pierce,Robert_Sacre,2
Robert_Sacre,Allen_Iverson,2
Gavin_Free,Geoff_Ramsey,2
Kiyoshi_Ogawa,Ghost_Rider:_Spirit_of_Vengeance,4
Ghost_Rider:_Spirit_of_Vengeance,Demon_core,4
Kwaidan_(film),Talk:Ugetsu_Monogatari,-1
Talk:Ugetsu_Monogatari,Miyako,4
Sarashina_Nikki,BFI_The_Top_50_Greatest_Films_of_All_Time,4
BFI_The_Top_50_Greatest_Films_of_All_Time,1953_in_film,3
1953_in_film,Thirty-six_Immortals_of_Poetry,4
Thirty-six_Immortals_of_Poetry,User:Hijiri88/sandbox,-1
User:Hijiri88/sandbox,Ainu_people,3
Ainu_people,Satarō_Fukiage,4
Satarō_Fukiage,Talk:Sohn_Kee-chung,-1
Russian,User:West.andrew.g/Popular_pages,-1
Blink_Bonny,"St_Paul's_Catholic_School,_Milton_Keynes",4
"St_Paul's_Catholic_School,_Milton_Keynes",User:Bordiedude/sandbox,-1
User:Bordiedude/sandbox,Harlequin_Puppet_Theatre,-1
User_talk:Reaper_Eternal,User_talk:DoRD,-1
User_talk:DoRD,User_talk:Lugia2453,-1
Olivier_Giroud,Gary_Cahill,2
Killing_vector_field,Chris_Christie,4
Take_Me_Home_(One_Direction_album),Never_Say_Never_(Justin_Bieber_song),3
Beyblade_(toy),Battle_Strikers,1
Beyblade_(toy),Battle_Strikers,1
User:Captinmcdoogle,Chair,-1
Morton_Thompson,China_National_Highway_208,4
China_National_Highway_208,User_talk:Slapthehappypuppy,-1
Killing_vector_field,User_talk:Niisapu,-1
User_talk:Niisapu,Chris_Christie,5
Anubis,User_talk:A._Parrot,-1
User_talk:A._Parrot,Anubis,2
Anubis,User_talk:A._Parrot,-1
User_talk:A._Parrot,Anubis,2
Mark_Jayne,"Crystal_Lake,_Illinois",3
Impact_Wrestling,Glasgow,1
World_Championship_Wrestling,User_talk:Weeeeooo,-1
User_talk:Weeeeooo,PlayStation,3
PlayStation,User_talk:Jtalledo,-1
User_talk:Jtalledo,User_talk:Weeeeooo,-1
The_Style_Invitational,User_talk:Vacation9,-1
Race_and_ethnicity_in_the_United_States_Census,February_2013_Quetta_bombing,4
International_Space_Station,Category:Explorers_of_Canada,-1
Category:Explorers_of_Canada,Peter_Fidler_(explorer),-1
List_of_explorers,Category:Explorers_of_Canada,-1
Category:Explorers_of_Canada,Category:Canadian_explorers,-1
Category:Canadian_explorers,Canada_goose,-1
Aquaman,Pseudoephedrine/loratadine,4
Pseudoephedrine/loratadine,Cameron_King,5
Cameron_King,Bing,3
Bing,User:Rocketrod1960,-1
User:Rocketrod1960,User:Pcuser42,-1
An_Invisible_Sign,GloZell,4
GloZell,Marusia_massacre,5
An_Invisible_Sign,Lauren_Manning,-1
Aiden,Macklemore,2
Macklemore,Deadmau5,2
User:Fitchthekid,David_Otunga,-1
Chelyabinsk_meteor,User_talk:Arabic1984,-1
Article_(grammar),OMG_Girlz,4
OMG_Girlz,User_talk:Saralikesart,-1
Shergar_Cup,Deep_sea_fish,3
Godzilla,User_talk:C.Fred,-1
Talk:Hank_Aaron,User_talk:Rivers2001,-1
User_talk:Rivers2001,Hank_Aaron,-1
User_talk:Gfruy,"Odebolt,_Iowa",-1
1987_New_York_Jets_season,"America,_Oklahoma",4
Oceania,Carbon_pricing_in_Australia,3
Carbon_pricing_in_Australia,Alvin_and_the_Chipmunks,3
Sammy_Sosa,Callie,-1
Tourism,Yugoslavia_Olympic_football_team,3
Yugoslavia_Olympic_football_team,Gull,3
Yellow,User_talk:Petahparkah,-1
User_talk:70.35.237.67,H&R_Block,-1
H&R_Block,User_talk:Verkhoyansk1,-1
User_talk:Verkhoyansk1,User:Eyesnore/userpage,-1
User:Eyesnore/userpage,User_talk:Verkhoyansk1,-1
James_Dean,User_talk:The_Twilight_Zone_Spiral,-1
User_talk:Ifeltn01,DVD,1
2013_Kids'_Choice_Awards,User:Rick_ciarrocchi,-1
2013_Kids'_Choice_Awards,User:Rick_ciarrocchi,-1
Alexis_Texas,User_talk:Dawn_Bard,-1
Lakshmi_Mittal,Raj_Kundra,3
Raj_Kundra,User_talk:Businesstycoonsindia,-1
Talk:Hydroelectricity,Talk:Renewable_energy,-1
Talk:Renewable_energy,User_talk:Godzilla1999,-1
User_talk:Godzilla1999,Hoover_Dam,-1
Hoover_Dam,User:C.Fred,-1
User:C.Fred,User_talk:Godzilla1999,-1
User_talk:Godzilla1999,User:C.Fred,-1
User:C.Fred,User_talk:Godzilla1999,-1
Sohn_Kyung-han,Andy_Samberg,4
String_theory,Brickleberry,3
Some_Nights_(song),Tickle_Me_Elmo,3
Shape,User:TyTyandKKaywa,-1
The_Bullitts,User_talk:Khursheed_Khan_Video,-1
Millennium_Tower_(London),History_of_the_tallest_buildings_in_the_world,2
Second_Battle_of_Bull_Run,Thrift_Shop,3
Thrift_Shop,Macklemore,1
Second_Battle_of_Bull_Run,Macklemore,3
Macklemore,Battle_of_the_Cilician_Gates,4
Synthetic_diamond,User_talk:Materialscientist,-1
Chris_Cooper_(American_football),User_talk:Partyman4life123,-1
Black_Panther_Party,Ask.fm,3
Ask.fm,Javier_de_Viana_(author),4
Javier_de_Viana_(author),Neuillé,5
Central_Davidson_High_School,Walter_Hines_Page_Senior_High_School,4
Silkie,User_talk:Break-these-walls-down,-1
Carcinogen,Talk:Cancer,-1
Die_Antwoord,Water_bottle,4
Crass,User_talk:NPOV_Violator,-1
Great_Railroad_Strike_of_1922,Portal:Current_events/2013_February_15,6
Towpath_Marathon,Festering_Hate,5
Festering_Hate,DA!_(band),5
Waste,Josh_Thole,4
Josh_Thole,Ideas_Nuevas,5
Wave_on_Wave_(song),Barbara_Haney_Irvine,5
Barbara_Haney_Irvine,Vice_President_of_Burma,4
Kate_Upton,Rex_Ryan,3
Trinidad_James,Donyell_Marshall,3
Afzal_Guru,"Beerwah,_Jammu_and_Kashmir",2
Age_of_the_Earth,User_talk:Lugia2453,-1
User_talk:Lugia2453,User_talk:Swag_my_yolos,-1
Fish_fillet_processor,Fireman_Sam,4
Jessie_Buckley,User_talk:Lugia2453,-1
User_talk:Lugia2453,"32nd_Small_Ship_Squadron,_Royal_Australian_Engineers",-1
FC_Steaua_București,Royal_Rumble_(2012),4
Royal_Rumble_(2012),Alberto_Del_Rio,2
Alberto_Del_Rio,FC_Dinamo_București,3
"Chris_Wood_(footballer,_born_1991)",Sergio_Hellings,5
Cobra_(2012_film),Laptop,3
Shemar_Moore,Wikipedia:Sandbox,4
Wikipedia:Sandbox,GOOD_Music,-1
Westinghouse_Electric_(1886),Harlem_shake_(dance),3
Harlem_shake_(dance),L.L.Bean,3
African_buffalo,User_talk:Uncle_Milty,-1
Panasonic,Adrien_Broner,4
Adrien_Broner,User:Eyesnore/userpage,-1
Space,User:Tolly4bolly/Awards,-1
Newtons_(cookie),Josh_Peck,4
User:Reda948,Íngrid_Betancourt,-1
List_of_Wikipedias,Gavin_Free,4
Gavin_Free,Ontario,3
Ontario,User_talk:Mammal12345,-1
User_talk:Mammal12345,"Lier,_Belgium",4
Detroit,User_talk:Mammal12345,-1
Get_Hyper,UK_Official_Download_Chart,2
Duke_Nukem,Moon_gazing_hare,2
Moon_gazing_hare,Barney_Stinson,4
John_Howe_(politician),Adam_Goucher,4
Henri_Becquerel,User_talk:Zombiedude101z,-1
Japanese_New_Year,Talk:Korean,-1
Talk:Korean,Korean,-1
Korean,User_talk:Unicin,-1
User_talk:Unicin,User:Unicin,-1
User:Unicin,Korean,-1
Catholic_Church_by_country,Wikipedia:Sandbox,5
Bob,User:TheSuave,-1
User:TheSuave,Fuck_off,-1
Fuck_off,User_talk:James086,-1
Alvord_Lake_Bridge,List_of_universities_in_Ho_Chi_Minh_City,-1
List_of_universities_in_Ho_Chi_Minh_City,User_talk:ClueBot_Commons,-1
Tupoutoʻa_ʻUlukalala,Potato,3
Lighthouse,User_talk:Seaphoto,-1
User_talk:Seaphoto,User_talk:XxSNiP3RxxL33TW33D420xX,-1
Pour_It_Up,Stay_(Rihanna_song),2
John_Calipari,User_talk:ClueBot_Commons,-1
User_talk:ClueBot_Commons,Jadeveon_Clowney,-1
Jadeveon_Clowney,User_talk:Lordtrigga,-1
Pakistan_Navy_School,User:LivesLikeSara,-1
McGrath_Foundation,User_talk:Dclar1111,-1
Rogers_Place,Edmonton_Oilers,1
Edmonton_Oilers,Boxxy,4
Boxxy,Taylor_Hall,3
Gasparillo_Island,"Czarna,_Lubusz_Voivodeship",5
Bukit_Panjang_New_Town,2013_North_Korean_nuclear_test,4
Battle_of_Stalingrad,Northeast_Bantu_languages,4
Bruce_Maitland_Carruthers,Koelnmesse,3
Koelnmesse,Jack_O'Connell_(politician),4
Jack_O'Connell_(politician),Two_Sides_Of,5
Two_Sides_Of,Kristina_Dörfer,5
Kristina_Dörfer,Rebound_rate,5
Rebound_rate,Wikipedia:Sandbox,5
Verpa_bohemica,User_talk:Anonymous23456,-1
User_talk:Anonymous23456,Couchiching_Terriers,-1
Couchiching_Terriers,User:Anonymous23456,-1
User:Anonymous23456,User_talk:Anonymous23456,-1
Steppe_mammoth,User_talk:MANINPHONEBOOTH,-1
Lake_on_the_Mountain_Provincial_Park,Sérgio_Mendes'_Favorite_Things,5
Sérgio_Mendes'_Favorite_Things,A_Very_Special_Acoustic_Christmas,4
Alice's_Adventures_in_Wonderland,User_talk:I_wov_wemons,-1
Brian_Cox,User_talk:I_wov_wemons,-1
Sandy_Upper_School,Spamming,4
Sandy_Upper_School,User:Peter_James,-1
User:Peter_James,User_talk:Peter_James,-1
User_talk:Peter_James,Luke_Marshall,5
Sandy_Upper_School,Spamming,4
Spamming,Single_Ladies_(Put_a_Ring_on_It),4
Single_Ladies_(Put_a_Ring_on_It),Printer_(computing),3
Printer_(computing),User_talk:Tolly4bolly,-1
User_talk:Tolly4bolly,User_talk:Filplumb,-1
Fatty,My_Little_Pony:_Friendship_Is_Magic_fandom,4
My_Little_Pony:_Friendship_Is_Magic_fandom,Pika,3
Asian_literature,Pidor,3
Pidor,ARCA_(NGO),3
ARCA_(NGO),White_people,3
White_people,User:Reznoff2,-1
Georgia_(U.S._state),User_talk:SuperManSaidRoll14,-1
Restaurant:_Impossible,F._Scott_Fitzgerald,3
John_Foley_(Monsignor),George_Bernard_Shaw,3
Devon,Taner,4
Taner,User:Ellochingon,-1
Ham,User_talk:Martin451,-1
User:Ilikechange,Snowline_Joint_Unified_School_District,-1
Monk,Talk:Priest,3
Fuck,Mahmudur_Rahman,4
Mahmudur_Rahman,User:Jobaer02,-1
User:Jobaer02,Mahmudur_Rahman,-1
Mahmudur_Rahman,User:Fox002801,-1
User:Fox002801,Mahmudur_Rahman,-1
Mahmudur_Rahman,User_talk:Fox002801,-1
Chase_Collegiate_School,Derp,4
"Rebersburg,_Pennsylvania",User:14dboyles,-1
Ganatantra,YG_(rapper),4
YG_(rapper),User_talk:Pussyripper,-1
Anubis,User_talk:Ethansaidyolo,-1
Christoper_Dorner,Chris_Dorner,1
Chris_Dorner,Dorner,6
Dorner,LL_Cool_J,4
User:Ellen_linihan/sandbox,Integrated_library_system,-1
User:Ellen_linihan/sandbox,Integrated_library_system,-1
Integrated_library_system,User_talk:Ellen_linihan,-1
Legume,Hobnob_biscuit,4
Hobnob_biscuit,Convict,3
User:FGNE,Richard_Baker_(U.S._politician),-1
Patrícia_Araújo,Nina_Arsenault,4
Nina_Arsenault,Brittany_CoxXx,3
Brittany_CoxXx,Christina_Cruz,1
Christina_Cruz,Gia_Darling,3
Danielle_Foxxx,Joanna_Jet,3
Joanna_Jet,Yasmin_Lee,3
Yasmin_Lee,Miki_Mizuasa,4
Miki_Mizuasa,Wikipedia:Bounty_board,-1
Wikipedia:Bounty_board,Blood_libel,4
Blood_libel,User_talk:Jab843,-1
User_talk:Jab843,Wikipedia:WikiGnome,5
Wikipedia:WikiGnome,Wikipedia:Administrators'_noticeboard/Incidents,5
Wikipedia:Administrators'_noticeboard/Incidents,Lolicon,3
Lolicon,User_talk:Jab843,-1
Identity_Thief,A_Good_Day_to_Die_Hard,3
A_Good_Day_to_Die_Hard,Talk:List_of_Rugrats_characters,-1
Talk:List_of_Rugrats_characters,Fat_Abbot,4
Fat_Abbot,At_the_Movies_(Rugrats),4
At_the_Movies_(Rugrats),21_&_Over_(film),4
Roxbury_Latin_School,User_talk:C.Fred,-1
User_talk:C.Fred,User_talk:Webclient101,-1
Human_nose,Pheromone_trap,3
Americans,User_talk:SFK2,-1
Virginia,User_talk:Googlecolby,-1
User_talk:Googlecolby,Greece,1
LGBT_social_movements,User_talk:Telamonland,-1
300,User_talk:Thenameis24,-1
User_talk:Thenameis24,Tsar_Bomba,-1
Tsar_Bomba,User_talk:Thenameis24,-1
Aquaculture_International,Tecșe_River,6
Tecșe_River,Olivier_J._Leblanc,5
Military_of_ancient_Egypt,United_States_Army,2
Military_of_ancient_Egypt,United_States_Army,2
Military_of_ancient_Egypt,User_talk:Chamimnya,-1
Your_Face,User_talk:Chribastion,-1
User_talk:Chribastion,Goliad_massacre,-1
Your_Face,User_talk:Chribastion,-1
List_of_Rugrats_episodes,User_talk:Dawn_Bard,-1
Saint_Joseph's_Hawks_men's_basketball,Jack_Douglass,4
User:TrollishTackyBling,April_30,-1
Abraham,List_of_major_biblical_figures,2
List_of_major_biblical_figures,British_Columbia,2
Heart_scarab,User_talk:Rocketrod1960,-1
Heart_scarab,Khufu,2
Heart_scarab,Khufu,2
St._Mark's_School_(Massachusetts),Pomfret_School,1
Starships_(song),She_Wolf_(Falling_to_Pieces),2
She_Wolf_(Falling_to_Pieces),Explode_(Cover_Drive_song),4
Explode_(Cover_Drive_song),Die_Young_(Kesha_song),3
Die_Young_(Kesha_song),Va_Va_Voom,3
Va_Va_Voom,Right_by_My_Side,2
Right_by_My_Side,The_Boys_(Nicki_Minaj_and_Cassie_song),2
The_Boys_(Nicki_Minaj_and_Cassie_song),Freedom_(Nicki_Minaj_song),2
Freedom_(Nicki_Minaj_song),Friday_(Rebecca_Black_song),3
Friday_(Rebecca_Black_song),We_Are_Never_Ever_Getting_Back_Together,2
We_Are_Never_Ever_Getting_Back_Together,Diamonds_(Rihanna_song),2
Diamonds_(Rihanna_song),Scream_&_Shout,2
Scream_&_Shout,Candy_(Robbie_Williams_song),3
Candy_(Robbie_Williams_song),Radioactive_(Rita_Ora_song),3
John_McPhee,Portal:Taoism,4
Portal:Taoism,Portal:Canadian_Armed_Forces,-1
Portal:Canadian_Armed_Forces,Portal:Asian_Games,-1
Characters_of_Kingdom_Hearts,Wikipedia:Sandbox,4
Wikipedia:Sandbox,User_talk:CosmicPikachu,-1
Thylacine,User:Charlesdrakew,-1
Bukit_Merah_Bus_Interchange,Bukit_Panjang_MRT/LRT_Station,2
Talk:Boxxy,Boxxy,1
Barack_Obama,9GAG,4
"Windsor,_Ontario",Blockbuster_LLC,3
Punic_Wars,Architecture_of_Rome,3
Riddlesdown_Collegiate,User_talk:Bingholebingus,-1
Iwo_Jima,User_talk:Tolly4bolly,-1
OO,User:Aeoiuaeoiueiuoeiuoaeoiuaec/sandbox,-1
User:Aeoiuaeoiueiuoeiuoaeoiuaec/sandbox,User_talk:Aeoiuaeoiueiuoeiuoaeoiuaec,-1
User_talk:Aeoiuaeoiueiuoeiuoaeoiuaec,Talk:OO,-1
Talk:OO,User_talk:Dawn_Bard,-1
User_talk:Dawn_Bard,User_talk:Aeoiuaeoiueiuoeiuoaeoiuaec,-1
National_Progressive_Party_(Namibia),Carlos_Malcolm,4
Carlos_Malcolm,Melinda_Bush_(politician),4
Melinda_Bush_(politician),Ako_si_Kim_Samsoon,5
Ako_si_Kim_Samsoon,Daniel_Abt,4
Daniel_Abt,Lowe_Lintas,5
Lowe_Lintas,Ludwig_van_Beethoven,4
Swimming_(sport),Ben,3
Amir_Khan_(boxer),User_talk:MelbourneStar,-1
User_talk:MelbourneStar,Mohammad_Reza_Pahlavi,4
Wikipedia:Requests_for_administrator_attention,Request_for_admissions,4
Request_for_admissions,User_talk:Selenabendo,-1
Aldfrith_of_Northumbria,Amy_(video_game),5
Mamba_(candy),Starburst_(confectionary),4
Down_syndrome,User_talk:Mfwnoface,-1
User_talk:Mfwnoface,List_of_weight_training_exercises,4
The_D,User_talk:Mfwnoface,-1
Jerry_Jones,Wikipedia:Autochecked_users,-1
Wikipedia:Autochecked_users,National_Hockey_League,-1
Nintendo,User_talk:Mine_turd,-1
User_talk:Mine_turd,Wii_U,1
Wii_U,"Lancaster,_California",3
"Cliff_Island,_Maine",User_talk:Son_of_the_northman,-1
Princess_Leia,"Catherine,_Duchess_of_Cambridge",3
"Catherine,_Duchess_of_Cambridge",Harp_seal,3
Chris_Hemsworth,Eleventh_Doctor,3
Danny_Lamagna,User_talk:Gogo_Dodo,-1
Rahim_Fahimuddin_Dagar,Ethiopia–India_relations,3
Ethiopia–India_relations,Việt_Nam_Quốc_Dân_Đảng,3
AP_Calculus,User:Paloo97,-1
User:Paloo97,Nothing,-1
User_talk:Nebiyu_e,History_of_Tennessee,1
"Ann_Arbor,_Michigan",Artificial_nails,3
Artificial_nails,Subsoil,3
Pepperoni,Penny_(The_Big_Bang_Theory),4
Penny_(The_Big_Bang_Theory),Raj_Koothrappali,2
Raj_Koothrappali,Pepperoni,3
Submarine_sandwich,Boss_(TV_series),3
Elimination_Chamber_(2013),Westboro_Baptist_Church,4
Elimination_Chamber_(2013),WrestleMania_29,1
Elimination_Chamber_(2013),Mitt_Romney,3
Mitt_Romney,Battleship_(film),3
Elimination_Chamber_(2013),Royal_Rumble_(2013),2
Nick_Leddy,Marián_Hossa,2
Jason_London,Do_No_Harm_(TV_series),3
Jason_London,User:Josh3580,-1
User:Josh3580,Do_No_Harm_(TV_series),-1
Do_No_Harm_(TV_series),User_talk:Gotricebeeotch,-1
Nottingham_Forest_F.C.,Ericsson_Globe,3
Ericsson_Globe,Hipgnosis,3
Charles_Dibdin,User_talk:86.15.137.67,-1
User_talk:86.15.137.67,User_talk:Widr,-1
User_talk:Widr,User_talk:GeorgeGlock123,-1
User_talk:GeorgeGlock123,Detroit_Red_Wings,-1
Chibombo_bus_crash,User:MoarKrabs60,-1
Ny_(Belgium),Twilight_(novel),4
List_of_American_television_series,Scooby-Doo's_Haunted_Mansion,2
Scooby-Doo's_Haunted_Mansion,Boo_Blasters_on_Boo_Hill,1
Boo_Blasters_on_Boo_Hill,Caillou,3
Caillou,Boo_Blasters_on_Boo_Hill,4
Boo_Blasters_on_Boo_Hill,Scooby-Doo's_Haunted_Mansion,1
Scooby-Doo's_Haunted_Mansion,Boo_Blasters_on_Boo_Hill,1
Boo_Blasters_on_Boo_Hill,The_Funtastic_World_of_Hanna-Barbera_(ride),2
Castle_View_Enterprise_Academy,"Castletown,_Sunderland",2
"Castletown,_Sunderland",Hylton_Castle_(suburb),2
Hylton_Castle_(suburb),Sunderland_A.F.C.,2
Curtis_Granderson,2012–13_New_York_Knicks_season,3
Shit_happens,"St_Peter's_College,_Chelmsford",5
Slender:_The_Eight_Pages,User_talk:Gogo_Dodo,-1
User_talk:Gogo_Dodo,User:Slenderman05,-1
Ted_Alan_Worth,"Hollister,_California",3
Kent_Johnson,Blue_(English_band),4
Australia's_Federation_Guard,User:Tzar000/sandbox,-1
Butch_Carter,Skrillex,4
Skrillex,Pitch_Perfect,3
Ross_128,User_talk:Wan_yik_hay,-1
User_talk:Wan_yik_hay,User_talk:Way2veers,-1
Daniel_Bryan,Team_Hell_No,1
File:Caddo_Flag.gif,"Fairview_Alpha,_Louisiana",-1
"Fairview_Alpha,_Louisiana","Kraft,_Louisiana",2
"Kraft,_Louisiana",User_talk:12.197.247.250,-1
User_talk:12.197.247.250,"Wood,_Louisiana",6
Santa_María_(ship),Boats_n'_Hoes,3
Boats_n'_Hoes,Santa_María_(ship),3
Santa_María_(ship),Boats_n'_Hoes,3
Boats_n'_Hoes,Pinta_(ship),4
Pinta_(ship),User_talk:GottaHaveMeMyBoatsAndHoes,-1
Website,User_talk:Michael9183,-1
Ranulph_Fiennes,User:The_wiki_changer_777,-1
Batman:_Arkham_City,User_talk:Chickenmcface,-1
User_talk:Chickenmcface,Talk:Bill_Clinton,-1
Talk:Bill_Clinton,Mountain_Dew,4
Chef_Boyardee,User_talk:Chickenmcface,-1
User_talk:Chickenmcface,Chef_Boyardee,1
Yeshiva_Derech_HaTorah,User_talk:YDHbulldog,-1
Spice,Hall_Cross_Academy,4
Hall_Cross_Academy,The_Man_of_Law's_Tale,3
The_Man_of_Law's_Tale,Hall_Cross_Academy,4
Talk:Leonidas_I,Leonidas_I,2
Jemal_Inaishvili,User_talk:Alexandre.tsuladze,-1
Bonnet_Creek_Resort,User_talk:RicardoC999,-1
User_talk:RicardoC999,Wyndham_Hotels_&_Resorts,2
"Tom_Lister,_Jr.",User_talk:LuisLakers24,-1
Duke_of_Medinaceli,Americans,3
Wikipedia:Main_Page_alternative_(editable),String_theory,3
Sexual_slavery,Greenwood_Memorial_Park_(San_Diego),3
Assassination,User_talk:Gogo_Dodo,-1
Lionel_Messi,Grenagh,4
"Kingsford,_Michigan","Dinah,_Yes_Indeed!",4
"Dinah,_Yes_Indeed!",Farwell_Building,4
Nevada,User_talk:HelloKitty2005,-1
User_talk:HelloKitty2005,Chuck_E._Cheese's,5
Chuck_E._Cheese's,User_talk:HelloKitty2005,-1
User_talk:HelloKitty2005,Flag_of_South_Korea,1
Jalapeño,Bath_salts_(drug),3
Bath_salts_(drug),Spinach,3
George_S._Patton,User_talk:Jacob_Hamm,-1
Homo_floresiensis,User_talk:Qwertyduck576,-1
Baltimore_Ravens,Caleb_Moore,3
Caleb_Moore,Instagram,3
Instagram,User_talk:Gogo_Dodo,-1
Bamako,User_talk:Theunderpaidone,-1
Giannis_Fetfatzidis,Pierre-Emerick_Aubameyang,3
Giannis_Fetfatzidis,Greece,1
Grenagh,Lionel_Messi,4
Anton_Ferdinand,List_of_stadiums_in_Ireland_by_capacity,3
List_of_stadiums_in_Ireland_by_capacity,Robbie_Keane,3
User:DanyCheeto,Deyes_High_School,-1
Buying_decision_process,Hippos,4
New_York_Giants,User_talk:Bongwarrior,-1
User_talk:Bongwarrior,San_Francisco_49ers,5
Henry_Winkler,User_talk:Gogo_Dodo,-1
User_talk:Gogo_Dodo,Don_Most,4
George_Meade,User:Chris999cs/sandbox,-1
User:Chris999cs/sandbox,User_talk:Chris999cs,-1
George_Meade,User_talk:Σ,-1
User_talk:Σ,Computer-aided_design,-1
Computer-aided_design,Talk:Computer-aided_design,-1
Talk:Computer-aided_design,User_talk:Bongwarrior,-1
Talk:Aristotle,Talk:John_Dalton,-1
Talk:Aristotle,User_talk:Smartboy10111,-1
Suspension_bridge,User_talk:PoopMaster123,-1
Suspension_bridge,User_talk:PoopMaster123,-1
User_talk:Malik_Shabazz,User:AuggiePaoli,-1
User:AuggiePaoli,User_talk:FreeRangeFrog,-1
Education_in_Scotland,User:Qdog83,-1
User:Qdog83,User:Qdog83/sandbox,-1
User:Qdog83/sandbox,Wikipedia:Sandbox,5
Wikipedia:Sandbox,User_talk:Qdog83,-1
User_talk:Qdog83,User_talk:RHaworth/2013_Feb_05,-1
User_talk:RHaworth/2013_Feb_05,Heroin,-1
Heroin,Wikipedia:Sandbox,4
Wikipedia:Sandbox,User:Qdog83,-1
User:Qdog83,User:Qdog83/sandbox,-1
User:Qdog83/sandbox,Scottish_cuisine,4
Scottish_cuisine,User_talk:Qdog83,-1
Bill_Murray,Wikipedia:Sandbox,4
Wikipedia:Sandbox,Changoleón,-1
Michael_Mifsud,Wikipedia:Edit_filter/False_positives/Reports,-1
Red_Countess,Cheese_(disambiguation),4
Greek_language,User:Moosehadley,-1
User:Moosehadley,Number,-1
Talk:WWE,Louis-Joseph_Papineau,4
Stop_&_Shop,User_talk:Riflebellows,-1
Environmental_impact_of_shipping,Paint,2
GTx_Incorporated,Montclair-Boonton_Line,4
Preboot_Execution_Environment,User_talk:Herpderpa,-1
Oriundi_(film),Margitta_Krüger,5
Margitta_Krüger,Kumari_Ananthan,5
Kumari_Ananthan,Vassilios_Giavis,-1
Vassilios_Giavis,Janusz_Kowalik,4
Sara_Kestelman,Kumari_Ananthan,4
Noodle,User_talk:GrayFullbuster,-1
Muhammad_(name),Swimming_(sport),2
1976_African_Cup_of_Nations_qualification,User_talk:Jim1138,-1
Geology_of_the_Alps,User_talk:Barca98,-1
Jay_Cutler_(American_football),Clay_Matthews_III,1
"Fullerton,_California",Fullerton_Union_High_School,1
Fullerton_Union_High_School,"Fullerton,_California",1
List_of_public_art_in_Liverpool,Presseck,4
Presseck,User_talk:Wilson_Bitoque,-1
Mount_Pinatubo,One_Direction,3
User:Electricbean,User:SpacemanSpiff,-1
Tom_Ross_(ice_hockey),Ugly_Betty,3
Culture_of_Singapore,Roti_Island_snake-necked_turtle,4
Roti_Island_snake-necked_turtle,Psittacus,3
Tumen_River,Jordan_Maron,4
Gastropod_shell,User_talk:RNealK,-1
User_talk:RNealK,User:RNealK,-1
"Catholic_Central_High_School_(London,_Ontario)",User_talk:J29383jkjasdh,-1
Sexual_ethics,User_talk:D7898,-1
User_talk:D7898,User_talk:Tbhotch,-1
User_talk:Tbhotch,User_talk:D7898,-1
Amethyst,List_of_biblical_names_starting_with_H,3
Bernar_Venet,Mary_D._Bradford_High_School,4
User:A._J._Abbasi,Dokri_Taluka,-1
Melissa_Hutchison,Episodic_video_game,2
Hebrew_language,User_talk:Zombiedude101,-1
Bouncy_ball,The_Killing_Jar_(film),4
August_Underground,Naked_Blood,4
Naked_Blood,Mmm_Skyscraper_I_Love_You,4
Mmm_Skyscraper_I_Love_You,Mmmuffins,5
Mmmuffins,User_talk:Hihihihihijiji,-1
Prometheus,Brickleberry,4
Brickleberry,User_talk:Bossdog213,-1
User_talk:Bossdog213,Odyssey,3
Certified_(David_Banner_album),Rick_Ross,2
List_of_serial_killers_by_number_of_victims,Finally_Rich,3
Finally_Rich,Reload_(Metallica_album),3
Reload_(Metallica_album),"God_Forgives,_I_Don't",3
"God_Forgives,_I_Don't",Rick_Ross,1
Rick_Ross,"God_Forgives,_I_Don't",1
"God_Forgives,_I_Don't",She_Hates_Me,4
She_Hates_Me,Birthday_Song,4
Birthday_Song,Chief_Keef,2
Chief_Keef,Les_Misérables:_Highlights_from_the_Motion_Picture_Soundtrack,4
Les_Misérables:_Highlights_from_the_Motion_Picture_Soundtrack,Nyan_Cat,4
Nyan_Cat,Rich_Forever,4
Rich_Forever,Ashes_to_Ashes_(mixtape),2
Ashes_to_Ashes_(mixtape),Chief_Keef,3
Chief_Keef,Foo_Fighters_discography,4
Foo_Fighters_discography,Tanks_in_the_Spanish_Army,4
Tanks_in_the_Spanish_Army,MBV_(album),4
Aylesbury_Grammar_School,User_talk:Mean_as_custard,-1
User_talk:Mean_as_custard,User_talk:Klime02,-1
User_talk:Klime02,User:Klime02,-1
User:Klime02,User_talk:Mean_as_custard,-1
User_talk:Mean_as_custard,"Lecompte,_Louisiana",4
"Lecompte,_Louisiana",User_talk:Mean_as_custard,-1
The_Binding_of_Isaac_(video_game),Gogo_Dodo,3
Crumlin_RFC,Siobhan_Benita,4
Siobhan_Benita,"Gupton,_North_Carolina",5
Malware,User_talk:Tankman98,-1
User_talk:Tankman98,Ethernet,3
Ethernet,User_talk:Tankman98,-1
User_talk:Tankman98,Ethernet,3
Ethernet,User_talk:Cst17,-1
User_talk:Cst17,Spamming,4
Orphan,Connor_O'Brien_(alpine_skier),5
Connor_O'Brien_(alpine_skier),Sandy_Upper_School,4
Colin_Ford,Jordan_Willis_(footballer),5
Jordan_Willis_(footballer),Barbara_Palvin,4
Colin_Ford,Rob_Kardashian,3
Yolo,Sodbuster,5
Brantford_Galaxy,North_Park_Collegiate_and_Vocational_School,2
Brantford_(electoral_district),Pornographic_film_actor,4
Maine,User_talk:Herpaderpity,-1
Mower_blade,Assisi_Animal_Sanctuary,5
Sigmund_Freud,List_of_The_Grim_Adventures_of_Billy_&_Mandy_characters,4
Cripple,User_talk:MADLOL987,-1
User_talk:MADLOL987,Hobo,1
Midas,Lady_Saigō,4
Lady_Saigō,Hurricane_Bob,4
Vidya_Balan,Talk:Vidya_Balan,-1
Talk:Vidya_Balan,Jab_Tak_Hai_Jaan,3
Jab_Tak_Hai_Jaan,Sonakshi_Sinha,2
Sonakshi_Sinha,Talk:Jab_Tak_Hai_Jaan,-1
Wikipedia:Edit_filter/False_positives/Reports,Youzhou,4
Australia's_Got_Talent,X_Factor_(Albania_season_2),3
X_Factor_(Albania_season_2),The_X_Factor_(U.S._season_2),2
The_X_Factor_(U.S._season_2),The_X_Factor_(UK_series_9),2
The_X_Factor_(UK_series_9),The_X_Factor_(U.S._season_2),2
The_X_Factor_(U.S._season_2),The_X_Factor_(U.S._season_3),2
The_X_Factor_(U.S._season_3),The_X_Factor_(U.S._TV_series),1
The_X_Factor_(U.S._TV_series),The_X_Factor_(U.S._season_3),1
The_X_Factor_(U.S._season_3),X_Factor_(Dutch_TV_series),2
X_Factor_(Dutch_TV_series),The_X_Factor_(UK_TV_series),1
The_X_Factor_(UK_TV_series),X_Factor_(Romania_season_1),2
X_Factor_(Romania_season_1),Change_Your_Life_(Little_Mix_song),3
Change_Your_Life_(Little_Mix_song),The_X_Factor_(U.S._season_3),3
The_X_Factor_(U.S._season_3),The_X_Factor_(U.S._TV_series),1
The_X_Factor_(U.S._TV_series),The_X_Factor_(U.S._season_3),1
The_X_Factor_(U.S._season_3),The_X_Factor_(U.S._season_2),1
The_X_Factor_(U.S._season_2),The_X_Factor_(U.S._season_3),2
The_X_Factor_(U.S._season_3),The_X_Factor_(U.S._TV_series),1
The_X_Factor_(U.S._TV_series),The_X_Factor_(U.S._season_2),1
The_X_Factor_(U.S._season_2),The_X_Factor_(U.S._season_3),2
Arsenal,FIFA_13,3
FIFA_13,User:Peterarsenal/sandbox,-1
Gymnastics,Cheerleading_in_the_United_Kingdom,2
Cheerleading_in_the_United_Kingdom,User:Prince$$eslol,-1
User:Prince$$eslol,Talk:Cheerleading,-1
Talk:Cheerleading,Wikipedia_talk:Articles_for_creation/Sophie_Smith,-1
Wikipedia_talk:Articles_for_creation/Sophie_Smith,User:WikiDan61,-1
User:WikiDan61,User_talk:Black_Kite,-1
Anton_Abele,Murder_of_Joanna_Yeates,4
Panna_cotta,User_talk:RainbowBacon69,-1
Amnesia:_A_Machine_for_Pigs,Amnesia:_The_Dark_Descent,2
"Waterloo,_Illinois",User_talk:Editin4fun,-1
Chief_Wiggum,Space_Cadet_(Family_Guy),3
Space_Cadet_(Family_Guy),Kreuzberg,4
Kreuzberg,Songs_&_More_Songs_by_Tom_Lehrer,4
Songs_&_More_Songs_by_Tom_Lehrer,Henry_Petroski,4
Duclod_Man,Sandy_Hook_Elementary_School_shooting,3
Sandy_Hook_Elementary_School_shooting,Huell_Howser,3
"San_Luis_Obispo,_California",Double_Take_(group),1
Double_Take_(group),Liverpool,3
Liverpool,Category:German_people_of_Israeli_descent,-1
Category:German_people_of_Israeli_descent,Category:German_Jews,-1
Category:German_Jews,Aqua_Unit_Patrol_Squad_1_(season_9),-1
Aqua_Unit_Patrol_Squad_1_(season_9),Huell_Howser,3
Huell_Howser,Caress_Me_Down,4
Caress_Me_Down,Sublime_(album),1
Sublime_(album),Template:Sublime,2
Template:Sublime,Caress_Me_Down,-1
Caress_Me_Down,Take_the_Skinheads_Bowling,3
Take_the_Skinheads_Bowling,Pulling_Teeth_(song),-1
Pulling_Teeth_(song),Dookie,1
Richard_Cheese,Niagara_(painter_and_singer),4
Niagara_(painter_and_singer),Dem_Bones,4
Korova_Milk_Bar,Amish_Guy,4
Amish_Guy,Swass,4
Aqua_Teen_Hunger_Force_(season_1),Death_Rides_a_Pale_Cow_(The_Ultimate_Collection),4
Death_Rides_a_Pale_Cow_(The_Ultimate_Collection),Dan_Schneider_(writer),4
Vinny_Del_Negro,Andy_Polo,4
Blocking_below_the_waist,Tensilica_Instruction_Extension,5
Tensilica_Instruction_Extension,Johan_August_Lundell,5
Somebody_That_I_Used_to_Know,Suit_&_Tie,2
Suit_&_Tie,I_Knew_You_Were_Trouble,2
I_Knew_You_Were_Trouble,Scream_&_Shout,2
Scream_&_Shout,Diamonds_(Rihanna_song),2
Sainsbury's,User_talk:SummerPhD,-1
User_talk:SummerPhD,Jamie_Oliver,3
James_May,"Toys_""R""_Us",3
"Toys_""R""_Us",The_Black_Parade,4
Teenagers_(song),Gocompare.com,4
Nick_Diaz,Georges_St-Pierre,1
Georges_St-Pierre,2013_in_UFC,2
Swastika,User_talk:PlaiPie,-1
User:Night_of_darkness/sandbox,Jihad_satire,5
Jihad_satire,Talk:Main_Page,-1
Talk:Main_Page,User_talk:Night_of_darkness,-1
User:Night_of_darkness/sandbox,User_talk:Night_of_darkness,-1
Kazé,Manuel_Neuer,4
Manuel_Neuer,Pretty_Boy_Swag,4
Pretty_Boy_Swag,User_talk:Tolly4bolly,-1
Java,User:Bongwarrior,-1
God_Defend_New_Zealand,User_talk:I_like_airports,-1
List_of_genetic_disorders,Talk:Behavior,-1
Talk:Behavior,Talk:Color_blindness,-1
Talk:Color_blindness,Pernicious_anemia,4
Pernicious_anemia,User_talk:208.125.139.98,-1
Jason_Derulo,Conor_Maynard,2
Jason_Derulo,Conor_Maynard,2
Bad_Girls_Club_(season_10),List_of_The_Fairly_OddParents_episodes,3
List_of_The_Fairly_OddParents_episodes,User_talk:Curtbone77,-1
Bad_Girls_Club_(season_10),List_of_Shake_It_Up_episodes,3
User:Three1two,Plasma_(physics),-1
Plasma_(physics),User:Three1two/sandbox,-1
User:Three1two/sandbox,Plasma_(physics),-1
Hero_of_the_Soviet_Union,Spawning_(video_gaming),4
Spawning_(video_gaming),Lego_Baby,4
Lego_Baby,Spawning_(video_gaming),4
Category:Pie_stubs,Talk:Guns_N'_Roses,-1
Talk:Guns_N'_Roses,Buffalo,4
Buffalo,User:Mcfat2000,-1
User:Mcfat2000,Song,-1
Storage_Wars,Kelvin_Mateus_de_Oliveira,4
Kelvin_Mateus_de_Oliveira,The_Dictator_(2012_film),4
The_Dictator_(2012_film),Luciano_Becchio,4
Luciano_Becchio,Kelvin_Mateus_de_Oliveira,3
Storage_Wars,Harry_Redknapp,3
Jewish_population_by_country,Volkswagen_Schwimmwagen,3
Franz_Josef_Popp,Karl_Friedrich_Louis_Dobermann,4
Karl_Friedrich_Louis_Dobermann,August_Horch,3
Undercover_Boss_(U.S._TV_series),Self-hating_Jew,3
Ocean_City_34th_Street_Station,This_Man_Dawson,5
This_Man_Dawson,Leslie_Spotz,4
Vitamin_A,User:69boost69,-1
Daisy_Waugh,Nani,4
Nani,David_de_Gea,2
David_de_Gea,Sergio_Busquets,2
The_Spirit_Indestructible,Big_Hoops_(Bigger_the_Better),1
Big_Hoops_(Bigger_the_Better),Waiting_for_the_Night_(song),2
Dublin_Airport,Hartsfield–Jackson_Atlanta_International_Airport,2
Hartsfield–Jackson_Atlanta_International_Airport,Fort_Lauderdale–Hollywood_International_Airport,1
Fort_Lauderdale–Hollywood_International_Airport,Bad_Girls_Club_(season_1),4
Bob_Menendez,Hurricane_Sandy,2
Bob_Menendez,Hurricane_Sandy,2
Johann_de_Kalb,User_talk:Zionsmall,-1
User_talk:Zionsmall,Johann_de_Kalb,1
Troll_(Internet),User_talk:LeMemeCentral,-1
Rebecca,"Lila_C,_California",5
"Lila_C,_California",I_Like_Trains,5
I_Like_Trains,Rebecca,4
French_Polynesia,Sym-Bionic_Titan,4
Sym-Bionic_Titan,Cheese-eating_surrender_monkeys,3
Paul_Burlin,Samar_Samir_Mezghanni,5
Samar_Samir_Mezghanni,String_theory,3
Echinoderm,User_talk:Man7000,-1
Michael_Grant_(young_adult_author),User:Mitchell_k_dwyer,-1
User:Mitchell_k_dwyer,User:Eyesnore/userpage,-1
User:Eyesnore/userpage,Wikipedia:Sandbox,-1
Wikipedia:Sandbox,International_Baccalaureate,-1
How_I_Met_Your_Mother,User:Thingg,-1
Hare_Raising_Havoc,User_talk:Eyesnore,-1
