Onufriivka,"Louisville,_Kentucky",4
"Louisville,_Kentucky",Wikipedia:Help_desk,4
Wikipedia:Help_desk,User_talk:Popsiclesareawesomelol,-1
Ratings_Guy,Harry_Potter_and_the_Half-Blood_Prince_(film),3
Harry_Potter_and_the_Half-Blood_Prince_(film),User_talk:Wehavetogobackkate,-1
Nerian_Sharif,GNK_Dinamo_Zagreb,4
GNK_Dinamo_Zagreb,ISAF_Sailing_World_Cup,4
ISAF_Sailing_World_Cup,User_talk:Bobsy345,-1
User_talk:Bobsy345,Battle_of_Crécy,-1
Troll_(Internet),User:Bobsy345/sandbox,-1
User:Bobsy345/sandbox,Mesut_Özil,-1
Mesut_Özil,User_talk:JamesBWatson,-1
User_talk:JamesBWatson,Justin_Bieber,3
György_Ligeti,Sexuality_of_Adolf_Hitler,3
Jeff_Bridges,User:Freikorp,-1
User:Freikorp,György_Ligeti,3
György_Ligeti,User:G_S_Palmer,-1
User:G_S_Palmer,Wikipedia:Edit_filter/False_positives/Reports,-1
User:Kevinroon6/sandbox,User:Kevinroon6/sandbox/sandbox,-1
User:Kevinroon6/sandbox/sandbox,Jayden_Levitt,-1
Tom_Kenny_filmography,Black_mamba,3
Nazriya_Nazim,Preity_Zinta,3
Drosera_peruensis,Mustang,5
William_III_of_England,2014_pro-Russian_unrest_in_Ukraine,3
2014_pro-Russian_unrest_in_Ukraine,Yellowhammer,3
Carmella_Bing,Franceska_Jaimes,4
Franceska_Jaimes,Flower_Tucci,3
El_Generico,Mike_Dalton_(wrestler),2
Mike_Dalton_(wrestler),WWE_Divas_Championship,2
"Grand_Haven,_Michigan",History_of_the_potato,4
Slug,User_talk:Ladotelli69,-1
Hydrogen_cyanide,User:HgandVenus,-1
User:HgandVenus,User_talk:IPAyue,-1
Wikipedia:Usernames_for_administrator_attention,User_talk:C.Fred,-1
Wikipedia:Usernames_for_administrator_attention,User_talk:The_Bushranger,-1
Gardman,User:Kananikus,-1
Gardman,User_talk:Elassint,-1
Gardman,User:Kananikus,-1
Banknote,Doom_Bar,3
Doom_Bar,2014_pro-Russian_unrest_in_Ukraine,3
Meanings_of_minor_planet_names:_362001–363000,User:Hynar123,-1
User:Hynar123,User_talk:Hynar123,-1
Jeep_Wrangler,True_Love_Waits_(song),4
True_Love_Waits_(song),Paolo_Stringara,4
Paolo_Stringara,Haba_Station,-1
Sports_bra,Paolo_Stringara,4
Paolo_Stringara,Sports_bra,4
Sports_bra,Prince_William_of_Denmark,4
Prince_William_of_Denmark,Patrick_Star,5
Three_Little_Pigs_(film),HMS_Holmes_(K581),4
Pop,User_talk:Kaitlyncranston,-1
User_talk:Kaitlyncranston,Southeastern_United_States,4
Education,Butterworth_&_Dickinson,3
1914,2014_pro-Russian_unrest_in_Ukraine,3
Alleyne_v._United_States,Talk:Dolphin,-1
Blue_Ice_(video_game),Talk:Main_Page,-1
Talk:Main_Page,Kajona,4
Kajona,Chris_Holt_(boxer),-1
Lacunaria,User_talk:Jwest0538,-1
User_talk:Jwest0538,"Queensland_state_election,_1915",7
"Queensland_state_election,_1915",User_talk:Jwest0538,-1
User_talk:Jwest0538,Tomasz_Markowski_(politician),6
East_Coweta_High_School,"Northgate_High_School_(Newnan,_Georgia)",2
Sinking_of_the_MV_Sewol,Namyoung,2
Namyoung,Northland_Primary_School,4
Northland_Primary_School,Malaysia_Airlines_Flight_370,3
Malaysia_Airlines_Flight_370,Edward_Snowden,3
Edward_Snowden,List_of_schools_in_Yishun,4
List_of_schools_in_Yishun,Malaysia_Airlines_Flight_370,3
Malaysia_Airlines_Flight_370,Workers'_Party,3
"Deer_Valley_High_School_(Glendale,_Arizona)",User:Deervalley,-1
User:FalafelButterfly,User_talk:FalafelButterfly,-1
User_talk:FalafelButterfly,Guachochi_Municipality,-1
Guachochi_Municipality,De_Brouckère_metro_station,5
De_Brouckère_metro_station,Henry_W._Armstrong,5
Henry_W._Armstrong,Dorcas_Muthoni,4
Bangladesh_at_the_Commonwealth_Games,Hans_Joachim_von_Rohr,6
Hans_Joachim_von_Rohr,Idhuthanda_Sattam,6
Idhuthanda_Sattam,Kryoryctes,4
Kryoryctes,Margaret_Thatcher,3
Margaret_Thatcher,Historical_rankings_of_Presidents_of_the_United_States,2
Historical_rankings_of_Presidents_of_the_United_States,User_talk:99.52.101.140,-1
Olm,Jørgen_Møller,4
Jørgen_Møller,Lauron,6
Lauron,Jawahar_Navodaya_Vidyalaya_Jojawar,6
Jawahar_Navodaya_Vidyalaya_Jojawar,Wikipedia:Administrator_intervention_against_vandalism,5
"139th_(Northumberland)_Battalion,_CEF",Command_Post_Tango,6
Wikipedia:Dispute_resolution_noticeboard,Demi_Moore,4
State_of_Origin_series,Bus_stop,3
Faisal_Khan_(TV_actor),Neil_deGrasse_Tyson,4
Neil_deGrasse_Tyson,Bharat_Ka_Veer_Putra_–_Maharana_Pratap,3
Holy_Week_in_Spain,Alternative_fuel_vehicle,3
Alternative_fuel_vehicle,Backboard_(basketball),3
Backboard_(basketball),User_talk:Manusyolo,-1
User_talk:Manusyolo,Wind_power,3
Alex_Jacobowitz,User_talk:WikiDerpMoose,-1
Lego_Marvel_Super_Heroes,Lego_Batman_2:_DC_Super_Heroes,2
Lego_Marvel_Super_Heroes,Lego_Batman_2:_DC_Super_Heroes,2
Lego_Marvel_Super_Heroes,Lego_Batman_2:_DC_Super_Heroes,2
Lego_Marvel_Super_Heroes,Lego_Batman_2:_DC_Super_Heroes,2
Uncharted,List_of_The_Elder_Scrolls_video_games,3
List_of_The_Elder_Scrolls_video_games,Doom_(1993_video_game),3
User:Doyouwanttobuildasnwoman,Stuff,-1
Pastry,User_talk:Bobbylops17,-1
Swindle_(novel),HMAS_Creswell,4
Cherokee_Christian_Schools,Harry_Potter_and_the_Goblet_of_Fire,4
Harry_Potter_and_the_Goblet_of_Fire,The_Wolf_of_Wall_Street_(2013_film),3
Cherokee_Christian_Schools,Atlantic_Ocean,3
List_of_Suits_characters,Oregon,3
Watching_Too_Much_Television,CTV_Two_Atlantic,4
CTV_Two_Atlantic,I'mperfect,5
I'mperfect,Prazon,5
Prazon,Penmans,5
Penmans,Rafeeuddin_Ahmed,5
Rafeeuddin_Ahmed,L.A._Lariviere,5
Toilet_paper,User_talk:Anonymous_User_Alert!,-1
Toilet_paper,User_talk:Anonymous_User_Alert!,-1
Sorry,Tehran_railway_station,4
Casablanca,User_talk:Mmpps,-1
The_World's_Billionaires,God_is_great,-1
God_is_great,What_Darwin_Got_Wrong,4
What_Darwin_Got_Wrong,Wikipedia:Wikipedia_records,5
Wikipedia:Wikipedia_records,Beckman_Research_Institute,4
Forbes_list_of_The_World's_Most_Powerful_People,User:Loriendrew,-1
Forbes_list_of_The_World's_Most_Powerful_People,User:Loriendrew,-1
User:Loriendrew,Lilo_&_Stitch,4
Sinking_of_the_MV_Sewol,User:Jimbo_Wales,4
Sinking_of_the_MV_Sewol,User:Jimbo_Wales,4
User:Jimbo_Wales,User_talk:NeilN,-1
User_talk:NeilN,Title,3
Title,User:Jimbo_Wales,4
Baker_College,2014_pro-Russian_unrest_in_Ukraine,4
Lion_of_Knidos,Smart,5
Lisa_the_Skeptic,Star_Trek_Into_Darkness,3
Star_Trek_Into_Darkness,Wikipedia:Sandbox,4
Wikipedia:Sandbox,User:TheZane323/sandbox,-1
User:TheZane323/sandbox,File_talk:World_Wine_Areas.jpg,-1
File_talk:World_Wine_Areas.jpg,Suwon,-1
Newday,Pentatonix,3
Pentatonix,Kenwyne_Jones,4
Yemen,Watch_Dogs,3
Eruption_of_Mount_Vesuvius_in_79,Triple_Crown_(rugby_union),3
Sam_Jones_(basketball),Jimmy_Garoppolo,4
Jimmy_Garoppolo,Sam_Jones_(basketball),3
Sam_Jones_(basketball),User_talk:Predsfan98,-1
Walking_Dead,Calvin_Coolidge,4
Daniel,User_talk:FvaefsC,-1
User_talk:FvaefsC,Justin,1
User:Qattus1055,User:MikeTheEditor104,-1
User:MikeTheEditor104,User:Zintan,-1
User:Zintan,User:Mooseofchoclate,-1
User:Mooseofchoclate,User:KwikebWithFlute007,-1
User:KwikebWithFlute007,User:DriverWithFlute,-1
User:DriverWithFlute,User:BeetleBweet001,-1
User:BeetleBweet001,User:Wanker100000,-1
User:Wanker100000,User:FavovianTheKurnutandBarri,-1
User:FavovianTheKurnutandBarri,User:Foxxillibaommok,-1
User:Foxxillibaommok,User:Callus101,-1
User:Callus101,User:Qlalet505,-1
User:Qlalet505,User:ZobbGoSorm,-1
User:ZobbGoSorm,User:Wikipedian124,-1
User:Wikipedian124,User:Zobblu108,-1
User:Zobblu108,User:GobbitWithBima987,-1
User:GobbitWithBima987,User:Qattus105,-1
User:Qattus105,User:CraigWilliamJ,-1
User:CraigWilliamJ,User:MiguelTheDeskMan,-1
User:MiguelTheDeskMan,User:GabrielFarrugiaJohnson,-1
User:GabrielFarrugiaJohnson,User:ZobbBotNG,-1
User:ZobbBotNG,User:Pear10155,-1
User:Pear10155,User:Favzonian,-1
User:Favzonian,User:Yintan3,-1
User:Yintan3,User:MantleBeet005,-1
User:MantleBeet005,User:J'sonTC,-1
User:J'sonTC,User:Qattuser1000,-1
User:Qattuser1000,User:WilliamSouth,-1
User:WilliamSouth,User:BrokenMirrors246,-1
User:BrokenMirrors246,User:Qattis1055,-1
User:Qattis1055,User:Jasonwithbonot006,-1
User:Jasonwithbonot006,User:CompanysellingonWiki,-1
User:CompanysellingonWiki,User:BantleBeet005,-1
User:BantleBeet005,User:Kurufukinghismoose,-1
User:Kurufukinghismoose,User:Yunshuiilpacocu,-1
User:Yunshuiilpacocu,User:PranksofOwnage,-1
User:PranksofOwnage,User:JohnReavesattackinghisconti,-1
User:JohnReavesattackinghisconti,User:FailWiki,-1
User:FailWiki,User:Craig_Cousins,-1
User:Craig_Cousins,User:PeppiTaZobbuKbir,-1
User:PeppiTaZobbuKbir,User:Keyblade025,-1
Marvin_and_Tamara,User_talk:Tingdem69,-1
User_talk:Tingdem69,"Danny_Mills_(footballer,_born_1991)",-1
Jack_Johnson_(musician),Snow_on_tha_Bluff,4
Westsyde_Secondary_School,Sa-Hali_Secondary_School,2
Sa-Hali_Secondary_School,Norkam_Secondary_School,2
Norkam_Secondary_School,Sa-Hali_Secondary_School,2
Sa-Hali_Secondary_School,School_District_73_Kamloops/Thompson,1
Kamloops,Sa-Hali_Secondary_School,2
Sa-Hali_Secondary_School,Val-d'Or_Foreurs,3
Chicago_Blackhawks,User_talk:Krazyehler258,-1
User_talk:Krazyehler258,South_Kamloops_Secondary_School,3
Olivia_Hussey,User_talk:Excirial,-1
Evgeni_Nabokov,Ice_hockey_at_the_2006_Winter_Olympics_–_Men's_tournament,2
Ice_hockey_at_the_2006_Winter_Olympics_–_Men's_tournament,Evgeni_Nabokov,1
Evgeni_Nabokov,Ice_hockey_at_the_2010_Winter_Olympics_–_Men's_tournament,2
Patrick_Kane,2010_Stanley_Cup_playoffs,2
Red_River_Colony,User:Tashagauthier,-1
User:Tashagauthier,Justin_Bieber,-1
Notch,Argel_Fucks,5
Argel_Fucks,User_talk:AssWiki2211,-1
Mehdi_Benatia,Christian_Eriksen,3
Christian_Eriksen,Safita,3
Junior_Johnson,Trevor_Bayne,2
Trevor_Bayne,Kyle_Larson,2
Jeff_Gordon,User_talk:ZappaOMati,-1
User_talk:ZappaOMati,Regan_Smith,5
Joe_Nemechek,Ryan_Truex,2
Ryan_Truex,Andy_Lally,2
Luke_Shaw,Andre_Gray,3
Andre_Gray,Adebayo_Akinfenwa,2
Delphine_LaLaurie,User_talk:Andrea_aguilard,-1
User_talk:Andrea_aguilard,Nash_Grier,1
Noah_Vonleh,User:Sarahj2107,-1
Noah_Vonleh,Mark_Wahlberg,3
Leonardo_(Teenage_Mutant_Ninja_Turtles),Powerade,3
Unicorn_(disambiguation),21_Jump_Street_(film),4
21_Jump_Street_(film),File:Godzilla_'54_design.jpg,-1
File:Godzilla_'54_design.jpg,List_of_Home_and_Away_characters_(1998),-1
List_of_Home_and_Away_characters_(1998),21_Jump_Street_(film),3
Peculate_(band),User_talk:LennyCartwright,-1
2000s_(decade),User:Mr.choppers,-1
User:Mr.choppers,User:Lady_Gaga_the_Singing_Clown,-1
User:Lady_Gaga_the_Singing_Clown,Lincoln_MKZ,-1
Lincoln_MKZ,User:Lady_Gaga_the_Singing_Clown,-1
User:Lady_Gaga_the_Singing_Clown,Windows_XP,-1
Sword,Matt_Bomer,3
Matt_Bomer,Talk:Barack_Obama,-1
Talk:Wiki,Draft:Yano_The_Storyteller,-1
Draft:Yano_The_Storyteller,Draft:Gabby_Bear,-1
Draft:Gabby_Bear,Draft:Yano_The_Storyteller,-1
Draft:Yano_The_Storyteller,Sitting_Ducks,-1
Sitting_Ducks,Cédric_(comics),4
Cédric_(comics),The_Garfield_Show,4
The_Garfield_Show,Chuck_E._Cheese's,3
Chuck_E._Cheese's,Eliot_Kid,3
Eliot_Kid,User:TeddyTj1924,-1
User:TeddyTj1924,Cédric_(comics),-1
Cédric_(comics),Sitting_Ducks,4
Sitting_Ducks,Eliot_Kid,4
Eliot_Kid,User_talk:TeddyTj1924,-1
User_talk:TeddyTj1924,Chuck_E._Cheese's,-1
Bishop_Challoner_Catholic_Secondary_School,Wikipedia:Assume_good_faith,5
Wikipedia:Assume_good_faith,User_talk:SJFRA,-1
User_talk:SJFRA,Wikipedia:Assume_good_faith,-1
Wikipedia:Assume_good_faith,User_talk:Flyer22,-1
User_talk:Flyer22,Wikipedia:Assume_good_faith,4
User:Gaystation4,Otto_von_Bismarck,4
Chinese_people,User_talk:Gaystation4,-1
User_talk:Gaystation4,German_Empire,1
German_Empire,User_talk:Gaystation4,-1
Angel_Eyes_(TV_series),My_Love_from_the_Star,2
Apple_earbuds,The_New_Art_Gallery_Walsall,4
Apple_earbuds,IOS_7,2
IOS_7,User_talk:ClueBot_Commons,-1
User_talk:ClueBot_Commons,User_talk:Essa2014,-1
User_talk:Essa2014,Walsall_Leather_Museum,-1
Walsall_Leather_Museum,User_talk:Essa2014,-1
Apple_earbuds,User_talk:Essa2014,-1
User_talk:Essa2014,User_talk:Septate,-1
User_talk:Septate,User_talk:Essa2014,-1
User_talk:Essa2014,Wikipedia:Teahouse/Questions,-1
Wikipedia:Teahouse/Questions,User_talk:Jtmorgan,-1
User_talk:Jtmorgan,User_talk:Jtmorgan/Archive_1,-1
User_talk:Jtmorgan/Archive_1,User_talk:Essa2014,-1
User_talk:Keyblade025,User_talk:Callanecc,-1
Herbert_Hoover,Wikipedia:Sandbox,4
Wikipedia:Sandbox,User_talk:EPICPHAIL,-1
User_talk:EPICPHAIL,Smooth_Sailing,1
Smooth_Sailing,John_Madden,4
Bruce_Dickinson,Talk:Richard_D._James_Album,-1
Talk:Richard_D._James_Album,I_Don't_Wanna_Stop,4
Nike_Air_Yeezy,Chili,4
K_M_Grant,2018_FIFA_World_Cup,3
Gary_Ridgway,Sezmi,4
Sezmi,Tyler,5
Prawn,Wikipedia:Sandbox,5
Eddy_Gordo,Malcolm_Grant_(priest),4
Canadian_Tamil_Congress,User:Tamilmovieking,-1
User:Tamilmovieking,Kalidas_(film),-1
Kalidas_(film),Paradesi_(2013_film),4
Paradesi_(2013_film),Kochadaiiyaan,2
Fear,List_of_South_Park_characters,4
Wikipedia:Articles_for_deletion/Zachary_Laoutides,Wikipedia:Articles_for_deletion/Adios_Vaya_Con_Dios,-1
Wikipedia:Articles_for_deletion/Adios_Vaya_Con_Dios,Wikipedia:Articles_for_deletion/Midnight_Charlie,-1
Banana_Republic,May_2014_Ürümqi_attack,4
May_2014_Ürümqi_attack,User:Jimbo_Wales,5
User:Jimbo_Wales,User_talk:ClueBot_Commons,-1
Charles_Carleton_Coffin,Wikipedia:Edit_filter/False_positives/Reports,-1
Wikipedia:Edit_filter/False_positives/Reports,George_V,3
Charles_Carleton_Coffin,Christopher_Morley,3
Charles_Carleton_Coffin,User_talk:A930913,-1
User_talk:A930913,Christopher_Morley,-1
Charles_Carleton_Coffin,Christopher_Morley,3
Smedley_Butler,George_V,3
Hat,George_V,2
Robert_Wood_(Australian_politician),User_talk:Excirial,-1
User_talk:Excirial,User_talk:JuicyMelonz,-1
User_talk:JuicyMelonz,Wikipedia:Redirects_for_discussion/Log/2014_May_22,-1
Wikipedia:Redirects_for_discussion/Log/2014_May_22,User:JuicyMelonz,-1
Lindsey_Coulson,Richard_Rawson,4
Richard_Rawson,Wiley_(rapper),1
Thibaut_Courtois,Fabricio_Coloccini,2
Joey_Essex,Scout_(Scouting),3
Scout_(Scouting),Fiddler_on_the_Roof,3
Hollie_Steel,Connie_Talbot,2
Hair,Human_tooth,2
Chin_augmentation,Cephalopod_eye,3
Cephalopod_eye,Uncaria_tomentosa,4
Uncaria_tomentosa,User_talk:Amazinggrace22,-1
Azərbaycan_marşı,Azerbaijani_Armed_Forces,2
Azerbaijani_Armed_Forces,Category:Azerbaijani_translators,-1
Azərbaycan_marşı,Hajar,5
Drashti_Dhami,Olympus_Has_Fallen,5
Olympus_Has_Fallen,Tiger_Shroff,4
Tiger_Shroff,Kriti_Sanon,1
Bank,User_talk:PoopyPants46,-1
User_talk:PoopyPants46,"Kanawha_County,_West_Virginia",1
Russian_mafia,2013_FIFA_Confederations_Cup_Final,3
2013_FIFA_Confederations_Cup_Final,2013_FIFA_Confederations_Cup,2
BMW_5_Series,BMW_5_Series_(E60),2
BMW_5_Series_(E60),BMW_5_Series_(E39),2
GM_4L60-E_transmission,BMW_5_Series_(E60),3
BMW_5_Series_(E60),Windows_XP,3
User_talk:舎利弗,User_talk:Suck_my_balls_and_dick,-1
User_talk:Suck_my_balls_and_dick,User:331dot,6
User:331dot,User_talk:Suck_my_balls_and_dick,-1
Agueda_Esteban,Hash_browns,4
Kader_Khan,User:Assad_Al_Balushi,-1
User:Rumbasquamber,User_talk:Rumbasquamber,-1
Loïc_Rémy,Memphis_Depay,2
Memphis_Depay,Jon_Flanagan,3
Talk:Daniel_Tosh,User:Quailbourne/Jacob_B._Bourne,-1
Talk:Daniel_Tosh,Talk:Barack_Obama,-1
Talk:Barack_Obama,User_talk:Quailbourne,-1
Talk:Daniel_Tosh,Talk:Adolf_Hitler,-1
Zucchini,Greg_Heffley,4
Geography_of_Grenada,What_is_America?,4
Omallur,User_talk:Pdsachinraj,-1
User_talk:Pdsachinraj,User:Pdsachinraj,-1
Omallur,User:Pdsachinraj,-1
October_12,User:Caleb0White,-1
User:Caleb0White,Roaring_Twenties,-1
Louisiana,Caleb_(given_name),4
Caleb_(given_name),Richard_of_Vaucelles,4
Richard_of_Vaucelles,Brandy_in_the_Wilderness,5
Brandy_in_the_Wilderness,Saskatchewan_Highway_751,6
Saskatchewan_Highway_751,Black-clawed,-1
Black-clawed,User_talk:Caleb0White,-1
Talk:Dean_Winchester,Supernatural_(season_9),2
Wonder_(Palacio_novel),The_Little_Prince,3
The_Little_Prince,User_talk:Jeffreyhui19,-1
User_talk:Jeffreyhui19,The_Little_Prince,1
Shri_Gangajali_Education_Society,Ricardo_Martinelli,4
Ricardo_Martinelli,Juan_Carlos_Varela,2
Bobby_Browne_(footballer_born_1962),List_of_unrelegated_association_football_clubs,3
List_of_unrelegated_association_football_clubs,Cork_City_F.C.,2
Cork_City_F.C.,User_talk:Jamesx12345,-1
User_talk:Jamesx12345,Cork_City_F.C.,4
Anthony_Elding,User_talk:Bohsman1890,-1
Wikipedia:Sandbox,Battle_of_Shiloh,-1
Battle_of_Shiloh,User_talk:Aacceess,-1
Vasiliy_Kirdyapa,Ancient_Greek_architecture,3
Kawasaki_motorcycles,Frozen_(2013_film),4
Peer_contagion,The_Third_Half,5
The_Third_Half,User_talk:Excirial,-1
User_talk:NawlinWiki/Archive_87,User_talk:Yunshui,-1
User_talk:Yunshui,User_talk:Finngall,-1
Mabel_Tainter_Memorial_Building,Yet,-1
Richard_Sherman_(American_football),Talk:Taylor_Swift,-1
Lockheed_C-130_Hercules,User_talk:ZaveTheRave,-1
Lockheed_C-130_Hercules,User_talk:Fraggle81,-1
Cleveland_Cavaliers,Kevin_Gates,4
Vice_Ganda,Charlotte_County_Public_Schools,4
Karl_Darlow,Leicester_City_F.C.,2
Leicester_City_F.C.,Citrus_unshiu,3
Godzilla_(2014_film),Supernatural_(season_9),3
Brandon_Knight_(basketball),DeAndre_Jordan,3
User_talk:Elcobbola,User:Elcobbola/THeader,-1
Franco-Prussian_War,User:Chris_troutman,-1
Seffner_Christian_Academy,Drum_kit,3
Talk:Adam_Sandler,User_talk:Aetyfg,-1
Sheep_shearer,Soft_Grunge,5
Soft_Grunge,Fansite,3
Fansite,User_talk:Dawnseeker2000,-1
Adrian,The_Weeknd,4
Wikipedia_talk:Articles_for_creation/Michael_Dieng,J._J._Redick,3
Charlotte_Hornets,John_Wall_(basketball),2
John_Wall_(basketball),Indiana_Pacers,2
Tokyo,User_talk:Excirial,-1
"Peyton_List_(actress,_born_1998)",Cameron_Boyce,2
Cameron_Boyce,Skai_Jackson,2
Skai_Jackson,Debby_Ryan,1
Cougar,User:Wetmops69,-1
James_Michael_McAdoo,T._C._Roberson_High_School,3
History_of_sport,The_Diseases_Population_Index_for_lung_cancer_incidence,-1
The_Diseases_Population_Index_for_lung_cancer_incidence,Japanese_art,3
Japanese_art,Luan,5
Luan,Women_in_Aztec_civilization,5
Physics_of_roller_coasters,Great_Britain,3
Michigan_Militia,Glass_Swords,4
LGB,OBT,-1
Dialysis_adequacy,2011–12_Arizona_Wildcats_men's_basketball_team,5
2011–12_Arizona_Wildcats_men's_basketball_team,Duchy_of_Amalfi,4
"Howard_R._Hughes,_Sr.",Kokowääh_2,4
Monty_Waters,Pang_Kum-chol,-1
Monty_Waters,Dead_white_men,4
Dead_white_men,Constantin_Werner,5
Constantin_Werner,Orkla,5
Orkla,Texas_kangaroo_rat,5
Texas_kangaroo_rat,Portuguese_phonology,4
John_Dromo,D._K._Shroff,6
D._K._Shroff,Shahdol,3
Csanádalberti,User_talk:User_da_name,-1
Vietnam_national_football_team,EA_Sports_UFC,4
Pnyx,Talk:Pnyx,1
Malachy_Fisher,Koriša,5
Koriša,Harry_(name),5
Harry_(name),Mark_Bradly,5
Party_in_the_U.S.A.,See_You_Again_(Miley_Cyrus_song),1
See_You_Again_(Miley_Cyrus_song),7_Things,2
7_Things,The_Climb_(Miley_Cyrus_song),2
Party_in_the_U.S.A.,When_I_Look_at_You,2
When_I_Look_at_You,Can't_Be_Tamed_(song),2
Can't_Be_Tamed_(song),We_Can't_Stop,2
We_Can't_Stop,Adore_You,2
Jason_Kidd,User_talk:Joekurtz,-1
Sharon_Kane,Greivis_Vásquez,4
Greivis_Vásquez,JaVale_McGee,2
JaVale_McGee,Kevin_McHale_(basketball),1
Kevin_McHale_(basketball),Breast,3
National_Hockey_League,DeVon_Walker,4
DeVon_Walker,Tony_Sanchez_(baseball),4
Tony_Sanchez_(baseball),Breast,3
Madison_Beer,Margherita_Caffi,6
Margherita_Caffi,Noah_Cyrus,4
Noah_Cyrus,Eggplant,4
Carmageddon:_Reincarnation,Arab_League,3
Arab_League,User_talk:Katieh5584,-1
User_talk:Katieh5584,Jax_(Mortal_Kombat),4
Education,User_talk:Buuuuuuuut,-1
User_talk:Buuuuuuuut,K,1
Booth,User_talk:Buuuuuuuut,-1
Billy_the_Kid,Tom_Cassell,4
Joleon_Lescott,Chris_Curran_(actor),5
Urmston_Grammar,Manchester_Grammar_School,3
Alexandra_Shipp,Burkely_Duffield,2
Alexandra_Shipp,Brad_Kavanagh,2
Brad_Kavanagh,Burkely_Duffield,2
Burkely_Duffield,Jade_Ramsey,2
Jade_Ramsey,Ana_Mulvoy-Ten,2
Ana_Mulvoy-Ten,Eugene_Simon,2
Eugene_Simon,Tasie_Lawrence,2
Tasie_Lawrence,Klariza_Clayton,2
Klariza_Clayton,Bobby_Lockwood,2
Bobby_Lockwood,Alex_Sawyer,2
Alex_Sawyer,Jack_Donnelly,2
Jack_Donnelly,Francis_Magee,2
Francis_Magee,Sea-Monkeys,4
Sea-Monkeys,Juicebox_(TV_channel),4
Juicebox_(TV_channel),Bubble_Guppies,3
Wade_Hampton_III,Tony_Grosso,5
Quebec_sovereignty_movement,User:Thehood1/sandbox,-1
User:Thehood1/sandbox,Water_supply_and_sanitation_in_Ghana,-1
Baboon,User_talk:Excirial,-1
University_of_Cambridge,Kieron_Davies,4
Kieron_Davies,Max_Power_(footballer),4
Max_Power_(footballer),Tranmere_Rovers_F.C.,1
Tranmere_Rovers_F.C.,Joe_Pritchard_(footballer),2
Joe_Pritchard_(footballer),Rockferry,4
Talk:Dog,User:Ajohnson2199,-1
User:Ajohnson2199,Mayan,-1
Triangle_(instrument),User:Ajohnson2199,-1
User:Ajohnson2199,User_talk:Lucas_Thoms,-1
User_talk:Lucas_Thoms,Triangle_(instrument),-1
Triangle_(instrument),User_talk:Smalljim,-1
User_talk:Smalljim,User_talk:Ajohnson2199,-1
Talk:Neonicotinoid,AlterG,4
AlterG,User_talk:Bishonen,-1
Doug,User_talk:Eldon..harrison,-1
Shipley_School,Haverford_School,2
Maserati,Fiat_Chrysler_Automobiles,1
Fiat_Chrysler_Automobiles,Brian_Thompson_(disambiguation),4
Brian_Thompson_(disambiguation),Dodge,4
Dodge,Fiat_Chrysler_Automobiles,1
Fiat_Chrysler_Automobiles,Fiat_S.p.A.,1
Porsche,User_talk:Gyptjack,-1
User:PlantPot4,Wikipedia:Articles_for_deletion/Securtix,-1
Wikipedia:Articles_for_deletion/Securtix,User:River103,-1
User:River103,Wikipedia:Administrator_intervention_against_vandalism,-1
Wikipedia:Administrator_intervention_against_vandalism,User_talk:Ishdarian,-1
User_talk:Ishdarian,Wikipedia:Administrator_intervention_against_vandalism,5
Wikipedia:Administrator_intervention_against_vandalism,User_talk:Ishdarian,-1
User_talk:Ishdarian,Wikipedia:Administrator_intervention_against_vandalism,5
Polymer,User_talk:Jack_Barrow,-1
User:Aidan.Robinson92/sandbox,User_talk:Aidan.Robinson92,-1
User_talk:Aidan.Robinson92,Prince_Michael_Jackson_II,-1
2014,Wikipedia_talk:Articles_for_creation/Infobox_Person,-1
Wikipedia_talk:Articles_for_creation/Infobox_Person,User_talk:Aidan.Robinson92,-1
Portal:Contents/Natural_and_physical_sciences,User_talk:Smalljim,-1
Razer_Inc,Samsung,2
Razer_Inc,User_talk:Trx492,-1
Eva_Marie,Flosstradamus,4
Flosstradamus,Danny_Ávila,3
Danny_Ávila,Dillon_Francis,2
Dillon_Francis,DJ_Snake,1
DJ_Snake,Chuckie_(DJ),2
Adrien_Broner,Christopher_Algieri,2
Christopher_Algieri,Timothy_Bradley,2
"Julio_César_Chávez,_Jr.",Lucas_Matthysse,2
Molly_Qerim,Anna_Kooiman,3
Anna_Kooiman,Tina_Cervasio,4
Tina_Cervasio,Anna_Kooiman,3
Anna_Kooiman,Maria_Molina,2
Maria_Molina,Anna_Kooiman,2
Barbie:_Life_in_the_Dreamhouse,User_talk:Lorraine_Altares,-1
User_talk:Lorraine_Altares,Andrea_Brillantes,1
Andrea_Brillantes,User_talk:Lorraine_Altares,-1
User_talk:Lorraine_Altares,ABS-CBN,3
ABS-CBN,Talk:ABS-CBN,-1
Talk:ABS-CBN,ABS-CBN,2
ABS-CBN,Andrea_Brillantes,3
Paul_the_Apostle,User_talk:Edit_Warrior_Returns,-1
User_talk:Edit_Warrior_Returns,Pauline_Christianity,-1
Ryan_Braun,Jabari_Parker,3
Jalsa,Cameraman_Gangatho_Rambabu,2
Cameraman_Gangatho_Rambabu,Gabbar_Singh_(film),2
Gabbar_Singh_(film),Veera_(2011_film),2
Veera_(2011_film),Kick_(2009_film),2
Kick_(2009_film),Aata,2
Aata,Something_Something_(film),2
Something_Something_(film),Bujjigadu,3
Bujjigadu,Mr._Perfect_(film),2
Mr._Perfect_(film),Mirchi_(film),2
Mirchi_(film),Khaleja,2
Khaleja,1:_Nenokkadine,2
1:_Nenokkadine,Magadheera,2
Magadheera,S._S._Rajamouli,1
S._S._Rajamouli,Eega,1
Eega,Dookudu,2
Dookudu,Balupu,2
Balupu,Yevadu,2
Yevadu,Naayak,1
Naayak,Zanjeer_(2013_film),2
Zanjeer_(2013_film),Iddarammayilatho,3
Iddarammayilatho,Sivaji_(film),3
Sivaji_(film),Enthiran,2
Enthiran,Dookudu,2
Hello_Kitty_(Avril_Lavigne_song),Internet_meme,2
User:LightandDark2000,User_talk:Hurricanehink,-1
User_talk:Hurricanehink,User_talk:DoRD,-1
User_talk:DoRD,User_talk:Elockid,-1
Dairy_Queen,Fan_Food_Not_Fast_Food,1
Fan_Food_Not_Fast_Food,User_talk:Waffletacosarethebest,-1
User_talk:Waffletacosarethebest,Waffle_House,1
Waffle_House,User_talk:Waffletacosarethebest,-1
User_talk:Waffletacosarethebest,Denture_cleaner,1
Denture_cleaner,Grown_Ups_2,4
Rahul_Shewale,Salah_Bashir_Marghani,5
Salah_Bashir_Marghani,Rio_2,4
Rio_2,Bears_(film),3
Bears_(film),2014–15_Maltese_First_Division,6
2014–15_Maltese_First_Division,User_talk:Pukeville,-1
User_talk:Pukeville,Shiva,4
Shiva,2014–15_Maltese_First_Division,6
2014–15_Maltese_First_Division,Miller_Creek,6
International_Catamaran_Challenge_Trophy,User_talk:Sarah777,-1
User_talk:Sarah777,List_of_dialects_of_the_English_language,4
List_of_dialects_of_the_English_language,Martyn_Stanbridge,3
Joseph_McCarthy,User_talk:Supernoobly,-1
2013–14_La_Liga,The_School_of_Athens,3
User_talk:The_Bushranger_(one_ping_only),User_talk:Gogo_Dodo,-1
Grace_Lumpkin,How_to_Make_Love_to_a_Woman,4
How_to_Make_Love_to_a_Woman,Django_Unchained,3
Django_Unchained,Joe_Dirt,3
Nanjupuram,Ever_Palma,7
Ever_Palma,"Hoseynabad,_Zalian",-1
Richard_Sherman_(American_football),James_Harden,3
Mossbourne_Community_Academy,The_Bridge_Academy,2
"List_of_state_schools_in_Scotland_(council_areas_excluding_cities,_I–R)",Port_Glasgow,1
Roman_commerce,User_talk:Qwmnerty1,-1
User_talk:Qwmnerty1,Rotman_School_of_Management,5
Mercury_(mythology),User_talk:Qwmnerty1,-1
User_talk:Qwmnerty1,Fat_Boy,6
Continental_drift,User_talk:Dragonoid2303,-1
Fatty_liver,User_talk:Thomas15cote,-1
Bill_Gates,Justin_Bieber,3
Spastic,File:Donkey_from_Shrek.jpg,-1
File:Donkey_from_Shrek.jpg,Forehead,-1
Mike_G,Frank_Ocean,1
Frank_Ocean,Birdman_(rapper),2
Jourdan_Dunn,User:Arielle59532,-1
User:Arielle59532,Suzannah_Lipscomb,-1
Suzannah_Lipscomb,Jessica_Michibata,4
Jourdan_Dunn,User_talk:Arielle59532,-1
"Medford,_Oregon",User_talk:Ponyo,-1
User_talk:Ponyo,User:PasswordIsq,-1
User:PasswordIsq,User_talk:PasswordIsq,-1
User_talk:PasswordIsq,Adventures_in_the_Magic_Kingdom,-1
Adventures_in_the_Magic_Kingdom,Wikipedia:Sockpuppet_investigations/Bambifan101,-1
Wikipedia:Sockpuppet_investigations/Bambifan101,User_talk:GorillaWarfare,-1
User_talk:GorillaWarfare,User_talk:Paul_Erik,-1
User_talk:Paul_Erik,User:Paul_Erik,-1
User:Paul_Erik,"User_talk:My_password_is_""duckman""",-1
"User_talk:My_password_is_""duckman""",Wikipedia:Sock_puppetry,5
Wikipedia:Sock_puppetry,Mickey_Mouse,3
Mickey_Mouse,User_talk:Airplaneman,-1
User_talk:Airplaneman,User_talk:Thepasswordischeese,-1
User_talk:Thepasswordischeese,User:Thepasswordischeese,-1
User:Thepasswordischeese,User_talk:Jimbo_Wales,-1
User_talk:Jimbo_Wales,Talk:Duckman,-1
Talk:Duckman,User_talk:Ponyo,-1
User_talk:Ponyo,User_talk:Vieque,-1
User_talk:Vieque,User:Vieque,-1
Michael_Dell,Myra_Horner_Camden_Atkinson,5
Chris_Tucker,User:Melonkelon,-1
Skin_conductance,Interstate_805,3
Cartoonito,Forever_(Drake_song),4
Jetix,List_of_Disney_XD_TV_channels,2
List_of_Disney_XD_TV_channels,Disney_Junior_(international),2
Disney_Junior_(international),Eden_(TV_channel),3
Eden_(TV_channel),Nickelodeon_Games_and_Sports_for_Kids,3
Say_I,Disney_Junior_(international),3
Disney_Junior_(international),User_talk:Veryvunyvandill,-1
User_talk:Veryvunyvandill,Nickelodeon_Games_and_Sports_for_Kids,-1
Nickelodeon_Games_and_Sports_for_Kids,User_talk:Veryvunyvandill,-1
Goose,Wikipedia:Pending_changes,3
Hagar,User:IronGargoyle,-1
User:IronGargoyle,Category:Slavery,-1
Category:Slavery,Death,-1
Pain,User:Gilo1969,-1
Wivenhoe,User_talk:Widr,-1
User_talk:Widr,Wivenhoe,-1
Laws_of_attraction,User_talk:Jokermanic,-1
Eurovision_Song_Contest_2016,Talk:Eurovision_Song_Contest_2016,-1
Talk:Eurovision_Song_Contest_2016,Visible_spectrum,-1
Visible_spectrum,User_talk:Chew_your_guts,-1
User_talk:Chew_your_guts,User:Chew_your_guts,-1
User:Chew_your_guts,Revanth_Reddy,-1
Revanth_Reddy,Telugu_people,2
SuperTed,User_talk:Chew_your_guts,-1
User_talk:Chew_your_guts,SuperTed,-1
SuperTed,Calon_(TV_production_company),2
Calon_(TV_production_company),User_talk:Chew_your_guts,-1
User_talk:Bahooka,Volkswagen_Touareg,2
List_of_My_Little_Pony:_Friendship_Is_Magic_characters,User_talk:Bestacries,-1
The_100_(TV_series),The_Tomorrow_People_(U.S._TV_series),2
The_Tomorrow_People_(U.S._TV_series),Star-Crossed_(TV_series),2
Star-Crossed_(TV_series),Fiji,2
Judas_Iscariot,Judas_(disambiguation),1
Judas_(disambiguation),Judas_Iscariot,1
Sword_Art_Online,Sour_Patch_Kids,4
Sword_Art_Online,Sour_Patch_Kids,4
Bane_(comics),Alon_Abutbul,2
Alon_Abutbul,Guy_Big,5
Will_Wheaton,Tom_Cassell,4
Grey's_Anatomy,High-pressure_area,3
High-pressure_area,Boiling_Springs_High_School_(Pennsylvania),4
Boiling_Springs_High_School_(Pennsylvania),Electromagnetism,3
Lake_Managua,Marino_Perez,3
Marino_Perez,The_New_York_Times,3
Marvin_Gaye,Wikipedia:Still_more_Best_of_BJAODN,-1
Wikipedia:Still_more_Best_of_BJAODN,Dollar_sign,3
Lewis_Grabban,User:Qwegnm,-1
Lewis_Grabban,Olivier_Giroud,2
Olivier_Giroud,Martín_Demichelis,2
Martín_Demichelis,Olivier_Giroud,3
The_Descent,The_Hunger_Games:_Catching_Fire,2
The_Hunger_Games:_Catching_Fire,Modern_Family,2
Modern_Family,Dead_Silence,3
Western_Force,User:Pegma,-1
User:Pegma,User_talk:Pegma,-1
User_talk:Pegma,User:Pegma,-1
User:Pegma,Phellinus_pini,-1
Moms_Demand_Action,User_talk:Threepercenter1776,-1
Moms_Demand_Action,User_talk:Threepercenter1776,-1
St_Thomas_More_RC_Language_College,User:Tricksocks,-1
Kyle_Blanks,Chris_Denorfia,3
Kyle_Blanks,Mike_Trout,2
Kyle_Blanks,Yonder_Alonso,1
Ferrari_458,McLaren_650S,2
McLaren_650S,Dodge_Viper,3
Chevrolet_Corvette,User_talk:Aaaaahhhh,-1
Romelu_Lukaku,Grigori_Rasputin,3
Tomb_of_the_Lizard_King,National_Hug_Day,5
National_Hug_Day,Wikipedia:Sandbox,5
Wikipedia:Sandbox,User:Piguy101,-1
User:Piguy101,Sea,-1
National_Hug_Day,Ed_Miliband,3
Ed_Miliband,User:Piguy101,-1
User:Piguy101,Sea,-1
Jimmy_Page,1960_Ethiopian_coup_attempt,4
1960_Ethiopian_coup_attempt,Jimmy_Page,3
Genetic_engineering,YOLO_(song),4
Ryan_Higa,The_Lord_of_the_Rings,3
Ryan_Higa,Snooki_&_Jwoww,3
Sword_Art_Online,List_of_roller_coaster_rankings,4
Sword_Art_Online,Fairy_Tail,2
Joseph_Goebbels,User_talk:Bossybrice30,-1
Vyacheslav_Molotov,User:ClueBot_Commons/Awards,-1
Mitochondrial_DNA,Dave_Franco,4
Dave_Franco,Seth_Rogen,1
Pen,List_of_Wikipedia_controversies,4
List_of_Wikipedia_controversies,Mac_Miller_discography,4
"West_Lincoln,_Ontario",South_Lincoln_High_School,2
South_Lincoln_High_School,"Smithville,_Ontario",1
Carbon_monoxide,User_talk:Urmom00,-1
User_talk:Urmom00,Carbon_dioxide,-1
Carbon_dioxide,User_talk:Urmom00,-1
The_Universal_Party,User_talk:􏿿,-1
Timmy,Borås_Basket,4
Borås_Basket,Adolf_von_Henselt,4
Osama_bin_Laden_death_conspiracy_theories,United_States_Army,3
United_States_Army,"Barack_Obama_presidential_campaign,_2012",3
"Barack_Obama_presidential_campaign,_2012",JD_&_The_Straight_Shot,3
Efforts_to_impeach_Barack_Obama,A_Day_in_the_Park_with_Barney,3
Efforts_to_impeach_Barack_Obama,"Barack_Obama,_Sr.",2
Efforts_to_impeach_Barack_Obama,A_Day_in_the_Park_with_Barney,3
Efforts_to_impeach_Barack_Obama,A_Day_in_the_Park_with_Barney,3
"Barack_Obama,_Sr.",Efforts_to_impeach_Barack_Obama,2
Efforts_to_impeach_Barack_Obama,United_States_Army,2
A_Day_in_the_Park_with_Barney,Efforts_to_impeach_Barack_Obama,4
Efforts_to_impeach_Barack_Obama,"Barack_Obama,_Sr.",2
"Barack_Obama,_Sr.",Efforts_to_impeach_Barack_Obama,2
Efforts_to_impeach_Barack_Obama,"Barack_Obama,_Sr.",2
A_Day_in_the_Park_with_Barney,Efforts_to_impeach_Barack_Obama,4
Millau_Viaduct,User:Henryhallam99,-1
User:Henryhallam99,Mauritania,-1
Mauritania,User_talk:Henryhallam99,-1
Yellow-bellied_brush-furred_rat,List_of_Hannah_Montana_characters,4
List_of_Hannah_Montana_characters,User_talk:Hackzors,-1
User_talk:Hackzors,User:Hackzors,-1
User:Hackzors,Harry_Shannon,-1
James_Roday,User_talk:Gilliam,-1
User_talk:Gilliam,Sallie_Wilson,-1
Rodney_Fox,User_talk:Barek,-1
Bacary_Sagna,Pepe_Mel,3
Pepe_Mel,Adebayo_Akinfenwa,3
Christophe_Soglo,Soma_mine_disaster,4
IFC_(U.S._TV_network),National_Hockey_League,3
The_Rolling_Stones,Mike_Polk,4
Ancient_Greek_military_personal_equipment,Hoplite,2
Big_Pineapple,Wikipedia:Sandbox,4
James_Stanley,Kieron_Davies,5
Kieron_Davies,Max_Power_(footballer),4
Max_Power_(footballer),Cambridge_University_Lightweight_Rowing_Club,3
Cambridge_University_Lightweight_Rowing_Club,Jennifer_L._Knox,5
Jennifer_L._Knox,University_of_Cambridge,3
University_of_Cambridge,User_talk:Jamesstanley0,-1
User_talk:Jamesstanley0,Michael_Williams,1
Shaggy_Rogers,Blake_Harrison,4
Wikipedia:Edit_filter/False_positives/Reports,Pick_of_Destiny,-1
Pick_of_Destiny,User_talk:8SS521863,-1
User_talk:8SS521863,User_talk:StephenBuxton,-1
Marital_rape,User_talk:CambridgeBayWeather,-1
User_talk:CambridgeBayWeather,User_talk:PatRobertson69,-1
Hazem_Jawdat,Bran_Castle,4
A-ha,User_talk:Notacleverusername,-1
User_talk:Notacleverusername,A-ha,1
A-ha,The_Day-Dream,4
The_Day-Dream,Wikipedia:Sandbox,5
Wikipedia:Sandbox,Wikipedia:Misuse_of_the_sandbox,-1
Why_is_the_sky_blue?,Why_Is_Sex_Fun?,4
Why_Is_Sex_Fun?,Julius_and_Ethel_Rosenberg,4
Public_school,Fallout:_New_Vegas,4
Fallout:_New_Vegas,Arizona,1
Alberto_Moreno_(footballer),Mateo_Kovačić,3
Mateo_Kovačić,User_talk:Mattythewhite,-1
User_talk:Mattythewhite,User:Mattythewhite/Awards,-1
This_year,Template:Today_(ymd),-1
Template:Today_(ymd),User_talk:0slavsan0,-1
Red_Army,User_talk:Thepersonwhodeletes,-1
Juan_Almeida_Bosque,2009–10_Oklahoma_State_Cowgirls_basketball_team,5
Xian_ling,Pac-Man,4
User:Haedadru,PlayStation_Portable_Slim_&_Lite_series,-1
User:Haedadru,List_of_extraterrestrials_in_Dragon_Ball,-1
User:Haedadru,User_talk:Haedadru,-1
User:Haedadru,User_talk:84.240.56.43,-1
User:Haedadru,Herb_grinder,-1
User:Haedadru,User_talk:Carlossuarez46,-1
User:Haedadru,Lord_of_War,-1
User:Haedadru,Jim_Davis_(cartoonist),-1
User:Haedadru,Aziz_Shavershian,-1
Aziz_Shavershian,User_talk:Haedadru,-1
FPSRussia,Taconic_High_School,4
Taconic_High_School,Conway_High_School_(South_Carolina),5
Conway_High_School_(South_Carolina),Taconic_High_School,5
Taconic_High_School,Steven_Silverman,5
Steven_Silverman,Steven_D._Silverman,3
History_Museum_of_Armenia,User_talk:Roman1579,-1
Banbhore_Division,Soma_mine_disaster,4
Soma_mine_disaster,"Thornhill,_West_Yorkshire",4
Wikipedia_talk:Copyright_problems,User_talk:Redcat64,-1
Twist_(novel),San_Marino_at_the_2010_Summer_Youth_Olympics,-1
San_Marino_at_the_2010_Summer_Youth_Olympics,MissingNo.,4
Burris_Laboratory_School,Wikipedia:Sandbox,4
Wikipedia:Sandbox,User:PixelSeven,-1
User:PixelSeven,User:PixelSeven/MySandbox,-1
User:PixelSeven/MySandbox,User:PixelSeven,-1
User:PixelSeven,User:PixelSeven/Filler,-1
User:PixelSeven/Filler,User:PixelSeven/MySandbox,-1
User:PixelSeven/MySandbox,Fat_kids,-1
Child_obesity,Gerry_Sharpe,4
Gerry_Sharpe,Deaths_in_2013,4
Population_I,Stop_Online_Piracy_Act,3
Stop_Online_Piracy_Act,Chicken,3
Chicken,Twitch_Plays_Pokémon,4
Twitch_Plays_Pokémon,Bit_Boy!!_Arcade,4
The_Satanic_Verses,User_talk:Awesome6543,-1
Prezi,Peter_Pan,3
Filip_Šebo,User_talk:Jamesx12345,-1
User_talk:Jamesx12345,Paisley,4
Waking_Up_(OneRepublic_album),OneRepublic,1
Gamer,User_talk:Chocolaterocks101010101,-1
Wikipedia:Requests_for_page_protection,Wikipedia:Media_copyright_questions,-1
Wikipedia:Media_copyright_questions,User_talk:Favonian,-1
CeeLo_Green,Monashee_Mountains,4
User:Bigmacked,"Danny_Murphy_(footballer,_born_1977)",-1
"Danny_Murphy_(footballer,_born_1977)",Pope_John_Paul_II,3
Pope_John_Paul_II,User_talk:Jamesx12345,-1
User_talk:Jamesx12345,Pope_John_Paul_II,3
Tulamba,Gayle_Williamson,5
Gayle_Williamson,Wikipedia:Articles_for_deletion/Gayle_Williamson,-1
Wikipedia:Articles_for_deletion/Gayle_Williamson,Edward_Wong,5
Edward_Wong,"Ans,_Denmark",6
"Ans,_Denmark",Mercedes_Arrastia_Tuason,5
Mercedes_Arrastia_Tuason,Beloved_Jim,5
Beloved_Jim,Hazel_Hawke,5
Nirex,Sar_Daj_Delmorad,5
Sar_Daj_Delmorad,Sooty_woodpecker,5
Sooty_woodpecker,Bronx_High_School_for_Law_and_Community_Service,5
Bronx_High_School_for_Law_and_Community_Service,Fateh_Muhammad_v._Commissioner_of_Registration,4
Fateh_Muhammad_v._Commissioner_of_Registration,Guiles_v._Marineau,4
Conversion_therapy,User_talk:24.144.174.254,-1
User_talk:24.144.174.254,Joseph_Nicolosi,-1
Warren_Throckmorton,User_talk:Xen6062,-1
Conversion_therapy,User_talk:Demeo@mind.net,-1
User_talk:Demeo@mind.net,User_talk:I_Feel_Like_Chicken_Tonight,-1
User_talk:I_Feel_Like_Chicken_Tonight,Ryan_Reynolds,-1
Ryan_Reynolds,User_talk:I_Feel_Like_Chicken_Tonight,-1
User_talk:I_Feel_Like_Chicken_Tonight,User_talk:Demeo@mind.net,-1
User_talk:Demeo@mind.net,Ryan_Reynolds,-1
Ryan_Reynolds,User_talk:Demeo@mind.net,-1
User_talk:Demeo@mind.net,Joseph_Nicolosi,-1
Joseph_Nicolosi,User_talk:24.144.174.254,-1
User_talk:24.144.174.254,User_talk:I_Love_Jean_Baudrillard,-1
User_talk:24.144.174.254,Joseph_Nicolosi,-1
Warren_Throckmorton,User_talk:Xen6062,-1
User_talk:Xen6062,User_talk:Demeo@mind.net,-1
User_talk:Demeo@mind.net,User_talk:I_Feel_Like_Chicken_Tonight,-1
User_talk:I_Feel_Like_Chicken_Tonight,User_talk:Demeo@mind.net,-1
User_talk:Demeo@mind.net,User_talk:I_Feel_Like_Chicken_Tonight,-1
User_talk:I_Feel_Like_Chicken_Tonight,User_talk:I_Love_Jean_Baudrillard,-1
User_talk:I_Love_Jean_Baudrillard,User_talk:I_Feel_Like_Chicken_Tonight,-1
Assassin's_Creed_(book_series),Hello_Kitty,4
Hello_Kitty,Selfie,3
"User_talk:My_password_is_""duckman""",Last_name,3
Duckman,User:Eric_Tiberius_Duckman,-1
User:Eric_Tiberius_Duckman,User:RakuRocRex,-1
User:RakuRocRex,User:The_Duck_Detective,-1
User:The_Duck_Detective,User_talk:GorillaWarfare,-1
User_talk:GorillaWarfare,User_talk:Ponyo,-1
User_talk:Ponyo,User_talk:Sandstein,-1
User_talk:Sandstein,User_talk:Jimbo_Wales,-1
User_talk:Jimbo_Wales,User_talk:Callanecc,-1
DeAndre_Jordan,Grant_Jerrett,3
The_Big_Comfy_Couch,G._Hannelius,4
G._Hannelius,Judge_Judy,3
Adam_Hicks,Skai_Jackson,2
Skai_Jackson,Aunt_Jemima,4
Bobby_Zamora,Ravel_Morrison,2
Ravel_Morrison,Wigan_Athletic_F.C.,2
User_talk:Exoplanetaryscience,"Lac-Saint-Joseph,_Quebec",4
"Lac-Saint-Joseph,_Quebec",Wikipedia:Popular_pages,5
Wikipedia:Popular_pages,Syrian_Scientific_Technical_Amateur_Radio_Society,6
Syrian_Scientific_Technical_Amateur_Radio_Society,User_talk:SnufflerMcGee,-1
User_talk:SnufflerMcGee,Sir_John_Sherbrooke_(Halifax),1
Sir_John_Sherbrooke_(Halifax),1996_Alamo_Bowl,4
1996_Alamo_Bowl,User:Liz,-1
User:Liz,User_talk:Gogo_Dodo,-1
Boniface_of_Brussels,User:Trollin4you,-1
User:Trollin4you,École_secondaire_catholique_Franco-Cité,-1
User_talk:Jimbo_Wales,Nissan_Altima,4
Nissan_Altima,Nissan_Juke,2
Nissan_Juke,User_talk:RolandR,-1
User_talk:RolandR,Keri_Russell,4
Screech_owl,User_talk:AbigailAbernathy,-1
User_talk:AbigailAbernathy,Screech_owl,4
Screech_owl,User_talk:AbigailAbernathy,-1
Marilyn_Manson,Danny_Worsnop,3
Danny_Worsnop,Beau_Bokan,3
Beau_Bokan,Danny_Worsnop,3
Breast_implant,Pobeguinea,4
Pobeguinea,Ketchup,4
Rajat_Tokas,Babushaan,4
Babushaan,Siddhanta_Mahapatra,2
Trionfi_(cards),User_talk:Jaymarek306,-1
Sunderland_A.F.C.,User:Bobjeffreys/sandbox,-1
User:Bobjeffreys/sandbox,Buffalo_Soldier,-1
Buffalo_Soldier,Template:Talkback/doc,-1
1992_Los_Angeles_riots,Portal:World_War_II,3
Portal:World_War_II,Battle_of_Tulagi_and_Gavutu–Tanambogo,-1
Miguel_Layún,Salvador_Cabañas,2
Moisés_Muñoz,Raúl_Jiménez,2
Raúl_Jiménez,Cesc_Fàbregas,2
Whitmer_High_School,Bleach_(manga),4
Whitmer_High_School,Bleach_(manga),4
Pop_art,User_talk:Bongwarrior,-1
Boko_Haram,Ibekwe,-1
Ibekwe,User:Willybeez/sandbox,-1
User:Willybeez/sandbox,Ibekwe,-1
Ibekwe,Wikipedia:Requests_for_undeletion,-1
Wikipedia:Requests_for_undeletion,User:Finngall,-1
User:Finngall,User_talk:MagicatthemovieS,-1
User_talk:MagicatthemovieS,Wizkid_(musician),4
Wizkid_(musician),Drake_(rapper),2
Drake_(rapper),User_talk:Willybeez,-1
Copenhagen,User_talk:Kukini,-1
User_talk:Kukini,Dieter_Bohlen,3
Dieter_Bohlen,Kay_One_(rapper),2
Kay_One_(rapper),Düsseldorf,2
Dieter_Bohlen,User_talk:Angela,-1
User_talk:Angela,Deutschland_sucht_den_Superstar_(season_11),4
Deutschland_sucht_den_Superstar_(season_11),Wikipedia:Miscellany_for_deletion/User:L'Origine_du_monde_(2nd_nomination),-1
Wikipedia:Miscellany_for_deletion/User:L'Origine_du_monde_(2nd_nomination),User_talk:Jimbo_Wales,-1
User_talk:Jimbo_Wales,User_talk:DerHexer,-1
User_talk:DerHexer,User_talk:Ianmacm,-1
User_talk:Ianmacm,User_talk:Kukini,-1
Study_of_Mathematically_Precocious_Youth,Gregory_Cochran,4
Anzac_Day,Talk:North_Korea,3
Talk:North_Korea,Microorganism,3
Albert_Namatjira,2013_Melbourne_Football_Club_season,3
2013_Melbourne_Football_Club_season,Conjoined_twins,4
Tom_Cairney,Paul_McShane_(footballer),2
The_Real_Housewives_of_Beverly_Hills,The_Real_Housewives_of_D.C.,1
The_Real_Housewives_of_D.C.,The_Real_Housewives,1
The_Real_Housewives,The_Real_Housewives_of_Miami,1
Far-right_politics,Take_Me_Out_(UK_game_show),4
University_of_Ibadan,Oluwasegun_Makinde,-1
Oluwasegun_Makinde,Green_heron,4
Green_heron,My_Nigga,4
Wikipedia:Administrators'_noticeboard/Incidents,Chevrolet_Cruze,4
Chevrolet_Impala,Talk:Chevrolet_Impala,-1
Talk:Chevrolet_Impala,Buick_Lucerne,2
Neville_Chamberlain,User_talk:Amiot354,-1
V12_engine,User_talk:WadeSimMiser,-1
National_Commission_for_Academic_Accreditation_and_Assessment,Isoroku_Yamamoto,4
Isoroku_Yamamoto,343_Industries,3
Marble_Hornets,User_talk:RocketBoard,-1
Julian,Tunworth,4
Tunworth,Julian_Hatton,4
Heart_North_West,Jenni_Falconer,1
Heart_(radio_network),Global_Group,1
Global_Group,Capital_London,1
Capital_London,Global_Group,1
Global_Group,Heart_(radio_network),1
2014_Masters_Tournament,Wells_Fargo_Championship,2
Wells_Fargo_Championship,User_talk:Bobynash,-1
2014_Masters_Tournament,User_talk:Johnsmith2116,-1
Coprinopsis_lagopus,Michael,4
Academy_Award_for_Best_Director,Justin_Bieber,3
2006–07_Romanian_Hockey_League_season,OSE_class_120,5
OSE_class_120,Medicare,7
Gopi_Chand_Narang,Coleophora_elodella,6
Coleophora_elodella,Jaya_discography,5
Jaya_discography,"Qullar,_Barda",5
"Qullar,_Barda",Amino_acid_activation,5
Amino_acid_activation,Jacob_Eichholtz,5
Jacob_Eichholtz,Bobby_Nunn_(R&B_musician),5
Bobby_Nunn_(R&B_musician),FC_Midtjylland,4
FC_Midtjylland,Panic_in_Paradise,-1
Sterminos_River_(Jiul_de_Est),Chiasmia_normata,6
Chiasmia_normata,IPT-16_Surubim,5
IPT-16_Surubim,Anicius_Auchenius_Bassus_(consul_408),4
Anicius_Auchenius_Bassus_(consul_408),Lumedia_River,5
Lumedia_River,2007_World_Championships_in_Athletics_–_Women's_3000_metres_steeplechase,5
2007_World_Championships_in_Athletics_–_Women's_3000_metres_steeplechase,A._L._Williams_(American_football),4
A._L._Williams_(American_football),Quai_d'Orsay,4
Quai_d'Orsay,Sherif_El-Erian,-1
Sherif_El-Erian,The_Cleric_Quintet,6
Muhammad_Hussein_Yacoub,Kim_Hong-bok,4
Kim_Hong-bok,Federation_of_Civil_Service_Unions,5
Tina_Anderson,Simultaneous_recruiting_of_new_graduates,4
Simultaneous_recruiting_of_new_graduates,Polje_Ostružnica,5
Polje_Ostružnica,Bonaventure_(electoral_district),5
Bonaventure_(electoral_district),Kim_Chizevsky-Nicholls,4
Kim_Chizevsky-Nicholls,Eldon_Thompson,5
Eldon_Thompson,Hornbæk_Line,5
Hornbæk_Line,Pilipino_Mirror,4
Pilipino_Mirror,Mastigomycotina,4
Ardrey_Kell_High_School,User:SuperHamster/Guestbook,-1
User:SuperHamster/Guestbook,User_talk:SuperHamster,-1
Honji_suijaku,Chieti_railway_station,5
Chieti_railway_station,Hordenine,4
Shrek!,User_talk:Georgiehump,-1
Under_a_Raging_Moon_(song),Cleveland,3
Cleveland,User:The_Doctor_1999,-1
User:The_Doctor_1999,Victor_V._Tikhomirov,-1
Victor_V._Tikhomirov,Franke_Wilmer,5
Franke_Wilmer,Wikipedia:Edit_filter/False_positives/Reports,-1
Talk:Zeus,Jupiter_(mythology),2
"Parliament_House,_Hobart",User_talk:MassAppleFunk,-1
Lochry's_Defeat,Microblepsis_violacea,6
Microblepsis_violacea,European_Union_law,3
European_Union_law,"Category:Lunenburg_County,_Nova_Scotia_geography_stubs",-1
Microblepsis_violacea,European_Union_law,3
European_Union_law,Perf,4
Perf,Category:Science_disambiguation_pages,-1
Category:Science_disambiguation_pages,User_talk:Philip_Trueman,-1
User_talk:Philip_Trueman,User:West.andrew.g/Popular_pages,-1
User:West.andrew.g/Popular_pages,IPv6,2
IPv6,User_talk:Acroterion,-1
Monmouth_Rebellion,List_of_countries_by_bauxite_production,3
List_of_countries_by_bauxite_production,Dryad,3
Dryad,Coca-Cola_billboard,4
"Robert_Downey,_Jr._filmography","Robert_Downey,_Sr.",2
Etymology_of_Wicca,Harry_Potter_and_the_Philosopher's_Stone,3
Gay–straight_alliance,User_talk:Urafaget3333,-1
Simon_Tan,François-Rolland_Elluin,5
François-Rolland_Elluin,Al_`Arudah,5
Sydney_Grundy,Fred_Norton,5
Fred_Norton,Justin_Bieber,3
Justin_Bieber,Gay–straight_alliance,3
Gay–straight_alliance,User_talk:Lodop,-1
Pittsburg_State_University,User_talk:DMacks,-1
User:KwikTrip,Richard_Allen_Davis,-1
Cannibal_Corpse,Mortal_Sin_(band),3
Mortal_Sin_(band),Slayer,2
Slayer,Exumer,2
Exumer,Cannibal_Corpse,2
Petter_Northug,Spotify,3
Talk:Barack_Obama,Talk:Poop,-1
Liam,Shah_Mohit,5
Shah_Mohit,"Comox,_British_Columbia",4
"Huntsville,_Alabama",User_talk:Excirial,-1
User_talk:Excirial,Comox_Valley,5
"Comox,_British_Columbia",Walibi_Rhône-Alpes,5
Walibi_Rhône-Alpes,Grand_Rapids_Hotel,4
Grand_Rapids_Hotel,Albert_G._Simms,4
Isac_Elliot,Galaxy,4
Tetris,User_talk:Noob87,-1
F,User_talk:IronGargoyle/Archive_15,-1
User_talk:IronGargoyle/Archive_15,Wikipedia:Edit_filter/False_positives/Reports,-1
Wikipedia:Edit_filter/False_positives/Reports,User_talk:Noob87,-1
Wind_power,User_talk:Vagman515,-1
User_talk:Vagman515,Wind_turbine,1
Poggio_Renatico,Rudolf_Lehmann_(artist),4
Rudolf_Lehmann_(artist),Politics_of_India,3
Light_Up_the_Night_(Boyzone_song),Love_Will_Save_the_Day_(Boyzone_song),2
Light_Up_the_Night_(Boyzone_song),Love_Me_for_a_Reason_-_The_Collection,2
Love_Me_for_a_Reason_-_The_Collection,Daybreak_(2010_TV_programme),4
Daybreak_(2010_TV_programme),BZ20_Tour,4
BZ20_Tour,Bob_Crow,3
Bob_Crow,BZ20,3
BZ20,Boyzone,1
Boyzone,BZ20,1
BZ20,Boyzone,1
Boyzone,BZ20_Tour,1
BZ20_Tour,United_Kingdom,2
United_Kingdom,BZ20,3
BZ20,Boyzone,1
Boyzone,BZ20,1
BZ20,Max_Clifford,3
Easter_customs,User:YO_I_EDIT_DIS/sandbox,-1
User:YO_I_EDIT_DIS/sandbox,Narrabeen_Man,-1
Richard_Killeen,Joseph_Parker_(boxer),4
Joseph_Parker_(boxer),David_Hasselhoff,3
David_Hasselhoff,Kris_Faafoi,4
Dale,Carpet_cleaning,-1
Carpet_cleaning,Oak_Woods_Cemetery,4
Portal:Current_events/2014_May_8,User_talk:Kelapstick,-1
Wikipedia_talk:Protection_policy,Rhynchippus,5
Rhynchippus,User_talk:Hackysackers,-1
User_talk:Hackysackers,Tjoe_de_Paula,-1
Tjoe_de_Paula,User_talk:Hackysackers,-1
United_States_v._Microsoft_Corp.,Talk:Austin_Mahone,-1
Talk:Austin_Mahone,User_talk:Kuru,-1
Bliss_n_Eso,User:Bdavi281,-1
User:Bdavi281,Human_sacrifice_in_Aztec_culture,-1
Alessandro_Dudan,Sam_Tsui,5
Sam_Tsui,Manuel_Neuer,4
World_War_II,User:Ninja001,-1
7,User_talk:Barek,-1
User_talk:Barek,User_talk:Thecreep769,-1
User:Sheridanm962,AMD_Radeon_Rx_200_Series,-1
AMD_Radeon_Rx_200_Series,User_talk:Sheridanm962,-1
Engine,Wikipedia:Sandbox,3
Wikipedia:Sandbox,User_talk:Blueteddy2003,-1
User_talk:Blueteddy2003,Chemin_de_Fer_Touristique_du_Tarn,4
Flowers_for_Algernon,User_talk:ClueBot_Commons,-1
F,User_talk:Minecraft902,-1
User_talk:Minecraft902,User_talk:Barek,-1
F,User_talk:Minecraft902,-1
F,Talk:F,-1
Talk:F,User_talk:Smalljim,-1
NRHEG_High_School,Blooming_Prairie_High_School,4
NRHEG_High_School,"Ellendale,_Minnesota",3
"Ellendale,_Minnesota",User:Nrheg2016,-1
Wikipedia:Articles_for_deletion/Dartmouth_Liberation_Front,Wikipedia:Sockpuppet_investigations/Bambifan101,-1
Syrian_Civil_War,User_talk:Microchip08,-1
User_talk:Microchip08,User_talk:Randor1980,-1
User_talk:Randor1980,"Independence_High_School_(Charlotte,_North_Carolina)",4
"Independence_High_School_(Charlotte,_North_Carolina)",Ioan_Duma,5
Ioan_Duma,User_talk:456,-1
Nate_Robinson,Robert_Sacre,2
Robert_Sacre,Norris_Cole_(basketball),3
Norris_Cole_(basketball),Brett_Gardner,4
Patrick_Q._Mason,Dizoniopsis_herberti,6
Dizoniopsis_herberti,Dave_Allen_(actor),4
Dave_Allen_(actor),King_of_the_Hill,1
E_(mathematical_constant),Ral_Grad,4
Nutter_Butter,User_talk:Waylonmakenzie,-1
Acid,User_talk:Hey2121,-1
Goldust,The_NewsMarket,3
The_NewsMarket,EJ_Manuel,4
EJ_Manuel,Tilde,3
Tilde,Irgenhausen_Castrum,3
Irgenhausen_Castrum,Chongwen_District,4
Megina,Arab_Lang,5
Arab_Lang,Elton_John's_Greatest_Hits_Vol._3,5
User_talk:The_Rambling_Man,Kurt_Nilsen,4
Battle_of_Wild_Cat_Creek,Montana,2
User:Peter_Mercury,User_talk:Peter_Mercury,-1
Sencillamente_Nunca,Indien_(film),5
Indien_(film),Rambo,4
Bloop,Chevone_Marsh,5
Chevone_Marsh,Philip_Brooks_(American_football),5
Philip_Brooks_(American_football),Evercreech,4
Indonesian_occupation_of_East_Timor,Doom_Bar,3
Doom_Bar,Stakeholder_(law),4
Stakeholder_(law),Dzungar_people,3
Dzungar_people,KANY,4
KANY,Battle_of_Vaughan_Road,4
Battle_of_Vaughan_Road,Elisha_Williams,4
Elisha_Williams,User_talk:M4a3kkad3kd45a2,-1
Elisha_Williams,Chevone_Marsh,5
Chevone_Marsh,Bloop,4
Indonesian_occupation_of_East_Timor,Philip_Brooks_(American_football),5
Philip_Brooks_(American_football),Evercreech,4
Kostas_Andritsos,A_Burning_Passion:_The_Margaret_Mitchell_Story,4
A_Burning_Passion:_The_Margaret_Mitchell_Story,"Washima,_Niigata",5
Stromberg_(Hunsrück),Mal_Sandon,5
Mal_Sandon,Antillanca_Group,4
Antillanca_Group,Viktor_Zubchenko,-1
Viktor_Zubchenko,Dapaong,4
Dapaong,Antoine_Hoppenot,5
Antoine_Hoppenot,Udemy,4
Udemy,Doom_Bar,5
Doom_Bar,Stakeholder_(law),4
Stakeholder_(law),Dzungar_people,3
Dzungar_people,S.S.C._Napoli,3
Money_(Pink_Floyd_song),KANY,4
KANY,Battle_of_Vaughan_Road,4
Battle_of_Vaughan_Road,User_talk:Wtmitchell,-1
User_talk:Wtmitchell,Nora_Connolly,5
Nora_Connolly,User_talk:Ma3kkad3kd5a2,-1
User_talk:151.227.80.29,GoPro,-1
GoPro,Monowheel,4
Fir,User_talk:Ma3kkad3kda2,-1
User_talk:Ma3kkad3kda2,Tonicity,4
Tonicity,Kylie_Jenner,5
Kylie_Jenner,Lisa_Ann,4
Lisa_Ann,Bengal_Film_Journalists'_Association_–_Best_Make_Up_Man_Award,5
Bengal_Film_Journalists'_Association_–_Best_Make_Up_Man_Award,User_talk:Kbh3rd,-1
User_talk:Kbh3rd,William_Tannen_(actor),5
William_Tannen_(actor),The_Procussions,4
The_Procussions,Golfinho_gas_field,-1
Golfinho_gas_field,Ezra_Carpenter_House,5
Ezra_Carpenter_House,Jezebel_(disambiguation),5
Emil_Angelescu,Angelo_Sbardellotto,5
Angelo_Sbardellotto,The_Trials_of_Rosie_O'Neill,4
Chamber_choir,"Yenidam,_Seyhan",6
"Yenidam,_Seyhan",User_talk:Ma3kkad3kda2,-1
User_talk:Ma3kkad3kda2,Ronnie_O'Sullivan,4
Ronnie_O'Sullivan,2014_World_Snooker_Championship,2
2014_World_Snooker_Championship,User_talk:Ma3kkad3kda2,-1
User_talk:Ma3kkad3kda2,Doom_Bar,5
Doom_Bar,User_talk:Ma3kkad3kda2,-1
Spartan_Constitution,List_of_kings_of_Sparta,2
Chordate,Charle,4
Charle,College_basketball,4
Pope_John_XXIII,Chris_Kringel,4
Pope_John_XXIII,User_talk:Psycho_SWANY,-1
User_talk:Psycho_SWANY,User:Psycho_SWANY,-1
Wil_Nieves,Mike_Trout,2
Mike_Trout,The_Glines,5
Grand_Theft_Auto_(series),Brooks_Farm,5
B-roll,User_talk:ClueBot_Commons,-1
User_talk:ClueBot_Commons,User_talk:Seaphoto,-1
Looney_Tunes,User_talk:DARKKNIGHTSUPERWARRIOR2,-1
John_Harington_(writer),Titian,3
Laurence_R._Harvey,Kylie_Jenner,4
Doctor_Octopus,Giant_lizards,-1
Neil,Louis_Serre,7
Weebly,Wikipedia:Sandbox,4
Wikipedia:Sandbox,IDE,-1
"Bathurst,_New_South_Wales",Billimari,2
Billimari,Koorawatha,3
Koorawatha,Greenethorpe,2
Greenethorpe,Billimari,2
Step_Inside,New_Charter_Academy,4
New_Charter_Academy,West_Hill_School,1
West_Hill_School,Rita_(roller_coaster),4
Rita_(roller_coaster),User_talk:Mr_Stephen,-1
User_talk:Mr_Stephen,West_Hill_School,4
West_Hill_School,New_Charter_Academy,1
New_Charter_Academy,West_Hill_School,1
West_Hill_School,Ashton-under-Lyne,2
Perth_Glory_FC,User:Thomas_Emilio_Davies,-1
Australian_Football_League,"Transport_in_Perth,_Western_Australia",2
"Transport_in_Perth,_Western_Australia",Perth_(suburb),1
Perth_(suburb),Prime_Minister_of_the_United_Kingdom,2
Fremantle_Football_Club,Perth_(suburb),2
Perth_(suburb),Perth_Glory_FC,2
Perth_Glory_FC,Greater_Western_Sydney_Giants,2
Greater_Western_Sydney_Giants,Gold_Coast_United_FC,2
Gold_Coast_United_FC,Greater_Western_Sydney_Giants,2
Greater_Western_Sydney_Giants,Gold_Coast_Football_Club,2
Fifth_Doctor,John_McCarthy_(Australian_rules_footballer_born_1989),4
John_McCarthy_(Australian_rules_footballer_born_1989),Besart_Berisha,4
Perth_Glory_FC,Nick_Ward_(Australian_footballer),1
Nick_Ward_(Australian_footballer),Perth_Glory_FC,1
Mario_Balotelli,User:Thomas_Emilio_Davies/sandbox,-1
User:Thomas_Emilio_Davies/sandbox,Look-alike,-1
John_Aloisi,Jack_Clisby,2
Jack_Clisby,Daniel_De_Silva,2
Daniel_De_Silva,Neil_Warnock,3
Joey_Barton,Jarred_Gillett,3
Jarred_Gillett,David_Beckham,2
Earth,User_talk:Thomas_Emilio_Davies,-1
User:ClueBot_Commons/Awards,Necrophilia,4
LeRoy_Ellis,NBA_2K_(series),3
NBA_2K_(series),Bill_Walton,1
High_school,Wikipedia:Manual_of_Style/Disambiguation_pages,4
Black_Power,The_Black_Hand_Gang,4
The_Black_Hand_Gang,Ape,4
"Oak_Park_High_School_(Kansas_City,_Missouri)",Staley_High_School,1
Critically_endangered,Maasai_people,3
Natural_selection,Photosynthesis_system,3
Photosynthesis_system,Sowing,3
Sowing,User_talk:A930913,-1
User_talk:A930913,Sex,-1
Kojo,User_talk:Tsuyoshiyasuda,-1
Dual_Survival_(season_1),Ares,4
Ares,User:JumboMuffin34,-1
User:JumboMuffin34,Ares,-1
Jessie_(Toy_Story),Seth_Rollins,3
Seth_Rollins,Adam_Rose,2
Adam_Rose,Alberto_Del_Rio,2
Alberto_Del_Rio,Seth_Rollins,2
Seth_Rollins,Adam_Rose,2
Adam_Rose,Wade_Barrett,2
Awad,Leicester_City_F.C.,4
Leicester_City_F.C.,User:Mattythewhite,-1
Beauty_salon,User_talk:Convoya,-1
User_talk:Convoya,Beauty_salon,1
NBA_2K_(series),Gorgui_Dieng,3
Gorgui_Dieng,List_of_first_overall_NBA_draft_picks,2
Old_age,User_talk:C.Fred,-1
User_talk:C.Fred,User:C.Fred,-1
The_Three_Crosses,Cupcake,4
Gabriel,B.o.B,3
B.o.B,Golf,3
Golf,B.o.B,4
Glen_Johnson_(English_footballer),Liam_Palmer,3
Carrick_Rangers_F.C.,Barkhad_Abdi,4
Barkhad_Abdi,Tom_Hanks,2
Newcastle_United_F.C.,User_talk:Katieh5584,-1
User_talk:Katieh5584,Barkhad_Abdi,4
Kyle_Busch,Wikipedia:Sandbox,5
Wikipedia:Sandbox,Kyle_Busch,-1
Call_of_Duty:_Black_Ops_II,Panties,3
Cardiff_City_F.C.,User_talk:Daviddavies99,-1
List_of_Rosario_+_Vampire_characters,Rosario_+_Vampire,1
Rosario_+_Vampire,Whitmer_High_School,4
Whitmer_High_School,Fairy_Tales_(TV_series),4
Rexdale,Malcolm_Subban,1
Malcolm_Subban,List_of_people_from_Toronto,3
Miami_Dolphins,"Sora,_Lazio",4
Marc-André_ter_Stegen,Thibaut_Courtois,2
Adeiny_Hechavarria,Marcell_Ozuna,2
Marcell_Ozuna,Giannis_Antetokounmpo,4
Giannis_Antetokounmpo,User_talk:K6ka,-1
User_talk:K6ka,Marcell_Ozuna,-1
Adeiny_Hechavarria,List_of_top_300_Major_League_Baseball_home_run_hitters,2
List_of_top_300_Major_League_Baseball_home_run_hitters,"3,000_hit_club",2
"3,000_hit_club",List_of_top_300_Major_League_Baseball_home_run_hitters,2
List_of_top_300_Major_League_Baseball_home_run_hitters,List_of_lifetime_Major_League_Baseball_hit_leaders_through_history,2
List_of_lifetime_Major_League_Baseball_hit_leaders_through_history,List_of_Governors_of_Kentucky,3
List_of_Governors_of_Kentucky,List_of_top_300_Major_League_Baseball_home_run_hitters,3
The_Dark_Knight_Returns,Fuck_You_(CeeLo_Green_song),4
User_talk:Wikipelli,User_talk:X_X_X_X1anaacada,-1
Alive!,User_talk:Wikipelli,-1
User_talk:Wikipelli,User_talk:X_X_X_X_w_i_k_i_p_e_d_i_a_!,-1
Cardiff_City_F.C.,Neath_F.C.,2
Oldham_Athletic_A.F.C.,Neath_F.C.,3
Neath_F.C.,Wesley_Sneijder,3
Acrocercops_rhombocosma,Time_for_print,5
Time_for_print,List_of_heritage_sites_in_Simonstown,5
Katy_Hudson_(album),The_Prismatic_World_Tour,2
The_Prismatic_World_Tour,User_talk:Katyscheetos,-1
User_talk:Katyscheetos,"Mullumbimby,_New_South_Wales",-1
"Mullumbimby,_New_South_Wales",ArtRave,4
ArtRave,Lady_Gaga:_Queen_of_Pop,2
Portal:Technology/Selected_quote/3,User_talk:MusikAnimal/old_talkpage,-1
Laurence_R._Harvey,Margaret_Cho,3
Margaret_Cho,Kylie_Jenner,3
Kylie_Jenner,Margaret_Cho,3
Margaret_Cho,Cara_Delevingne,3
User_talk:Barek/alternate,Timeline_of_World_War_II_(1939),4
Timeline_of_World_War_II_(1939),User_talk:Xcreeper5,-1
User_talk:Superjam23,October,-1
P._K._Subban,Milan_Lucic,2
Oakland_Raiders,Dovrefjell–Sunndalsfjella_National_Park,4
Dovrefjell–Sunndalsfjella_National_Park,Sexsmith,-1
Feroz_Shah_Kotla,Oussama_Assaidi,4
Oussama_Assaidi,Luke_Shaw,2
Luke_Shaw,Stamford_Bridge_(stadium),2
Stamford_Bridge_(stadium),User:Stokie123,-1
User:Stokie123,Nando's,4
Nando's,User_talk:Stokie123,-1
Battle_of_the_Atlantic,2014_Kentucky_Derby,4
2014_Kentucky_Derby,Roekiah,4
Roekiah,Beautiful_nuthatch,5
Beautiful_nuthatch,User_talk:Peteythegreat,-1
"Smith_Center,_Kansas",User_talk:Blanchardb,-1
Gerry_Adams,The_Inbetweeners_2,3
The_Inbetweeners_2,Bradley_Walsh,3
Andrea_Pirlo,KSIOlajidebt,4
KSIOlajidebt,Nacho_Novo,3
Herpes_simplex_virus,User_talk:Valfontis,-1
User_talk:Valfontis,Bernardo_Gómez_Martínez,4
"Charles_Smith_(basketball,_born_1975)",Charles_Cornelius_Smith,1
Airport_curfew,User:Peter_Mecury,-1
User:Peter_Mecury,Russia-China_border,-1
Russia-China_border,Robert_Zemeckis,3
Robert_Zemeckis,2014_AFL_season,4
2014_AFL_season,Template:Pippi_Longstocking,5
Template:Pippi_Longstocking,User_talk:Peter_Mecury,-1
Women's_lacrosse,Category:WikiProject_Disambiguation_pages,-1
Category:WikiProject_Disambiguation_pages,Category:WikiProject_Disambiguation,-1
Category:WikiProject_Disambiguation,Category:Wikipedia_disambiguation,-1
Category:Wikipedia_disambiguation,Category:Wikipedia_administration,-1
Category:Wikipedia_administration,"File:Graph_of_active_admins,_edits,_and_ratio_of_active_admins_to_edits_for_each_September,_2002-2013.png",-1
"File:Graph_of_active_admins,_edits,_and_ratio_of_active_admins_to_edits_for_each_September,_2002-2013.png",Category:Category-Class_Wikipedia_articles,-1
Category:Category-Class_Wikipedia_articles,Category:Wikipedia_categorization,-1
Category:Wikipedia_categorization,Administrators_(Wikipedia),-1
Administrators_(Wikipedia),Wikipedia_administrators,1
Wikipedia_administrators,Category:Wikipedia_vandalism,-1
Category:Wikipedia_vandalism,Category:Wikipedia_user_conduct,-1
Category:Wikipedia_user_conduct,Category:Wikipedia,-1
Category:Wikipedia,Wikipedia:Sandbox,-1
Wikipedia:Sandbox,Category:Wikipedia_editing,-1
Alive,User_talk:Largoplazo,-1
User_talk:Largoplazo,User_talk:K6ka,-1
User_talk:K6ka,User:Jimbo_Wales,-1
User:Jimbo_Wales,User:1abanada,-1
User:1abanada,Category:Wikipedia_sockpuppets_of_1abacada,-1
Category:Wikipedia_sockpuppets_of_1abacada,User_talk:Lanwi1,-1
User_talk:Lanwi1,User:OhanaUnited,-1
Alive,User_talk:1abanada,-1
Pikachu,Peace_Iced_Tea,4
Peace_Iced_Tea,Anal_bleaching,5
Anal_bleaching,Burney_baronets,5
Stanisław_Kubista,Ivan_Tsykler,-1
Ivan_Tsykler,Train_(band),4
Mont_Blanc,Dune_of_Pilat,3
White_Cliffs_of_Dover,Cave_of_the_Crystals,3
Cave_of_the_Crystals,Beachy_Head,3
Pennine_Alps,Sơn_Đoòng_Cave,3
Sơn_Đoòng_Cave,Sella_Pass,4
Sella_Pass,Wave_Rock,4
Victoria_Falls,User_talk:Makka42dkda2,-1
Bryan_Steam_Car,"Głażewo,_Greater_Poland_Voivodeship",5
"Głażewo,_Greater_Poland_Voivodeship",Schluderns,4
Talk:Robert_Lundy,Experimental_rock,-1
UI,User_talk:People_in_public,-1
User_talk:People_in_public,User:People_in_public,-1
User:People_in_public,Melvins,-1
Melvins,Talk:Bod_Pod,-1
Talk:Bod_Pod,Bod_Pod,-1
Bod_Pod,User_talk:74.104.25.98,-1
Talk:Robert_Lundy,User_talk:People_in_public,-1
User_talk:People_in_public,Human_migration,4
Human_migration,Talk:Human_migration,1
Talk:Human_migration,Settler,2
Settler,Talk:Settler,-1
Talk:Settler,Tasman_Cargo_Airlines,4
Tasman_Cargo_Airlines,Talk:Tasman_Cargo_Airlines,-1
Talk:Tasman_Cargo_Airlines,User_talk:G_S_Palmer,-1
User_talk:G_S_Palmer,User_talk:People_in_public,-1
Tim_Ablitt,Andre_El_Haddad,5
Andre_El_Haddad,Wikipedia:Articles_for_creation/Redirects,-1
Tim_Ablitt,British_Freedom_Party,1
British_Freedom_Party,List_of_singer-songwriters,4
List_of_singer-songwriters,List_of_Indonesian_pop_musicians,2
List_of_Indonesian_pop_musicians,Gary_(given_name),4
The_Last_of_Us,Shawn_Marion,3
List_of_The_Dumping_Ground_characters,The_Dumping_Ground,1
List_of_The_Dumping_Ground_characters,The_Dumping_Ground,1
List_of_The_Dumping_Ground_characters,The_Dumping_Ground,1
Wikipedia:Pending_changes,Tim_Sherwood,-1
JimJam,Disney_Junior_(international),3
Disney_Junior_(international),Talk:KidsCo,3
Talk:KidsCo,Nickelodeon_(UK_and_Ireland),3
Nickelodeon_(UK_and_Ireland),Cartoonito,1
Marilyn_Manson,Union_J,3
Born_of_Osiris,Issues_(band),3
Christianity,Mars_(chocolate_bar),3
Talk:ICarly,User:Bluebeariscool/sandbox,-1
User:Bluebeariscool/sandbox,User:Bluebeariscool,-1
User:Bluebeariscool,Malaysia_Airlines_Flight_370,-1
Malaysia_Airlines_Flight_370,Nostalgia_Critic,3
Nostalgia_Critic,Nickmom,4
Nickmom,Ella_Fitzgerald,3
Ella_Fitzgerald,Nostalgia_Critic,3
Nostalgia_Critic,Nickmom,4
Nickmom,Costa_Concordia_disaster,4
Costa_Concordia_disaster,Talk:Costa_Concordia_disaster,-1
Talk:Costa_Concordia_disaster,S4C,3
S4C,ITV_(TV_channel),2
ITV_(TV_channel),History_of_ITV,2
Thames_Television,User_talk:Bluebeariscool,-1
User_talk:Bluebeariscool,ITV_(TV_channel),3
ITV_(TV_channel),User:AxG,-1
User:AxG,Carlton_Television,5
Carlton_Television,User:My_name_is_not_dave,-1
User:My_name_is_not_dave,User_talk:AxG,-1
User_talk:AxG,User_talk:Bluebeariscool,-1
Goldenville_school_of_Montessori,"Girl,_Boy,_Bakla,_Tomboy",-1
"Girl,_Boy,_Bakla,_Tomboy","Philippine_presidential_election,_2016",3
"Philippine_presidential_election,_2016",User_talk:Leoswachingger,-1
Paisley_Magnet_School,Martineau_Gardens,4
Martineau_Gardens,User:NikolasTrampoline,-1
User:NikolasTrampoline,Odette_Krempin,-1
Ullock_Pike,User:NikolasTrampoline,-1
User:NikolasTrampoline,Winterdance:_The_Fine_Madness_of_Running_the_Iditarod,-1
Winterdance:_The_Fine_Madness_of_Running_the_Iditarod,IWRG_Guerra_de_Sexos,5
IWRG_Guerra_de_Sexos,E-line,-1
Chicagoland_Jewish_High_School,Wikipedia:Sandbox,4
Wikipedia:Sandbox,University_of_Illinois_at_Urbana–Champaign,-1
University_of_Illinois_at_Urbana–Champaign,List_of_University_of_Illinois_at_Urbana–Champaign_people,1
List_of_University_of_Illinois_at_Urbana–Champaign_people,"Skokie,_Illinois",2
Wikipedia:Editing_on_mobile_devices,Drum_kit,3
Cookiecutter_shark,User:Seal12345,-1
User:Seal12345,"List_of_Alien,_Predator_and_Alien_vs._Predator_games",-1
"List_of_Alien,_Predator_and_Alien_vs._Predator_games",The_Pink_Panther,3
NBA_Finals,Talk:Miami_Heat,-1
Talk:Miami_Heat,Dallas_Mavericks,-1
Dallas_Mavericks,User_talk:Mr.Boss3139,-1
Roy_Hibbert,Moorhead_High_School,4
Bob_Costas,David_Wear,3
David_Wear,Travis_Wear,1
Leslie_Alexander_(businessman),Roy_Hibbert,3
Memphis_Grizzlies,Talk:Miami_Heat,-1
Juan_Guerrero_Burciaga,Gonzalo_Zárate,5
Gonzalo_Zárate,Ernane_Rezende_Borges_Ferreira,-1
Ernane_Rezende_Borges_Ferreira,2001_Euro_Beach_Soccer_Cup,4
2001_Euro_Beach_Soccer_Cup,Brian_Blears,-1
Brian_Blears,Italy_national_American_football_team,4
Italy_national_American_football_team,Robert_Bondi,5
Gangrel_(wrestler),Michael_Butler_(musician),3
Michael_Butler_(musician),Jeb_Stuart_Adams,5
Maria_Kanellis,User:Dkankeriffic/sandbox,-1
Wikipedia:Administrators'_noticeboard/Incidents,Wharton_School_Publishing,4
Wharton_School_Publishing,User_talk:Jeepsralph,-1
Thrashing_(computer_science),User:CALIFORNALOVE,-1
User:Смурф_Расұапа,Template:IC_RegioJet_article,-1
Template:IC_RegioJet_article,Template:SC_Pendolino_article,-1
Template:SC_Pendolino_article,User:Смурф_Расұапа/sandbox,-1
User:Смурф_Расұапа/sandbox,Template:IC_RegioJet_article,-1
Template:IC_RegioJet_article,Template:SC_Pendolino_article,-1
Template:SC_Pendolino_article,SC_Pendolino,-1
SC_Pendolino,User_talk:Смурф_Расұапа,-1
User_talk:Смурф_Расұапа,Wikipedia:Sockpuppet_investigations/Pszczolka_Maja1,-1
User_talk:GB_fan,User_talk:Proud_to_be_a_democrat,-1
Dimitri_Vegas_&_Like_Mike,Bob_Sinclar,1
Dimitri_Vegas_&_Like_Mike,Nicky_Romero,2
Nicky_Romero,Steve_Aoki,2
Steve_Aoki,Planet_Pit,3
Planet_Pit,Global_Warming_(Pitbull_album),2
Global_Warming_(Pitbull_album),Ace_Hood_discography,3
Ace_Hood_discography,100_Million,2
Young_Jeezy_discography,Lil_Wayne_singles_discography,2
Lil_Wayne_singles_discography,Lil_Wayne_videography,2
Lil_Wayne_videography,DJ_Khaled_discography,2
DJ_Khaled_discography,Mack_Maine,1
Mack_Maine,User_talk:Daolon_Wong,-1
User_talk:Daolon_Wong,DJ_Khaled_discography,5
DJ_Khaled_discography,Mack_Maine,1
Mack_Maine,DJ_Khaled_discography,2
DJ_Khaled_discography,Ima_Boss,1
Ima_Boss,Bugatti_(song),2
Bugatti_(song),DJ_Drama_discography,2
DJ_Drama_discography,DJ_Khaled_discography,2
DJ_Khaled_discography,Akon_discography,2
Akon_discography,Sean_Garrett_production_discography,2
Sean_Garrett_production_discography,DJ_Khaled_discography,3
DJ_Khaled_discography,Meek_Mill_discography,2
Meek_Mill_discography,5_*_Stunna,2
5_*_Stunna,Meek_Mill_discography,3
Meek_Mill_discography,List_of_Don_Omar_collaborations,3
List_of_Don_Omar_collaborations,Vybz_Kartel,3
Vybz_Kartel,List_of_Don_Omar_collaborations,3
List_of_Don_Omar_collaborations,NERVO_(duo),3
NERVO_(duo),R3hab,1
R3hab,Sidney_Samson,2
Sidney_Samson,Vika_Jigulina,3
Vika_Jigulina,Zedd_(musician),3
Zedd_(musician),Baauer,3
Baauer,LMFAO_discography,3
LMFAO_discography,Stromae_discography,3
Stromae_discography,Laidback_Luke,3
Dimitri_Vegas_&_Like_Mike,R3hab,2
R3hab,Lil_Jon_discography,2
Lil_Jon_discography,Alyssa_Reid,3
Alyssa_Reid,Fat_Joe_discography,4
DJ_Kay_Slay,David_Guetta_discography,4
David_Guetta_discography,Wiz_Khalifa_discography,3
Wiz_Khalifa_discography,Akon_discography,2
Akon_discography,Wiz_Khalifa_discography,2
Wiz_Khalifa_discography,Akon_discography,2
Akon_discography,Wiz_Khalifa_discography,2
Wiz_Khalifa_discography,User_talk:Daolon_Wong,-1
Quintin_Kynaston_Community_Academy,David_N'Gog,4
XXL_(club),"Mehrabad,_Tehran",5
"Mehrabad,_Tehran",Thomas_Clarges,5
Thomas_Clarges,ITNEA,5
Livigno,Luigi_Gaetano_Marini,5
"Watsons_Bay,_New_South_Wales",Sacred_Heart_College_(Adelaide),3
Sacred_Heart_College_(Adelaide),Kirribilli_House,3
User_talk:Bongwarrior,Wikipedia:Administrators'_noticeboard/Incidents,6
Wikipedia:Administrators'_noticeboard/Incidents,User_talk:MuZemike,-1
User_talk:MuZemike,User_talk:Dr_Faust_and_Gothe,-1
Váci_Mihály_Kollégium,Vlad_the_Impaler,3
Leon_Osman,John_Stones,2
"Tabakhane,_Nicosia",Flag_of_Poland,3
Kibbutz,Mike_Will_Made_It,4
User:Annesofie99/sandbox,Sea_turtle,-1
Sea_turtle,User_talk:Annesofie99,-1
Waltham_Chase,Giuseppe_Rinvolucri,5
Giuseppe_Rinvolucri,Hedge_End,4
User:PRAELIUM,"Indian_School,_Muscat",-1
"Indian_School,_Muscat",American_British_Academy,3
American_British_Academy,User_talk:Widr,-1
User_talk:Widr,User_talk:Wikipelli,-1
User_talk:Wikipelli,Prakash_Yashwant_Ambedkar,-1
Prakash_Yashwant_Ambedkar,User_talk:PRAELIUM,-1
User:LBJ_was_a_democrat,Democratic-Republican_Party,-1
Democratic-Republican_Party,User_talk:LBJ_was_a_democrat,-1
Slave_breeding_in_the_United_States,Bob_Hoskins,3
"Wikipedia_talk:What_""Ignore_all_rules""_means",List_of_academic_disciplines_and_sub-disciplines,3
1908_Melbourne_Carnival,User_talk:Sugarshrek69,-1
User_talk:Sugarshrek69,1907_World_Figure_Skating_Championships,-1
Emmanuel_Emenike,Boris_Johnson,3
Boris_Johnson,Dead_Space_3,4
Dead_Space_3,Olivier_Giroud,4
Olivier_Giroud,Mesut_Özil,2
Mesut_Özil,KSIOlajidebt,3
KSIOlajidebt,Rockstar_Games,3
Ada_Lovelace,Avicii,3
Avicii,Jessica_Biel,3
Jessica_Biel,User_talk:Fman122,-1
"Bucks_Lake,_California",User_talk:ClueBot_Commons,-1
User_talk:ClueBot_Commons,User_talk:MegaMooshrooms,-1
2050,Owl_City,3
Owl_City,New_York_City_English,3
Uranus_(mythology),Ridge_Community_High_School,5
User_talk:Maraawq,User:Maraawq,-1
User:Maraawq,Sammichele_di_Bari,-1
Sammichele_di_Bari,User:Dragon32101,-1
User:Dragon32101,User:Maraawq,-1
User:Maraawq,User_talk:Jim1138,-1
Big-eared_lipinia,User_talk:Katieh5584,-1
Mabel_Pines,Gravity_Falls,1
Gravity_Falls,The_Fresh_Prince_of_Bel-Air,3
Mabel_Pines,Star_Trek_V:_The_Final_Frontier,3
List_of_SpongeBob_SquarePants_characters,User:MO_The_Epic,-1
Mabel_Pines,Smosh,3
Smosh,User_talk:MO_The_Epic,-1
Mabel_Pines,Talk:Mabel_Pines,-1
Talk:Mabel_Pines,User:Shane_Cyrus,-1
User:Shane_Cyrus,Hands_in_the_Air_(Miley_Cyrus_song),-1
Hands_in_the_Air_(Miley_Cyrus_song),User_talk:MO_The_Epic,-1
Freddie_Freeman,2011_NBA_draft,3
2011_NBA_draft,James_Ennis_(basketball),2
James_Ennis_(basketball),Bradley_Beal,3
Bradley_Beal,Evan_Gattis,3
Evan_Gattis,Polygraph,3
Timeline_of_New_Zealand_history,Chaco_(Paraguay),3
Chaco_(Paraguay),User_talk:Hunterworm,-1
User_talk:Hunterworm,Joseph_Kony,1
Zarine_Khan,Arbaaz_Khan_(Indian_actor),2
Arbaaz_Khan_(Indian_actor),Celina_Jaitly,3
Celina_Jaitly,Fardeen_Khan,2
Black,Ladies_vs_Ricky_Bahl,3
Ladies_vs_Ricky_Bahl,Sorry,5
Giannis_Antetokounmpo,Joakim_Noah,3
Nand_Lal,Shear_wall,4
Naked_mole-rat,Derby_Lunatic_Fringe,5
Chaiwala,Haryana_Colony,4
Elvis_and_Anabelle,It's_Kind_of_a_Funny_Story_(film),3
It's_Kind_of_a_Funny_Story_(film),Keir_Gilchrist,1
Keir_Gilchrist,It's_Kind_of_a_Funny_Story_(film),1
It's_Kind_of_a_Funny_Story_(film),500_Days_of_Summer,3
Haryana_Colony,It's_Kind_of_a_Funny_Story_(film),4
Bob_Chlupsa,Bárbaro_Cañizares,4
Bob_Chlupsa,Bárbaro_Cañizares,4
Bob_Chlupsa,Bárbaro_Cañizares,4
Bárbaro_Cañizares,Andrelton_Simmons,2
Andrelton_Simmons,Kosuke_Fukudome,3
Kandi_Burruss,Total_(group),3
Total_(group),Robin_Givens,3
Taylor_(surname),Majewski,-1
Majewski,Montgomery_(name),4
Nutrition,Joseph_(son_of_Jacob),3
Joseph_(son_of_Jacob),Hot,5
User:Mansand1000/sandbox,Harry_Reid,2
Harry_Reid,User_talk:Mansand1000,-1
User_talk:Mansand1000,User:Mansand1000,-1
User:Mansand1000,Mitch_McConnell,-1
Mitch_McConnell,User_talk:Mansand1000,-1
