Joey_Essex,Louie_Spence,2
Louie_Spence,Big_Time_Rush_(band),3
Jaden_Smith,Foster_the_People,3
Talk:Chiang_Kai-shek_Memorial_Hall,User_talk:Jonnaoh000,-1
"Hey_You,_Pikachu!",User_talk:MelbourneStar,-1
Martial_law,User_talk:Lolcopter213,-1
Madagascar_3:_Europe's_Most_Wanted,Filarete,3
Five_Flights_Up,User:Slapatitty,-1
User:Slapatitty,User_talk:Slapatitty,-1
User_talk:Slapatitty,User_talk:ClueBot_Commons,-1
Burusho_people,Joscelin_(bishop_of_Paris),4
Joscelin_(bishop_of_Paris),Sears_Cook_Walker,5
Heinrich_Bär,Cotswold_Olimpick_Games,3
Joint_Task_Force,Clash_of_Clans,4
2013–14_Armenian_Premier_League,FC_Banants,2
C.D._Guadalajara,Éder_dos_Santos,3
Mexico_national_football_team,Kichi_(footballer),6
Kichi_(footballer),Mexico_national_football_team,3
Mexico_national_football_team,Kichi_(footballer),6
Kichi_(footballer),Arsenal_F.C.,3
C.D._Guadalajara,Arsenal_F.C.,2
Club_América,Template:Football_kit/pattern_list,-1
Template:Football_kit/pattern_list,Manchester_United_F.C._Reserves_and_Academy,-1
Diego_Jiménez,Template:Red_Bull_New_York_squad,3
Template:Red_Bull_New_York_squad,Club_América,-1
FC_Barcelona,Template:FC_Barcelona_squad,2
Template:FC_Barcelona_squad,FC_Barcelona,-1
FC_Barcelona,Template:FC_Barcelona_squad,2
Template:FC_Barcelona_squad,FC_Barcelona,-1
C.D._Guadalajara,Club_América,1
Giovani_dos_Santos,Template:Tottenham_Hotspur_F.C._squad,3
Template:Tottenham_Hotspur_F.C._squad,Club_América,-1
Argentina_national_football_team,"Christian_Giménez_(footballer,_born_1981)",3
"Christian_Giménez_(footballer,_born_1981)",A.C._Milan,2
Pablo_Barrera,Efraín_Juárez,1
Efraín_Juárez,Celtic_F.C.,1
Celtic_F.C.,Efraín_Juárez,2
Efraín_Juárez,Javier_Hernández_Balcázar,1
Javier_Hernández_Balcázar,Template:Manchester_United_F.C._squad,2
Template:Manchester_United_F.C._squad,Manchester_United_F.C.,-1
Club_América,Isaac_Acuña,4
Isaac_Acuña,Club_América,3
User:SlapInFace,Category:Weather_events_in_Australia,-1
Category:Weather_events_in_Australia,Mining_in_Australia,2
Mining_in_Australia,Iron_ore_mining_in_Western_Australia,2
Wikipedia:Edit_this_proposal,User:Bongwarrior,-1
Hitler's_Grave,Daryush_Shokof,1
Wrexham,Mary_Shelley's_Frankenstein_(film),3
Christian_Cooke,User:Sarahfinn82,-1
User:Sarahfinn82,Christian_Cooke,-1
Wally_the_Green_Monster,Dustin_Ackley,3
Dustin_Ackley,James_Harden,4
Santiago_Bernabéu_Stadium,Magic_Fountain_(EP),5
Hats_(disambiguation),The_Great_Gatsby_(2013_film),4
Jack_and_Jill_(film),Jack_and_the_Beanstalk,3
User:Metraff,User_talk:Metraff,-1
User_talk:Metraff,Jessie_Flower,4
Jessie_Flower,Talk:Haruka_Kuroda,-1
Talk:Haruka_Kuroda,Crystalised,-1
Crystalised,Plastic_Beach,2
Plastic_Beach,Rhinestone_Eyes,1
Rhinestone_Eyes,Talk:Rhinestone_Eyes,-1
Talk:Rhinestone_Eyes,Talk:Phoner_to_Arizona,-1
Talk:Phoner_to_Arizona,Phoner_to_Arizona,5
Phoner_to_Arizona,Plastic_Beach,2
Plastic_Beach,Pirate_Jet,1
User:Metraff,Pirate_Jet,-1
Pirate_Jet,Pirates_in_popular_culture,3
User:Metraff,André_3000,-1
André_3000,Talk:Plastic_Beach,-1
User:Metraff,Wikipedia:WikiProject_Iowa/Active_participants,-1
User:Metraff,Portal:Iowa/State_Symbols,-1
User:Metraff,The_Song_of_Iowa,-1
The_Song_of_Iowa,Talk:The_song_of_iowa,-1
Talk:The_song_of_iowa,The_Song_of_Iowa,-1
The_Song_of_Iowa,The_song_of_iowa,1
The_song_of_iowa,The_Song_of_Iowa,1
The_Song_of_Iowa,O_Tannenbaum,1
O_Tannenbaum,Florida_(Where_the_Sawgrass_Meets_the_Sky),2
User:Metraff,The_Song_of_Iowa,-1
The_Song_of_Iowa,Talk:Haruka_Kuroda,-1
User:Metraff,Talk:The_Song_of_Iowa,-1
User:Metraff,The_Song_of_Iowa,-1
The_Song_of_Iowa,2013,4
Backbone_State_Park,"Talk:Strawberry_Point,_Iowa",-1
"Talk:Strawberry_Point,_Iowa",Glitter_Freeze,-1
User:Metraff,Orchestral_Intro_(Gorillaz),-1
Orchestral_Intro_(Gorillaz),Welcome_to_the_World_of_the_Plastic_Beach,1
Welcome_to_the_World_of_the_Plastic_Beach,White_Flag_(Gorillaz),1
White_Flag_(Gorillaz),Some_Kind_of_Nature,1
Some_Kind_of_Nature,Broken_(Gorillaz),1
User:Metraff,Sweepstakes_(song),-1
Sweepstakes_(song),Plastic_Beach_(song),1
Plastic_Beach_(song),To_Binge,1
To_Binge,Cloud_of_Unknowing_(song),1
User:Metraff,National_Utility_Contractors_Association,-1
User:Metraff,Paul_Simonon,-1
Paul_Simonon,DYAP,-1
DYAP,Ghaliyya_al-Wahhabiyya,5
Virtual_Boy,User_talk:CanadanHockley,-1
User_talk:CanadanHockley,Kirby_Super_Star,1
Super_Mario_World_2:_Yoshi's_Island,User_talk:Caltas,-1
User_talk:Caltas,Nintendo_DS,3
Nintendo_DS,User_talk:Caltas,-1
User_talk:Caltas,User_talk:CanadanHockley,-1
Template:Official_website/doc,Template:Infobox_musical_artist/doc,-1
Template:Infobox_musical_artist/doc,User_talk:Douye',-1
Wayne's_World_2,Arin_Ilejay,3
Arin_Ilejay,King_of_the_Hill,3
King_of_the_Hill,Max_Payne_(series),3
Gareth_Bale,Wikipedia:Sandbox,4
Wikipedia:Sandbox,Gareth_Bale,-1
Massachusetts_Medal_of_Liberty,Mantis_shrimp,3
Mantis_shrimp,3-alpha-HSD,4
Denmark,User_talk:Marc6014,-1
User_talk:Marc6014,Spain,-1
Spain,User_talk:Marc6014,-1
User_talk:Marc6014,User:Marc6014,-1
GuitarFreaks_(video_game),GuitarFreaks_2ndMix_&_DrumMania,1
GuitarFreaks_2ndMix_&_DrumMania,GuitarFreaks_3rdMix_&_DrumMania_2ndMix,1
GuitarFreaks_3rdMix_&_DrumMania_2ndMix,GuitarFreaks_4thMix_&_DrumMania_3rdMix,1
GuitarFreaks_4thMix_&_DrumMania_3rdMix,GuitarFreaks_5thMix_&_DrumMania_4thMix,1
GuitarFreaks_5thMix_&_DrumMania_4thMix,GuitarFreaks_6thMix_&_DrumMania_5thMix,1
GuitarFreaks_6thMix_&_DrumMania_5thMix,GuitarFreaks_7thMix_&_DrumMania_6thMix,1
GuitarFreaks_7thMix_&_DrumMania_6thMix,GuitarFreaks_8thMix_&_DrumMania_7thMix,1
GuitarFreaks_8thMix_&_DrumMania_7thMix,GuitarFreaks_9thMix_&_DrumMania_8thMix,1
GuitarFreaks_9thMix_&_DrumMania_8thMix,GuitarFreaks_10thMix_&_DrumMania_9thMix,1
GuitarFreaks_10thMix_&_DrumMania_9thMix,GuitarFreaks_11thMix_&_DrumMania_10thMix,1
GuitarFreaks_11thMix_&_DrumMania_10thMix,GuitarFreaks_&_DrumMania_V,1
GuitarFreaks_&_DrumMania_V,GuitarFreaks_&_DrumMania_V2,1
GuitarFreaks_&_DrumMania_V2,GuitarFreaks_&_DrumMania_V3,1
GuitarFreaks_&_DrumMania_V3,GuitarFreaks_&_DrumMania_V4_RockxRock,1
GuitarFreaks_&_DrumMania_V4_RockxRock,GuitarFreaks_&_DrumMania_V5_Rock_to_Infinity,1
GuitarFreaks_&_DrumMania_V5_Rock_to_Infinity,GuitarFreaks_&_DrumMania_V6_Blazing!,1
GuitarFreaks_&_DrumMania_V6_Blazing!,GuitarFreaks_&_DrumMania_V7,1
GuitarFreaks_&_DrumMania_V7,GuitarFreaks_&_DrumMania_V8,1
GuitarFreaks_&_DrumMania_V8,Wikipedia_talk:Edit_filter/False_positives,-1
Wikipedia_talk:Edit_filter/False_positives,Wikipedia_talk:Edit_filter,-1
Wikipedia_talk:Edit_filter,User_talk:Bambang_Rahardjo,-1
Epic_(2013_film),Bring_It_On:_All_or_Nothing,3
Glasgow_Academy,User_talk:Beanboy_101,-1
User_talk:Beanboy_101,User:Captain_Conundrum,-1
User:Captain_Conundrum,Wikipedia:Administrator_intervention_against_vandalism,-1
"St_Edward's_College,_East_Gosford",Melbourne_Storm,2
"St_Edward's_College,_East_Gosford",Parramatta_Eels,2
"St_Edward's_College,_East_Gosford",Central_Coast,3
Bad_Girls_Club_(season_8),Bad_Girls_Club_(season_3),2
Bad_Girls_Club_(season_3),Bad_Girls_Club_(season_4),2
Bad_Girls_Club_(season_8),Bad_Girls_Club_(season_4),2
Bad_Girls_Club_(season_4),Bad_Girls_Club_(season_3),2
Bad_Girls_Club_(season_3),Bad_Girls_Club_(season_2),2
Bad_Girls_Club_(season_2),Bad_Girls_Club_(season_1),1
Bad_Girls_Club_(season_8),Erica_Figueroa,1
Bad_Girls_Club_(season_8),Bad_Girls_Club_(season_4),2
Bad_Girls_Club_(season_4),Geordie_Shore,3
Geordie_Shore,Angelina_Pivarnick,2
Angelina_Pivarnick,Bad_Girls_Club_(season_3),4
Bad_Girls_Club_(season_8),Angelina_Pivarnick,3
Angelina_Pivarnick,Bad_Girls_Club_(season_4),4
Bad_Girls_Club_(season_8),Bad_Girls_Club_(season_3),2
Bad_Girls_Club_(season_3),Bad_Girls_Club_(season_4),2
Bad_Girls_Club_(season_4),Bad_Girls_Club_(season_1),2
Bad_Girls_Club_(season_1),Bad_Girls_Club_(season_2),2
Bad_Girls_Club_(season_2),Bad_Girls_Club_(season_3),1
Bad_Girls_Club_(season_3),Bad_Girls_Club_(season_10),2
Bad_Girls_Club_(season_10),Bad_Girls_Club_(season_7),2
Bad_Girls_Club_(season_7),Bad_Girls_Club_(season_5),2
Bad_Girls_Club_(season_5),Bad_Girls_Club_(season_7),2
Bad_Girls_Club_(season_7),Bad_Girls_Club_(season_6),1
Bad_Girls_Club_(season_6),Bad_Girls_Club_(season_9),2
Bad_Girls_Club_(season_9),Bad_Girls_Club_(season_7),2
Bad_Girls_Club_(season_7),Bad_Girls_Club_(season_9),2
Bad_Girls_Club_(season_9),Bad_Girls_Club_(season_7),2
Bad_Girls_Club_(season_8),Bad_Girls_Club_(season_7),2
Bad_Girls_Club_(season_7),Bad_Girls_Club_(season_10),2
Bad_Girls_Club_(season_10),Bad_Girls_Club,1
Bad_Girls_Club,Bad_Girls_Club_(season_5),1
Bad_Girls_Club_(season_5),Bad_Girls_Club_(season_3),2
Bad_Girls_Club_(season_3),Bad_Girls_Club_(season_5),2
Bad_Girls_Club_(season_5),Bad_Girls_Club_(season_3),2
Bad_Girls_Club_(season_3),Bad_Girls_Club_(season_2),2
Bad_Girls_Club_(season_2),Bad_Girls_Club_(season_1),1
Bad_Girls_Club_(season_1),Bad_Girls_Club_(season_2),2
Bad_Girls_Club_(season_2),Bad_Girls_Club_(season_1),1
Bad_Girls_Club_(season_1),Bad_Girls_Club_(season_6),2
Bad_Girls_Club_(season_6),Bad_Girls_Club_(season_10),2
Bad_Girls_Club_(season_10),Bad_Girls_Club,1
Bad_Girls_Club,Bad_Girls_Club_(season_5),1
Bad_Girls_Club_(season_5),Bad_Girls_Club_(season_2),2
Bad_Girls_Club_(season_2),Bad_Girls_Club_(season_4),1
Bad_Girls_Club_(season_4),Bad_Girls_Club_(season_3),2
Bad_Girls_Club_(season_3),Bad_Girls_Club_(season_4),2
Bad_Girls_Club_(season_4),Bad_Girls_Club_(season_6),2
Bad_Girls_Club_(season_6),Bad_Girls_Club_(season_7),2
Bad_Girls_Club_(season_7),Bad_Girls_Club_(season_6),1
Bad_Girls_Club_(season_6),Bad_Girls_Club_(season_9),2
Bad_Girls_Club_(season_9),Bad_Girls_Club_(season_10),2
Bad_Girls_Club_(season_10),Bad_Girls_Club,1
Bad_Girls_Club,Bad_Girls_Club_(season_10),1
Bad_Girls_Club_(season_10),America's_Next_Top_Model_(cycle_4),3
America's_Next_Top_Model_(cycle_4),Bad_Girls_Club_(season_1),4
Bad_Girls_Club_(season_1),Bad_Girls_Club,1
Bad_Girls_Club,Bad_Girls_Club_(season_1),1
Bad_Girls_Club_(season_1),Bad_Girls_Club_(season_2),2
Bad_Girls_Club_(season_2),Bad_Girls_Club_(season_3),1
Bad_Girls_Club_(season_3),Bad_Girls_Club_(season_10),2
Bad_Girls_Club_(season_10),Bad_Girls_Club_(season_9),2
Bad_Girls_Club_(season_8),Bad_Girls_Club_(season_1),2
Bad_Girls_Club_(season_1),Bad_Girls_Club_(season_6),2
Bad_Girls_Club_(season_6),Bad_Girls_Club_(season_10),2
Bad_Girls_Club_(season_10),Bad_Girls_Club_(season_5),2
Bad_Girls_Club_(season_5),Bad_Girls_Club_(season_4),1
Bad_Girls_Club_(season_4),Bad_Girls_Club_(season_10),2
Bad_Girls_Club_(season_8),Scout_Taylor-Compton,4
Scout_Taylor-Compton,Bad_Girls_Club_(season_10),4
Bad_Girls_Club_(season_10),Bad_Girls_Club_(season_9),2
Bad_Girls_Club_(season_8),Bad_Girls_Club_(season_7),2
Bad_Girls_Club_(season_8),Bad_Girls_Club_(season_10),2
Bad_Girls_Club_(season_10),Bad_Girls_Club_(season_6),2
Bad_Girls_Club_(season_8),Bad_Girls_Club_(season_10),2
Bad_Girls_Club_(season_8),Bad_Girls_Club_(season_7),2
Bad_Girls_Club_(season_7),Bad_Girls_Club_(season_6),1
Bad_Girls_Club_(season_6),Bad_Girls_Club_(season_10),2
Bad_Girls_Club_(season_8),Bad_Girls_Club_(season_1),2
Bad_Girls_Club_(season_1),Bad_Girls_Club_(season_5),2
Bad_Girls_Club_(season_5),Bad_Girls_Club_(season_9),2
Bad_Girls_Club_(season_9),Bad_Girls_Club_(season_6),2
Bad_Girls_Club_(season_6),Bad_Girls_Club_(season_7),2
Bad_Girls_Club_(season_7),Oxygen_(TV_channel),1
Oxygen_(TV_channel),Bad_Girls_Club_(season_3),2
Bad_Girls_Club_(season_3),Bad_Girls_Club_(season_6),2
Bad_Girls_Club_(season_6),Bad_Girls_Club_(season_7),2
Bad_Girls_Club_(season_7),Bad_Girls_Club_(season_9),2
Bad_Girls_Club_(season_9),Bad_Girls_Club_(season_10),2
Bad_Girls_Club_(season_10),Bad_Girls_Club_(season_2),2
Bad_Girls_Club_(season_2),Bad_Girls_Club_(season_3),1
Bad_Girls_Club_(season_3),Bad_Girls_Club_(season_10),2
Bad_Girls_Club_(season_10),Bad_Girls_Club_(season_5),2
Bad_Girls_Club_(season_5),Bad_Girls_Club_(season_6),2
Bad_Girls_Club_(season_6),Bad_Girls_Club_(season_10),2
Bad_Girls_Club_(season_8),Bad_Girls_Club,1
Bad_Girls_Club,Bad_Girls_Club_(season_1),1
Bad_Girls_Club_(season_1),Bad_Girls_Club_(season_2),2
Bad_Girls_Club_(season_2),Bad_Girls_Club_(season_1),1
Bad_Girls_Club_(season_1),Bad_Girls_Club_(season_3),2
Bad_Girls_Club_(season_3),Bad_Girls_Club_(season_5),2
Bad_Girls_Club_(season_8),Bad_Girls_Club_(season_7),2
Bad_Girls_Club_(season_7),Bad_Girls_Club_(season_10),2
Bad_Girls_Club_(season_10),Bad_Girls_Club_(season_5),2
Bad_Girls_Club_(season_5),Bad_Girls_Club_(season_4),1
Bad_Girls_Club_(season_4),Bad_Girls_Club_(season_3),2
Bad_Girls_Club_(season_3),Bad_Girls_Club_(season_2),2
Bad_Girls_Club_(season_2),Bad_Girls_Club_(season_1),1
Bad_Girls_Club_(season_1),Bad_Girls_Club_(season_4),2
Bad_Girls_Club_(season_4),Bad_Girls_Club_(season_5),2
Bad_Girls_Club_(season_5),Bad_Girls_Club_(season_6),2
Bad_Girls_Club_(season_6),Bad_Girls_Club_(season_10),2
Bad_Girls_Club_(season_10),Bad_Girls_Club_(season_4),2
Bad_Girls_Club_(season_4),Bad_Girls_Club,1
Bad_Girls_Club,Bad_Girls_Club_(season_4),1
Bad_Girls_Club_(season_4),Bad_Girls_Club_(season_5),2
Bad_Girls_Club_(season_5),Bad_Girls_Club_(season_7),2
Bad_Girls_Club_(season_8),Bad_Girls_Club_(season_10),2
Bad_Girls_Club_(season_10),Bad_Girls_Club_(season_5),2
Bad_Girls_Club_(season_8),Bad_Girls_Club_(season_3),2
Bad_Girls_Club_(season_3),Bad_Girls_Club_(season_6),2
Bad_Girls_Club_(season_6),Bad_Girls_Club_(season_4),2
Bad_Girls_Club_(season_4),Dance_Moms:_Miami,4
Dance_Moms:_Miami,Scream_4,4
Scream_4,For_the_Love_of_Ray_J_(season_1),4
For_the_Love_of_Ray_J_(season_1),Bad_Girls_Club_(season_10),3
Bad_Girls_Club_(season_10),Bad_Girls_Club_(season_11),2
Bad_Girls_Club_(season_11),Bad_Girls_Club_(season_10),2
Bad_Girls_Club_(season_10),Bad_Girls_Club_(season_11),2
Bad_Girls_Club_(season_11),Bad_Girls_Club,1
Bad_Girls_Club,Bad_Girls_Club_(season_7),1
Bad_Girls_Club_(season_7),Mama_Drama_(TV_series),3
Mama_Drama_(TV_series),Bad_Girls_Club_(season_6),3
Bad_Girls_Club_(season_6),Kel_Mitchell,3
Kel_Mitchell,Bad_Girls_Club_(season_6),3
Bad_Girls_Club_(season_6),Bad_Girls_Club_(season_10),2
Bad_Girls_Club_(season_10),Bad_Girls_Club_(season_7),2
Bad_Girls_Club_(season_8),Bad_Girls_Club_(season_4),2
Bad_Girls_Club_(season_4),Bad_Girls_Club_(season_6),2
Bad_Girls_Club_(season_6),Bad_Girls_Club_(season_10),2
Bad_Girls_Club_(season_10),Bad_Girls_Club_(season_6),2
Bad_Girls_Club_(season_6),Bad_Girls_Club_(season_1),2
Bad_Girls_Club_(season_1),Bad_Girls_Club_(season_4),2
Bad_Girls_Club_(season_8),Bad_Girls_Club_(season_6),2
Bad_Girls_Club_(season_6),Bad_Girls_Club_(season_10),2
Bad_Girls_Club_(season_10),Bad_Girls_Club_(season_11),2
Bad_Girls_Club_(season_11),Nicki_Minaj,3
Nicki_Minaj,Bad_Girls_Club_(season_1),4
Bad_Girls_Club_(season_1),Bad_Girls_Club_(season_2),2
Bad_Girls_Club_(season_2),Bad_Girls_Club_(season_3),1
Bad_Girls_Club_(season_3),Bad_Girls_Club_(season_4),2
Bad_Girls_Club_(season_4),Bad_Girls_Club_(season_5),2
Bad_Girls_Club_(season_5),Bad_Girls_Club_(season_6),2
Bad_Girls_Club_(season_6),Bad_Girls_Club_(season_9),2
Bad_Girls_Club_(season_9),Bad_Girls_Club_(season_10),2
Bad_Girls_Club_(season_10),Bad_Girl_Games,1
Bad_Girl_Games,Bad_Girls_Club_(season_1),1
Bad_Girls_Club_(season_1),Bad_Girls_Club_(season_3),2
Bad_Girls_Club_(season_3),Bad_Girls_Club_(season_6),2
Bad_Girls_Club_(season_8),Bad_Girls_Club_(season_10),2
Bad_Girls_Club_(season_10),Bad_Girls_Club_(season_11),2
Bad_Girls_Club_(season_11),Bad_Girls_Club_(season_10),2
Bad_Girls_Club_(season_10),Bad_Girls_Club_(season_6),2
Bad_Girls_Club_(season_6),Bad_Girls_Club_(season_11),2
Bad_Girls_Club_(season_11),Martha_Julia,4
Danielle_Harris,Bad_Girls_Club_(season_1),4
Bad_Girls_Club_(season_1),Bad_Girls_Club_(season_2),2
Bad_Girls_Club_(season_2),Bad_Girls_Club_(season_4),1
Bad_Girls_Club_(season_4),Bad_Girls_Club_(season_1),2
Bad_Girls_Club_(season_1),Bad_Girls_Club_(season_2),2
Bad_Girls_Club_(season_2),Bad_Girls_Club_(season_1),1
Bad_Girls_Club_(season_1),Bad_Girls_Club_(season_4),2
Bad_Girls_Club_(season_4),Bad_Girls_Club_(season_6),2
Bad_Girls_Club_(season_8),Bad_Girls_Club_(season_10),2
Bad_Girls_Club_(season_10),Bad_Girls_Club_(season_1),2
Bad_Girls_Club_(season_1),Bad_Girls_Club_(season_2),2
Bad_Girls_Club_(season_2),Bad_Girls_Club_(season_4),1
Bad_Girls_Club_(season_4),The_Real_World:_Philadelphia,3
Bad_Girls_Club_(season_8),Bad_Girls_Club_(season_4),2
Bad_Girls_Club_(season_4),Bad_Girls_Club_(season_6),2
Bad_Girls_Club_(season_6),Angelina_Pivarnick,4
Angelina_Pivarnick,Bad_Girls_Club_(season_1),4
Bad_Girls_Club_(season_1),Bad_Girls_Club_(season_2),2
Bad_Girls_Club_(season_8),Bad_Girls_Club_(season_9),2
Bad_Girls_Club_(season_9),Bad_Girls_Club_(season_5),2
Bad_Girls_Club_(season_8),Bad_Girls_Club_(season_5),2
Bad_Girls_Club_(season_5),Bad_Girls_Club_(season_6),2
Bad_Girls_Club_(season_6),Bad_Girls_Club_(season_7),2
Bad_Girls_Club_(season_7),Bad_Girls_Club_(season_10),2
Bad_Girls_Club_(season_10),Bad_Girls_Club_(season_1),2
Bad_Girls_Club_(season_1),Bad_Girls_Club_(season_2),2
Bad_Girls_Club_(season_2),Bad_Girls_Club_(season_5),1
Bad_Girls_Club_(season_8),Bad_Girls_Club_(season_10),2
Bad_Girls_Club_(season_10),Bad_Girls_Club_(season_5),2
Bad_Girls_Club_(season_5),Bad_Girls_Club_(season_9),2
Bad_Girls_Club_(season_8),Bad_Girls_Club_(season_7),2
Bad_Girls_Club_(season_7),Bad_Girls_Club_(season_6),1
Bad_Girls_Club_(season_6),Bad_Girls_Club_(season_9),2
Bad_Girls_Club_(season_9),Bad_Girls_Club_(season_5),2
Bad_Girls_Club_(season_5),Bad_Girls_Club_(season_2),2
Bad_Girls_Club_(season_2),Bad_Girls_Club_(season_1),1
Bad_Girls_Club_(season_1),Bad_Girls_Club_(season_2),2
Bad_Girls_Club_(season_2),Bad_Girls_Club_(season_3),1
Bad_Girls_Club_(season_3),Bad_Girls_Club_(season_4),2
Bad_Girls_Club_(season_4),Bad_Girls_Club_(season_5),2
Bad_Girls_Club_(season_5),Bad_Girls_Club_(season_6),2
Bad_Girls_Club_(season_6),Bad_Girls_Club_(season_11),2
Bad_Girls_Club_(season_11),Bad_Girls_Club_(season_9),2
Bad_Girls_Club_(season_9),Bad_Girls_Club_(season_10),2
Bad_Girls_Club_(season_10),Bad_Girls_Club_(season_9),2
Bad_Girls_Club_(season_9),Bad_Girls_Club_(season_10),2
Bad_Girls_Club_(season_10),Bad_Girls_Club_(season_11),2
Bad_Girls_Club_(season_11),Katy_Perry,3
Katy_Perry,Natalie_Nunn,4
Natalie_Nunn,Tanisha_Thomas,1
Tanisha_Thomas,Bad_Girls_Club,1
Bad_Girls_Club,Judi_Jai,1
Judi_Jai,The_Cabin_in_the_Woods,4
The_Cabin_in_the_Woods,Judi_Jai,3
Judi_Jai,Hocus_Pocus_(1993_film),4
Hocus_Pocus_(1993_film),Cinderella_III:_A_Twist_in_Time,3
Rihanna,Bad_Girls_Club_(season_2),4
Bad_Girls_Club_(season_8),Bad_Girls_Club_(season_9),2
Bad_Girls_Club_(season_9),Bad_Girls_Club_(season_1),2
Bad_Girls_Club_(season_1),Bad_Girls_Club_(season_5),2
Bad_Girls_Club_(season_5),Bad_Girls_Club_(season_6),2
Bad_Girls_Club_(season_8),Bad_Girls_Club_(season_10),2
Bad_Girls_Club_(season_8),Bad_Girls_Club_(season_6),2
Bad_Girls_Club_(season_6),Bad_Girls_Club_(season_5),2
Bad_Girls_Club_(season_8),Bad_Girls_Club_(season_9),2
Bad_Girls_Club_(season_9),Bad_Girls_Club_(season_4),2
Bad_Girls_Club_(season_4),Bad_Girls_Club_(season_7),2
Bad_Girls_Club_(season_8),Bad_Girls_Club_(season_9),2
Bad_Girls_Club_(season_9),Bad_Girls_Club_(season_10),2
Bad_Girls_Club_(season_10),Bad_Girls_Club_(season_5),2
Bad_Girls_Club_(season_5),Bad_Girls_Club_(season_4),1
Bad_Girls_Club_(season_4),Bad_Girls_Club_(season_6),2
Bad_Girls_Club_(season_6),Bad_Girls_Club_(season_10),2
Bad_Girls_Club_(season_10),Bad_Girls_Club_(season_5),2
Bad_Girls_Club_(season_8),Bad_Girls_Club_(season_6),2
Bad_Girls_Club_(season_6),Bad_Girls_Club_(season_4),2
Bad_Girls_Club_(season_4),Bad_Girls_Club_(season_6),2
Bad_Girls_Club_(season_6),Bad_Girls_Club_(season_7),2
Bad_Girls_Club_(season_8),Bad_Girls_Club_(season_1),2
Bad_Girls_Club_(season_1),Bad_Girls_Club_(season_2),2
Bad_Girls_Club_(season_2),Bad_Girls_Club_(season_3),1
Bad_Girls_Club_(season_3),Bad_Girls_Club_(season_10),2
Bad_Girls_Club_(season_10),Bad_Girls_Club_(season_11),2
Bad_Girls_Club_(season_11),Bad_Girls_Club_(season_10),2
Bad_Girls_Club_(season_10),Bad_Girls_Club_(season_9),2
Bad_Girls_Club_(season_9),Bad_Girls_Club_(season_6),2
Bad_Girls_Club_(season_6),Bad_Girls_Club_(season_3),2
Bad_Girls_Club_(season_3),Bad_Girls_Club_(season_2),2
Bad_Girls_Club_(season_2),Bad_Girls_Club_(season_7),1
Bad_Girls_Club_(season_7),Bad_Girls_Club_(season_6),1
Bad_Girls_Club_(season_6),Bad_Girls_Club_(season_9),2
Bad_Girls_Club_(season_9),Bad_Girls_Club_(season_7),2
Bad_Girls_Club_(season_7),Bad_Girls_Club_(season_5),2
Bad_Girls_Club_(season_5),Bad_Girls_Club_(season_3),2
Bad_Girls_Club_(season_3),Bad_Girls_Club_(season_2),2
Bad_Girls_Club_(season_2),Geordie_Shore,4
Geordie_Shore,Bad_Girls_Club_(season_11),3
Bad_Girls_Club_(season_11),Bad_Girls_Club_(season_10),2
Bad_Girls_Club_(season_10),Bad_Girls_Club_(season_9),2
Bad_Girls_Club_(season_9),Bad_Girls_Club_(season_10),2
Bad_Girls_Club_(season_10),Bad_Girls_Club_(season_9),2
Bad_Girls_Club_(season_8),Bad_Girls_Club_(season_7),2
Bad_Girls_Club_(season_7),Bad_Girls_Club_(season_6),1
Bad_Girls_Club_(season_6),Bad_Girls_Club_(season_5),2
Bad_Girls_Club_(season_5),Bad_Girls_Club_(season_4),1
Bad_Girls_Club_(season_4),Bad_Girls_Club_(season_6),2
Bad_Girls_Club_(season_6),Bad_Girls_Club_(season_11),2
Bad_Girls_Club_(season_11),Love_Games:_Bad_Girls_Need_Love_Too,2
Love_Games:_Bad_Girls_Need_Love_Too,Bad_Girls_Club_(season_9),2
Bad_Girls_Club_(season_9),Bad_Girls_Club_(season_5),2
Bad_Girls_Club_(season_5),Bad_Girls_Club_(season_6),2
Bad_Girls_Club_(season_6),Bad_Girls_Club_(season_10),2
Bad_Girls_Club_(season_10),Bad_Girls_Club_(season_11),2
Bad_Girls_Club_(season_11),Bad_Girls_Club_(season_9),2
Bad_Girls_Club_(season_9),Bad_Girls_Club_(season_7),2
Bad_Girls_Club_(season_8),Bad_Girls_Club_(season_5),2
Bad_Girls_Club_(season_5),Bad_Girls_Club_(season_4),1
Bad_Girls_Club_(season_4),Jenni_Rivera,3
Kim_Kardashian,Kourtney_and_Kim_Take_Miami,1
Kourtney_and_Kim_Take_Miami,Kris_Jenner,2
B.A.T._(G.I._Joe),Bat,3
GunZ:_The_Duel,GunZ_2,1
GunZ:_The_Duel,GunZ_2,1
GunZ:_The_Duel,GunZ_2,1
Reddit,User_talk:JonathanMilov,-1
Boundary_layer,Nexon_Co._Ltd.,4
Satanism,User_talk:Burpingz,-1
Lincoln_Memorial,User_talk:We_are_forever,-1
User_talk:We_are_forever,Sprinkles,1
Tibor_Varga_(violinist),User_talk:Fullmetalswift,-1
King_Henry_VIII_School_Abergavenny,Highdown_School,3
Data_definition_language,User_talk:Johnathan29,-1
"Mount_Lookout,_West_Virginia","Kyle,_Texas",4
"Kyle,_Texas",User:Karl_334,-1
"Woodland_Hills,_Los_Angeles",User_talk:Martin451,-1
User_talk:Martin451,Wikipedia:Administrator_intervention_against_vandalism,-1
Troy_Deeney,Wilfried_Zaha,3
Wilfried_Zaha,Adeyfield_School,4
Adeyfield_School,User_talk:Davidlee98,-1
User_talk:Davidlee98,Adeyfield_School,-1
Adeyfield_School,User_talk:Davidlee98,-1
User_talk:Davidlee98,Franck_Ribéry,-1
Talk:Potato,Lemon,3
Lemon,User_talk:Lugia2453,-1
User_talk:Lugia2453,User:Blissbliss101,-1
User:Blissbliss101,Pink,-1
Pink,User_talk:Blissbliss101,-1
User_talk:Blissbliss101,Gravity_Falls,1
Bull_shark,User_talk:Hearidas,-1
Bible_translations_into_Kyrgyz,History_of_the_Aztecs,4
Joe_Root,Mark_Briers,3
Mark_Briers,John_O'Shea,4
Gold_Striker,User_talk:Schlesinger29,-1
P._K._Subban,Chris_Neil,2
Iota,Minesweeper_(video_game),4
Mason_Plumlee,Shane_Battier,2
Mason_Plumlee,Shane_Battier,2
Mamiya_C330,Impulse_economy,7
Impulse_economy,Corey_Stapleton,5
Male_cow,List_of_The_X_Factor_finalists_(UK_series_9),5
Terraria,List_of_Star_Wars_creatures,4
XESDD-AM,Willie_Campbell_(footballer),6
Willie_Campbell_(footballer),List_of_Naruto_characters,4
Salvador_Dalí,User_talk:MelbourneStar,-1
London_Borough_of_Haringey,User:David_Olaru_Mr_Men,-1
User:David_Olaru_Mr_Men,The_Mr._Men_Show,-1
Renault_Clio,User_talk:Hedoport,-1
Supermini,User_talk:David_Olaru_Mr_Men,-1
User_talk:David_Olaru_Mr_Men,Category_talk:Candidates_for_speedy_deletion,-1
Category_talk:Candidates_for_speedy_deletion,User_talk:David_Olaru_Mr_Men,-1
2013–14_Armenian_Premier_League,User_talk:ErevaniQuchi,-1
Dumpling,User_talk:THE_EVIL_CHEESE,-1
Ali_Mehdi,Kip_Sundgaard,-1
Kip_Sundgaard,Meatball,3
Cutting_in_line,Olivia_(given_name),4
Korean_War_Veterans_Memorial,Chicago_Colleens,4
Chicago_Colleens,Vietnam_Veterans_Memorial,3
Grand_Alliance_(League_of_Augsburg),Bear_(gay_culture),3
Bear_(gay_culture),Percy_Fender,4
Percy_Fender,Surgeon_Simulator_2013,4
Rob,Q,3
Q,5,3
McKenzie_River_(Oregon),Talk:McKenzie_River_(Oregon),-1
Catherine_of_Bosnia,Ishak_Bey_Kraloğlu,1
Ishak_Bey_Kraloğlu,User_talk:Anti-NaziCommiFa,-1
User_talk:Anti-NaziCommiFa,Lewis_MacKenzie,-1
Turton_School,Danny_Shittu,4
Turton_School,Twist_and_Pulse,4
Coleraine,Anders_Behring_Breivik,3
Anders_Behring_Breivik,Coleraine,3
Susan_B._Anthony,User_talk:MelbourneStar,-1
Conor_Maynard,Pomegranate,3
Pomegranate,User_talk:Caitlinthough,-1
User_talk:Caitlinthough,Knife,1
Knife,User_talk:Caitlinthough,-1
National_Hotel_disease,Ihda',5
Ihda',VF_Corporation,5
Adewale_Wahab,Gomai_River,5
Gomai_River,Fort_Tejon,4
Stakeholder,Myotragus,5
Sam_Harris_(author),Kazuki_Kaneshiro,3
Kazuki_Kaneshiro,Young_Democrats_of_America,3
Lydia_Davis,2013_Naxal_attack_in_Darbha_valley,4
2013_Naxal_attack_in_Darbha_valley,Gauntlet_(1985_video_game),4
Gauntlet_(1985_video_game),2013_Naxal_attack_in_Darbha_valley,4
The_Freewheelin'_Bob_Dylan,2013_Monaco_Grand_Prix,4
2013_Monaco_Grand_Prix,Thomas_Henry_Huxley,3
Ecological_succession,Wikipedia:Featured_topics/Hurricane_Isabel,-1
Wikipedia:Featured_topics/Hurricane_Isabel,User_talk:Lucascampoli184109,-1
Alex_Harris_(footballer),Cammy_Bell,2
Uplyme,User:Luisluisluis6,-1
User:Luisluisluis6,Willem_Vorsterman,-1
Willem_Vorsterman,Eleanor_Put_Your_Boots_On,4
Pasi_(caste),Khangar_(community),4
Pasi_(caste),User_talk:Salvio_giuliano/General_archive_1,-1
The_Zeitgeist_Movement,Sainsbury's,3
Leaf,User_talk:Bongwarrior,-1
User_talk:Bongwarrior,User_talk:Wizardjake47,-1
Brian_Scalabrine,User_talk:Jcc234,-1
User:Stevie_sarah_louise,Max_Branning,-1
Max_Branning,Karl_Munro,2
Karl_Munro,Roy_Cropper,2
Alfie_Moon,Joel_Dexter,3
Joel_Dexter,Alfie_Moon,3
Grant_Mitchell_(EastEnders),Lola_Pearce,2
Lola_Pearce,Jay_Brown,1
Jay_Brown,Brendan_Brady,3
Brendan_Brady,List_of_Hollyoaks_characters_(2013),2
List_of_Hollyoaks_characters_(2013),Alfie_Moon,2
Alfie_Moon,List_of_EastEnders_characters_(2012),2
List_of_EastEnders_characters_(2012),Carl_Costello,3
Carl_Costello,List_of_EastEnders_characters_(2012),3
List_of_EastEnders_characters_(2012),Tom_Cunningham,2
Tom_Cunningham,List_of_Hollyoaks_characters_(2011),2
List_of_Hollyoaks_characters_(2011),List_of_Emmerdale_characters_(2011),2
List_of_Emmerdale_characters_(2011),Clare_Devine,3
Clare_Devine,List_of_Hollyoaks_characters_(2012),2
List_of_Hollyoaks_characters_(2012),Broadchurch,2
Broadchurch,Danny_Miller_(actor),2
Danny_Miller_(actor),Brendan_Brady,3
Brendan_Brady,Cheryl_Brady,1
Cheryl_Brady,Warren_Fox,1
Clare_Devine,List_of_Hollyoaks_characters_(2011),2
List_of_Hollyoaks_characters_(2011),Steve_John_Shepherd,3
Steve_John_Shepherd,Brendan_Brady,3
Brendan_Brady,Cheryl_Brady,1
Cheryl_Brady,Diane_Sugden,3
Justin_Burton,Texas_Longford,2
Texas_Longford,Michael_Moon_(EastEnders),3
Michael_Moon_(EastEnders),List_of_Hollyoaks_characters_(2013),2
List_of_Hollyoaks_characters_(2013),Vicki_Fowler,2
Roly,User_talk:AnemoneProjectors,-1
User_talk:AnemoneProjectors,List_of_Hollyoaks_characters_(2013),2
List_of_Hollyoaks_characters_(2013),Eddie_Windass,3
Eddie_Windass,Ronnie_Mitchell,3
Sean_Slater,Texas_Longford,3
Texas_Longford,List_of_Hollyoaks_characters_(2011),2
List_of_Hollyoaks_characters_(2011),List_of_Hollyoaks_characters_(2012),2
List_of_Hollyoaks_characters_(2012),Brendan_Brady,1
Brendan_Brady,List_of_Hollyoaks_characters_(2013),2
User:Stevie_sarah_louise,David_Cameron,-1
User:Stevie_sarah_louise,List_of_Emmerdale_characters_(2011),-1
List_of_Emmerdale_characters_(2011),Michael_McIntyre,3
User:Stevie_sarah_louise,Tyler_Moon,-1
User:Stevie_sarah_louise,Spencer_Gray,-1
User:Stevie_sarah_louise,List_of_Hollyoaks_characters_(2013),-1
List_of_Hollyoaks_characters_(2013),List_of_Hollyoaks_locations,1
User:Stevie_sarah_louise,List_of_Hollyoaks_characters_(2013),-1
User:Stevie_sarah_louise,User_talk:Raintheone,-1
User_talk:Raintheone,Eddie_Moon,4
User:Stevie_sarah_louise,Rita_Sullivan,-1
User:Stevie_sarah_louise,Ste_Hay,-1
Ola,Esquites,5
Esquites,Wikipedia:Administrator_intervention_against_vandalism,5
Wikipedia:Administrator_intervention_against_vandalism,Topo,7
Loïc_Rémy,Yoo_Jae-suk,4
User:Imjamesbonci,KylieFever2002,-1
Kat_Slater,Horrid_Henry:_The_Movie,3
Horrid_Henry:_The_Movie,So_Random!,2
So_Random!,List_of_So_Random!_episodes,2
List_of_So_Random!_episodes,So_Random!,1
So_Random!,List_of_So_Random!_episodes,2
List_of_So_Random!_episodes,Jessie_(TV_series),2
Jessie_(TV_series),The_Voice_of_Ireland,4
The_Voice_of_Ireland,Jamelia,1
Walk_with_Me_(album),The_Voice_of_Ireland,2
The_Voice_of_Ireland,EastEnders:_E20,3
EastEnders:_E20,Stacey_Slater,1
Anna_Wing,Hannah_Montana_(season_4),4
Hannah_Montana_(season_4),Dancing_on_Ice,3
Dancing_on_Ice,The_X_Factor_(UK_series_10),2
The_X_Factor_(UK_series_10),Love.Live.Life,2
Love.Live.Life,Morning_Star_(song),1
Template:Taxonomy/Incertae_sedis/Reptilia,Template:Taxonomy/Proganochelydia,-1
Template:Taxonomy/Incertae_sedis/Reptilia,Template:Taxonomy/Chelonia/Superorder,-1
Template:Taxonomy/Chelonia/Superorder,Happy_Tree_Friends,-1
Sam_Adams_(politician),User_talk:I_IS_TEH_MOST_UBER_EXCELLENT!,-1
User_talk:Roland_Petersen,Wikipedia:Sandbox,-1
Benton_Fletcher,Man's_Search_for_Happiness,5
Man's_Search_for_Happiness,"Holy_Trinity_Church,_Kirton",5
Florentino_Pérez,User_talk:Tbhotch,-1
Mahindra_Hockey_Stadium,American_Power_and_the_New_Mandarins,4
American_Power_and_the_New_Mandarins,242nd_Infantry_Division_(Wehrmacht),4
242nd_Infantry_Division_(Wehrmacht),5-lipoxygenase-activating_protein,5
5-lipoxygenase-activating_protein,Wikipedia:Sandbox,5
Wikipedia:Sandbox,User_talk:Pratyya_Ghosh,-1
User_talk:Pratyya_Ghosh,Wikipedia:STiki,-1
Wikipedia:STiki,Seticyphella,6
Seticyphella,User_talk:ManaWorldKing,-1
User_talk:ManaWorldKing,User_talk:!!,-1
User_talk:!!,User_talk:ManaWorldKing,-1
User_talk:ManaWorldKing,User_talk:Bob/autographs,-1
User_talk:Bob/autographs,Diamagnetism,-1
Wikipedia:Edit_filter/False_positives/Reports,Eddsworld,4
Eddsworld,Deadpool,4
Recording_studio,Audio_mixing_(recorded_music),1
Audio_mixing_(recorded_music),Mixing_console,1
Şehzade_Mustafa,Selim_III,2
Selim_III,User:Lemaroto,-1
User:Lemaroto,Mario_Party_9,-1
Mario_Party_9,List_of_video_games_featuring_Mario,2
Fnbox,Zamin_Huseynov,5
Zamin_Huseynov,Roger_H._Chen,5
Mike_Fuentes_(musician),Pierce_the_Veil,1
2013_Stockholm_riots,User_talk:Lepuslept,-1
User_talk:Lepuslept,User_talk:Manway,-1
Toilet_paper,Vic_Fuentes,4
Vic_Fuentes,Mike_Fuentes_(musician),1
Vic_Fuentes,Mike_Fuentes_(musician),1
Methamphetamine,Finale_(The_Office),3
Finale_(The_Office),Hashtag,3
Talk:Feces,Moshing,4
Moshing,RC_Racer,4
RC_Racer,Sandpit,3
Battleship,Common_blackbird,3
Michelle_Keegan,User:Samueljj5555,-1
User:Samueljj5555,Michelle_Keegan,-1
Brendan_Daly_(American_football),43rd_National_Hockey_League_All-Star_Game,4
Sex_worker,The_Smell_of_Telescopes,6
The_Smell_of_Telescopes,Custard,4
Happy_Gilmore,User_talk:Louisiana1600,-1
Bryce_Harper,Ndamukong_Suh,3
Mojang,Rod_Blagojevich,3
Battle_of_Madab,Departments_of_France,4
U-matrix,Wikipedia:Sandbox,5
Wikipedia:Sandbox,Rottweiler,-1
Damien_Brunner,Bryce_Harper,4
Bryce_Harper,Pavel_Datsyuk,3
Portal_talk:Arts,The_arts,2
Wikipedia_talk:Child_protection,Talk:Cliff_Bleszinski,-1
Wikipedia_talk:Child_protection,Latvia,3
Latvia,User_talk:Jimbo_Wales,-1
User_talk:Jimbo_Wales,Karelian_ssr,-1
Karelian_ssr,User_talk:Jimbo_Wales,-1
Wikipedia_talk:Child_protection,Ginseng_coffee,4
Ginseng_coffee,Ginseng,4
Ginseng,Ginseng_coffee,1
Ginseng_coffee,User_talk:Jimbo_Wales,-1
User_talk:Jimbo_Wales,Ginseng_Coffee,3
Wikipedia:Miscellany_for_deletion/User:HRH_Prince_Hashel,User:JohnCD/Not_a_noticeboard,-1
2013_World_Table_Tennis_Championships,Thescelosaurus,4
The_Torkelsons,One_(Swedish_House_Mafia_song),4
One_(Swedish_House_Mafia_song),Kidz_Bop_23,3
Kidz_Bop_23,Kidz_Bop,1
List_of_Unicode_characters,Lycian_alphabet,2
Sydney_Lassick,User_talk:FanforClark12,-1
User_talk:FanforClark12,Grab_It_Here,7
McCrory_Stores,Bohack's,4
Bohack's,Otasco,5
Joe_Root,David_Silva,4
Panama,Wikipedia:Sandbox,4
Randy'L_He-dow_Teton,User_talk:Revelations17,-1
John_Monash,User_talk:Qwertyuioplkjhgfdcxsazxcvbnm,-1
Gulshan-e-Hadeed,User:FU5I0NKIN9,-1
Gulshan-e-Hadeed,Drilliola_emendata,6
Drilliola_emendata,Jewel_block,-1
Jewel_block,User_talk:FU5I0NKIN9,-1
Epic_(2013_film),Family_Guy_(season_10),3
Family_Guy_(season_10),List_of_American_Dad!_episodes,2
List_of_American_Dad!_episodes,The_Last_of_Us,3
November_17,User:Google1998,-1
User:Google1998,Dachau_concentration_camp,-1
Matas_(drug_store),Sabine_Moritz,4
Sabine_Moritz,Organism,3
Dialect,Household_silver,3
Household_silver,Boeing,3
Festoon,Wildlife_smuggling,4
Wildlife_smuggling,"Selwyn_College,_Auckland",4
"Worms,_Germany",Justin_Bieber,3
Justin_Bieber,Poker,3
Poker,One_Direction,3
One_Direction,User_talk:Thydoom,-1
Box,The_Morrígan,3
Royal_Rumble_(2013),User_talk:Yorkerman,-1
User_talk:Yorkerman,User:Yorkerman,-1
User:Yorkerman,Alberto_Del_Rio,-1
Alberto_Del_Rio,List_of_WWE_personnel,2
List_of_WWE_personnel,Alberto_Del_Rio,2
Alberto_Del_Rio,List_of_WWE_personnel,2
List_of_WWE_personnel,User_talk:Jarkeld,-1
User_talk:Jarkeld,User_talk:STATicVapor,-1
User_talk:STATicVapor,List_of_WWE_personnel,4
List_of_WWE_personnel,Alberto_Del_Rio,2
Alberto_Del_Rio,List_of_WWE_personnel,2
List_of_WWE_personnel,User_talk:Yorkerman,-1
"Greensboro,_North_Carolina",User_talk:Lockemycody,-1
User_talk:Peridon,User:Peridon,-1
User:Peridon,Wikipedia:Requests_for_undeletion,-1
User_talk:Peridon,Conservative_Party_(UK),-1
Conservative_Party_(UK),User_talk:JESLabour,-1
User_talk:Peridon,Southend-on-Sea_Borough_Council,-1
Southend-on-Sea_Borough_Council,Wikipedia:Sockpuppet_investigations/JESLabour/Archive,-1
Wikipedia:Sockpuppet_investigations/JESLabour/Archive,User:MusikAnimal/old_userpage,-1
User:MusikAnimal/old_userpage,Wikipedia:Sockpuppet_investigations/JESLabour/Archive,-1
Wikipedia:Sockpuppet_investigations/JESLabour/Archive,James_Duddridge,-1
M._Night_Shyamalan,Devil_(2010_film),2
Barry_Williams_(actor),Townsend_Saunders,4
User:Koalas11111/sandbox,Hunter-gatherer,-1
Matthew_Bryden,Al-Shabaab_(militant_group),2
Matthew_Bryden,Sanaag,2
Matthew_Bryden,Talk:Adal_Sultanate,-1
Talk:Adal_Sultanate,Sanaag,3
Mummy,User_talk:Morgajor0,-1
Bengal_tiger,User:Montyman21/sandbox,-1
Low-level_programming_language,User_talk:Donner60,-1
User_talk:Donner60,User:Donner60,-1
User:Donner60,User_talk:Migcluc123,-1
User_talk:Migcluc123,User:Donner60,-1
User:Donner60,User_talk:Migcluc123,-1
User_talk:Migcluc123,User:Donner60,-1
User:Donner60,User:Howicus,-1
User:Howicus,User:Donner60,-1
User:Donner60,User_talk:Donner60,-1
User_talk:Donner60,User:Donner60,-1
User:Donner60,User_talk:Migcluc123,-1
Eddsworld,Deadpool,4
Matthew_Flinders,Allan_Dick_(politician),5
Sandakan_Death_Marches,Ed_Sheeran,3
Ed_Sheeran,Rhys_Taylor,4
Institutional_racism,User_talk:Webclient101,-1
Thor_(film),User_talk:Joemiks,-1
User_talk:Joemiks,Calculator,4
Thor_(film),Joppenbergh_Mountain,4
Joppenbergh_Mountain,Richard_Wagner,2
User_talk:Bensmith9918,Surfleet,1
Surfleet,Pitch_Perfect,4
Joe_Flacco,Bryce_Harper,3
Bryce_Harper,Bangarang_(EP),4
Fox_Sports_Networks,Coal,2
Coal,User_talk:Jschnur,-1
User:Kushaan/Young_Samurai:_The_Ring_of_Water,Lap_dog,-1
Lap_dog,User_talk:Kushaan,-1
User_talk:Kushaan,Lap_dog,2
Lap_dog,User_talk:Kushaan,-1
User_talk:Kushaan,Pug,1
Pug,User:Kushaan/sandbox,-1
User:Kushaan/sandbox,User_talk:Kushaan/sandbox,-1
QWERTY,Henry,3
Beats_Electronics,User_talk:Lugia2453,-1
List_of_United_States_presidential_assassination_attempts_and_plots,Anarchism,2
Peter_Robinson_(politician),User_talk:Raul654,-1
User_talk:Raul654,"Arthur_Wellesley,_1st_Duke_of_Wellington",3
"Arthur_Wellesley,_1st_Duke_of_Wellington",List_of_countries_by_number_of_military_and_paramilitary_personnel,3
List_of_countries_by_number_of_military_and_paramilitary_personnel,User:Jacktraynor98/sandbox,-1
User:Jacktraynor98/sandbox,1998,-1
Darren_Shan,"Hugh_O'Neill,_Earl_of_Tyrone",3
"Hugh_O'Neill,_Earl_of_Tyrone",Peter_O'Toole,3
Peter_O'Toole,Hurricane_Debbie_(1961),4
Hurricane_Debbie_(1961),List_of_countries_by_number_of_military_and_paramilitary_personnel,3
List_of_countries_by_number_of_military_and_paramilitary_personnel,Johnny_Logan_(singer),3
Stevan_Jovetić,Alex_Oxlade-Chamberlain,2
Alex_Oxlade-Chamberlain,Marouane_Chamakh,2
Luka_Modrić,User:Mattythewhite,-1
Pixel,User_talk:Discospinster,-1
User_talk:Discospinster,Talk:Pixel,-1
Talk:Pixel,User_talk:Enderchestfrantic,-1
User_talk:Enderchestfrantic,User_talk:Discospinster,-1
User_talk:Discospinster,Talk:Pixel,-1
Talk:Pixel,Wikipedia:Administrators'_noticeboard/Incidents,5
Wikipedia:Administrators'_noticeboard/Incidents,Wikipedia:Competence_is_required,-1
Wikipedia:Competence_is_required,User_talk:Racerx11,-1
User_talk:Racerx11,Wikipedia:Administrator_intervention_against_vandalism,5
Wikipedia:Administrator_intervention_against_vandalism,Wikipedia:Competence_is_required,-1
Wikipedia:Competence_is_required,User_talk:Enderchestfrantic,-1
The_Aloof,User_talk:Racerx11,-1
Yossi_Benayoun,Mario_Götze,3
Mario_Götze,Bibras_Natkho,3
Reuven_Oved,Adi_Nimni,3
Energy_transfer,User:Bruce1ee,-1
User:Bruce1ee,O-Zone,3
Florida_Atlantic_University_High_School,Boca_Raton_Community_High_School,3
User_talk:ThePartyposse,Bart_Simpson,-1
User_talk:Entergarch,Jazz,1
History_of_video_game_consoles_(eighth_generation),PlayStation_4,1
PlayStation_4,Our_Lady's_Catholic_College,4
Our_Lady's_Catholic_College,PlayStation_4,-1
PlayStation_4,User_talk:Lucrio98,-1
User_talk:Lucrio98,Xbox_One,-1
Xbox_One,Our_Lady's_Catholic_College,-1
Our_Lady's_Catholic_College,User:MelbourneStar,-1
Advanced_Global_Trading,User_talk:Gamoveragt,-1
Advanced_Global_Trading,User_talk:Gamoveragt,-1
Advanced_Global_Trading,Wikipedia:Articles_for_deletion/Advanced_Global_Trading,-1
Rabbids_Land,List_of_Roman_deities,4
User_talk:Mattsoles,Rakuno_Gakuen_University,5
Rakuno_Gakuen_University,Mark_Birkinshaw,6
Mark_Birkinshaw,Wikipedia:Teahouse/Guests/Right_column,-1
Wikipedia:Teahouse/Guests/Right_column,Loïc_Rémy,-1
Loïc_Rémy,User:Mattsoles,-1
User:Mattsoles,Wikipedia:Teahouse/Guests/Right_column,-1
Wikipedia:Teahouse/Guests/Right_column,User:Mattsoles,-1
User:Mattsoles,Wikipedia:Teahouse/Guests/Right_column,-1
Ormiston_College,User_talk:DonkyGuy92,-1
Jai_Hanuman,School_District_37_Delta,5
Headphones,Wikipedia:STiki,-1
Wikipedia:STiki,Iron_Man,4
Iron_Man,Beats_Electronics,3
"Talk:The_""P""_(Cal_Poly_San_Luis_Obispo)","Talk:California_State_Polytechnic_University,_Pomona",-1
"Talk:California_State_Polytechnic_University,_Pomona","User:Marco_Guzman,_Jr",-1
Integer,User_talk:Smileguy91,-1
User_talk:Smileguy91,User_talk:Mynameisrichard,-1
User_talk:Mynameisrichard,User_talk:Smileguy91,-1
User_talk:Smileguy91,User_talk:Mynameisrichard,-1
User_talk:Mynameisrichard,User:Mynameisrichard,-1
User:Mynameisrichard,User_talk:Mynameisrichard,-1
User_talk:Mynameisrichard,User_talk:Smileguy91,-1
User_talk:Smileguy91,Wikipedia:Administrator_intervention_against_vandalism,3
Wikipedia:Administrator_intervention_against_vandalism,User_talk:Mynameisrichard,-1
User_talk:Mynameisrichard,Wikipedia:Requests_for_page_protection,-1
Wikipedia:Requests_for_page_protection,User_talk:Smileguy91,-1
Mt_Maria_College,User:2001:db8,-1
Mt_Maria_College,User:Racerx11,-1
Talk:Mulan_(1998_film),Talk:George_W._Bush,-1
Stanley_High_School_(Southport),User_talk:GOTLid,-1
User_talk:GOTLid,Ofsted,-1
Ian_Terry_(game_designer),Temecula_Valley_High_School,5
Temecula_Valley_High_School,User_talk:Drake12321,-1
User:Ccoleman01,2013–14_United_States_network_television_schedule,-1
2013–14_United_States_network_television_schedule,TY,5
Pterosaur,User_talk:Daonguyen95,-1
User_talk:Daonguyen95,Mulholland_Drive_(film),5
Mulholland_Drive_(film),"Catherine,_Duchess_of_Cambridge",3
Kevin_Brooks_(writer),IBUS_(device),6
IBUS_(device),International_Association_of_Libraries_and_Museums_of_the_Performing_Arts,5
International_Association_of_Libraries_and_Museums_of_the_Performing_Arts,Bad_Salzig,4
Waiapu_River,Wikipedia:STiki,-1
Wikipedia:STiki,The_Gladiator_(1986_film),4
The_Gladiator_(1986_film),Tripura,4
Tripura,Bill_Foster_(mayor),4
Bill_Foster_(mayor),Neil_deGrasse_Tyson,3
Anderlecht,User_talk:Realmadridhater,-1
User_talk:Realmadridhater,Guy_of_Anderlecht,1
Guy_of_Anderlecht,User_talk:Realmadridhater,-1
User_talk:Realmadridhater,List_of_people_with_surname_Dick,6
List_of_people_with_surname_Dick,User_talk:Realmadridhater,-1
User_talk:Realmadridhater,List_of_people_with_surname_Dick,6
List_of_people_with_surname_Dick,User_talk:Realmadridhater,-1
Mujhe_Kucch_Kehna_Hai,Manchac_Swamp_Bridge,5
Manchac_Swamp_Bridge,Times_Square,3
"Barack_Obama,_Sr.",User_talk:Bananaboyzz,-1
"Barack_Obama,_Sr.",Black_Joke,4
Black_Joke,Thrift_Shop,3
Thrift_Shop,User_talk:Bananaboyzz,-1
Leeroy_Jenkins,Jack_MacDonald_(communist),5
Jack_MacDonald_(communist),Voice_over_IP,4
Province_of_New_York,User_talk:Widr,-1
User:Essa1212/sandbox,Bag,-1
User:MyNameIsNotTadpole,User_talk:MyNameIsNotTadpole,-1
User_talk:MyNameIsNotTadpole,Talk:Tadpole,6
Talk:Tadpole,Tadpole,2
Foreigner_(band),User_talk:Gogo_Dodo,-1
User_talk:Gogo_Dodo,User_talk:MyNameIsNotTadpole,-1
User_talk:MyNameIsNotTadpole,Foreigner_(band),3
Tadpole,User_talk:Gogo_Dodo,-1
User_talk:Gogo_Dodo,User_talk:MyNameIsNotTadpole,-1
User_talk:MyNameIsNotTadpole,Foreigner_(band),3
Foreigner_(band),User_talk:Racerx11,-1
User_talk:Racerx11,User_talk:MyNameIsNotTadpole,-1
Lutheran_High_School_North_(Texas),User:BigJFreeeb,-1
User:BigJFreeeb,Mario_Götze,-1
"Byron_Center,_Michigan",User_talk:Philip_Trueman,-1
User_talk:Philip_Trueman,User_talk:Ratchet_Cookie_Monster,-1
Bedouin,User_talk:Wornesy99,-1
Bedouin,User_talk:Wornesy99,-1
Fort_Sumter,Madden_NFL_13,4
Madden_NFL_13,Ron_Jeremy,3
Russian_submarine_Kursk_(K-141),Edward_Howard_(admiral),3
St._Louis_Argus,Llandaff_Fields,4
Llandaff_Fields,1984_in_jazz,5
1984_in_jazz,Complex_base_systems,5
Complex_base_systems,User:LBche,-1
Kidz_Bop_23,Winter,4
Hentai,Hurricane_Sandy,3
Hurricane_Sandy,Barney's_Hide_&_Seek_Game,4
Barney's_Hide_&_Seek_Game,4Kids_TV,3
4Kids_TV,Barney's_Hide_&_Seek_Game,4
Barney's_Hide_&_Seek_Game,Talk:Barney's_Hide_&_Seek_Game,-1
Talk:Barney's_Hide_&_Seek_Game,Barney_&_Friends,-1
Barney_&_Friends,Talk:Barney_&_Friends,-1
Talk:Barney_&_Friends,Barney_&_Friends,-1
Barney_&_Friends,Talk:Barney_&_Friends,-1
Talk:Barney_&_Friends,Dora_the_Explorer,-1
Dora_the_Explorer,Talk:Dora_the_Explorer,-1
Talk:Dora_the_Explorer,Dora_the_Explorer,5
Dora_the_Explorer,Talk:Dora_the_Explorer,-1
Talk:Dora_the_Explorer,Dora_the_Explorer,5
Dora_the_Explorer,Talk:Dora_the_Explorer,-1
Talk:Dora_the_Explorer,Dora_the_Explorer,5
Dora_the_Explorer,Talk:Dora_the_Explorer,-1
Talk:Dora_the_Explorer,User_talk:BetterSkatez,-1
Bialik_College,User:Silvea12/sandbox,-1
Bialik_College,User:Silvea12/sandbox,-1
Bialik_College,User:Silvea12/sandbox,-1
New_Orleans_Pelicans,Wild_Wing_Cafe,2
Wild_Wing_Cafe,New_Orleans_Saints,3
User_talk:NoseboR_haoN,"Barack_Obama,_Sr.",1
User_talk:NoseboR_haoN,Lincoln_Public_Schools,1
WWE_World_Heavyweight_Championship,History_of_WWE,2
History_of_WWE,WrestleMania_29,1
WrestleMania_29,Grand_Slam_Championship,2
Grand_Slam_Championship,History_of_WWE,2
Grand_Slam_Championship,History_of_WWE,2
Template:Pp-pc2/doc,User_talk:Kaisboxing123999,-1
User_talk:Moxy,Î,4
Wikipedia:Requests_for_undeletion,User_talk:STATicVapor,-1
User_talk:STATicVapor,User:STATicVapor/Eastwood,-1
User:STATicVapor/Eastwood,My_Beautiful_Dark_Twisted_Fantasy,3
My_Beautiful_Dark_Twisted_Fantasy,Kendrick_Lamar,2
Kendrick_Lamar,Wikipedia:Edit_filter/False_positives/Reports,-1
Wikipedia:Edit_filter/False_positives/Reports,2013_in_hip_hop_music,3
File:Amanda_Todd_-_01.jpg,Prince_George_of_Denmark,-1
Norval_Morrisseau,User_talk:Thetruthaboutnorval,-1
BattleBlock_Theater,Me_gusta,3
Me_gusta,Hamburg,2
Hamburg,User_talk:Mjbol,-1
List_of_longest_suspension_bridge_spans,Thrift_Shop,3
Wikipedia:WikiProject_Classical_Greece_and_Rome,Halo_(religious_iconography),4
Edwin_R._Taber,R._V._Pre_University_College,-1
R._V._Pre_University_College,Mait_Künnap,4
Matt_Merullo,User_talk:S23994,-1
P._K._Subban,Security,3
America's_Got_Talent_(season_3),Music_Bank_(TV_series),3
Climax,Spear_chucker,-1
Spear_chucker,Swagger,5
Threshold_of_originality,Template:Xpd/doc,-1
Template:Xpd/doc,Template:CURRENTYEARCC/doc,-1
Template:CURRENTYEARCC/doc,Wikipedia_talk:Twinkle,-1
Wikipedia_talk:Twinkle,List_of_Bible_verses_not_included_in_modern_translations,4
Ri_Myong-guk,Glenn_Lazarus,3
Xenophon,User:Howicus,-1
User:Howicus,User_talk:The_almighty_stevens,-1
James_Curnow,Ed_Sheeran,4
Wikipedia:Sockpuppet_investigations/Vvv321,Wikipedia:Sockpuppet_investigations/SPI/Clerks,-1
Wikipedia:Sockpuppet_investigations/SPI/Clerks,Wikipedia:Sockpuppet_investigations/Cases/Overview,-1
Bromborough,South_Wirral_High_School,3
South_Wirral_High_School,Bromborough,2
KOMB,Shooting_at_the_1988_Summer_Olympics_–_Women's_50_metre_rifle_three_positions,5
Shooting_at_the_1988_Summer_Olympics_–_Women's_50_metre_rifle_three_positions,Jimmy_Ward_(banjo_player),5
Jimmy_Ward_(banjo_player),Bromborough,4
Cute_(disambiguation),User_talk:71.90.214.112,-1
User_talk:71.90.214.112,Cute_(disambiguation),1
Penis_transplantation,IPhone_4,4
IPhone_4,EastEnders,3
Conscription_in_South_Korea,Wikipedia_talk:Edit_filter,-1
Wikipedia_talk:Edit_filter,User_talk:Werdna,-1
User_talk:Werdna,User_talk:LotsaSpaghetti333,-1
The_Girl_with_the_Dragon_Tattoo,OMGPop,4
Shrek_(character),Wikipedia:Sandbox,5
Wikipedia:Sandbox,Lord_Farquaad,-1
Latin,Pauls_Stradins_Clinical_University_Hospital,4
Pauls_Stradins_Clinical_University_Hospital,A_Child_of_the_Revolution,5
What_Makes_You_Beautiful,Live_While_We're_Young,2
Live_While_We're_Young,British_Invasion,2
British_Invasion,Up_All_Night_(One_Direction_album),3
Up_All_Night_(One_Direction_album),Take_Me_Home_(One_Direction_album),1
Stuart_Sutcliffe,LOL_(2012_film),4
LOL_(2012_film),Gumdrop,4
Duke_Nukem_Forever,Halo_4,2
Belize,User:CoMeToBeDeYeS1029384756,-1
User:CoMeToBeDeYeS1029384756,Squirrel_(horse),-1
Squirrel_(horse),KuMoHa_12,5
KuMoHa_12,Chapel-en-le-Frith_High_School,5
Chapel-en-le-Frith_High_School,Fossil_Parks_of_India,4
Patti_Deutsch,Jimmy_Foster_(racing_driver),5
Jimmy_Foster_(racing_driver),Major_Lance's_Greatest_Hits_Recorded_Live_At_The_Torch,6
Chatham_Grammar_School_for_Boys,Kadanthodu,-1
Kadanthodu,Oxford_City_Nomads_F.C.,4
Tucson_Hebrew_Academy,What_Makes_You_Beautiful,4
What_Makes_You_Beautiful,Live_While_We're_Young,2
Live_While_We're_Young,Locked_Out_of_Heaven,3
Locked_Out_of_Heaven,William_Hartnell,3
Glenn_Whelan,"Michael_Brown_(footballer,_born_1977)",3
"Michael_Brown_(footballer,_born_1977)",Michael_Owen,2
Outlawed_(album),Capture_the_Crown,2
Capture_the_Crown,Make_Me_Famous,1
Make_Me_Famous,Issues_(band),3
Issues_(band),"Woe,_Is_Me",1
"Woe,_Is_Me",Issues_(band),1
Issues_(band),Attack_Attack!,2
Attack_Attack!,Caleb_Shomo,1
Caleb_Shomo,Of_Mice_&_Men_(band),2
Of_Mice_&_Men_(band),Asking_Alexandria_discography,2
Asking_Alexandria_discography,From_Death_to_Destiny,1
From_Death_to_Destiny,Make_Me_Famous,2
Make_Me_Famous,Sumerian_Records_discography,2
Sumerian_Records_discography,Asking_Alexandria,1
Asking_Alexandria,From_Death_to_Destiny,1
From_Death_to_Destiny,User_talk:Zapdos101,-1
User_talk:Zapdos101,User_talk:Vianello,-1
User_talk:Vianello,Jeremy_McKinnon,4
Jeremy_McKinnon,Ronnie_Radke,3
User:TadBondy,User_talk:TadBondy,-1
User_talk:TadBondy,Talk:Ted_Bundy,-1
Talk:Ted_Bundy,D._B._Cooper,4
D._B._Cooper,Talk:Ted_Bundy,-1
Talk:Ted_Bundy,Albert_H._Ellis,5
Albert_H._Ellis,User:Doc9871,-1
User:Doc9871,Bawadi_Taluka,4
Bawadi_Taluka,Hack_Wilson,5
Hack_Wilson,User:David_J_Johnson,-1
User:David_J_Johnson,User_talk:TadBondy,-1
Dundee_United_F.C.,Gary_Mackay-Steven,1
Chicken,User:4twenty42o,-1
User:4twenty42o,711,4
Club_Universidad_Nacional,User_talk:Zzuuzz,-1
Lexington_Christian_Academy_(Massachusetts),User_talk:NawlinWiki/Archive_78,-1
Lexington_Christian_Academy_(Massachusetts),User_talk:Edwardteachlives,-1
Alcatraz_Island,User:Bzarking,-1
Georgie_Pie,"Glenside,_New_Zealand",3
Onslow_College,User_talk:115.188.235.228,-1
Dirk_Hayhurst,User:DaHuzyBru,-1
User:DaHuzyBru,User_talk:DaHuzyBru,-1
User_talk:DaHuzyBru,"Greg_Smith_(basketball,_born_1991)",3
"Greg_Smith_(basketball,_born_1991)",User_talk:Nhlfan1456,-1
"Lancaster_High_School_(Lancaster,_California)",Rene_Enriquez_(mobster),5
Rene_Enriquez_(mobster),Antelope_Valley_Union_High_School_District,3
Atherton_State_High_School,User_talk:RangoJango,-1
Wikipedia:Requests_for_adminship/KumiokoCleanStart,User_talk:Jasper_Deng,-1
User_talk:Jasper_Deng,User_talk:Jasper_Deng/Nonconfirmed,-1
User_talk:Jasper_Deng/Nonconfirmed,User_talk:Rschen7754,-1
User_talk:Rschen7754,User_talk:Materialscientist,-1
User_talk:Materialscientist,User_talk:PetriTheSillyCat,-1
Nathan_Jones_(wrestler),Ballarat_Christian_College,5
Rutan_Defiant,Kherva,5
Kherva,Ortwin,5
Carlton_Football_Club,Flame_robin,4
Flame_robin,Stephen_Dank,5
Titanoboa,Super_Bowl_XLVII,4
Australian_Mathematics_Competition,Beethoven's_musical_style,4
Talk,User_talk:Madamedefaulter24,-1
User_talk:Madamedefaulter24,Curtain,-1
Curtain,User:Karl_334,-1
Incredible_Crew,Fanboy_&_Chum_Chum,2
Never_Shout_Never,User_talk:NorthBySouthBaranof,-1
Anthony_Knockaert,Richard_Branson,3
Richard_Branson,User_talk:Sato1212,-1
User_talk:Sato1212,User_talk:William_Avery/Archive_10,-1
User_talk:William_Avery/Archive_10,User_talk:Jabberwockgee,-1
User_talk:Jabberwockgee,User_talk:Sato1212,-1
User_talk:Sato1212,List_of_Nazis_(A–E),2
List_of_Nazis_(A–E),List_of_Nazis_(F–K),1
Royal_Albert_Hall,Bollito,-1
Wikipedia:Main_Page/Errors,Talk:Canada,-1
PlayStation,Far_Cry_3,2
The_Hangover_Part_III,John_Goodman,1
Delta_Air_Lines_destinations,Wikipedia:Administrator_intervention_against_vandalism,4
Wikipedia:Administrator_intervention_against_vandalism,User_talk:QQ_Madness,-1
This_Is_the_End,User:Vincent_Liu,-1
User:Vincent_Liu,Flipped_(film),3
Flipped_(film),Kevin_Hart,3
Kevin_Hart,Think_Like_a_Man,1
Think_Like_a_Man,Jaden_Smith,3
Jaden_Smith,Jacob_Latimore,3
Jacob_Latimore,The_Maze_Runner_(film),1
The_Maze_Runner_(film),The_Clique_(series),3
The_Clique_(series),List_of_programs_broadcast_by_MTV,2
Rabbids_Land,Chocolate_milk,4
Inception,Django_Unchained,2
Django_Unchained,Parras_Middle_School,-1
Parras_Middle_School,User_talk:Paulb151,-1
User_talk:Paulb151,Oblivion_(2013_film),3
Oblivion_(2013_film),The_Avengers_(2012_film),3
Yahweh_(disambiguation),Wikipedia:Edit_filter/False_positives/Reports,-1
Wikipedia:Edit_filter/False_positives/Reports,Yahweh_(disambiguation),4
Yahweh_(disambiguation),User_talk:Yhusha',-1
User_talk:Yhusha',User:Yhusha',-1
User:Yhusha',Yahweh_(disambiguation),-1
Yahweh_(disambiguation),User_talk:Hmrox,-1
User_talk:Hmrox,Yahweh_(disambiguation),5
Yahweh,User_talk:Glacialfox,-1
User_talk:Glacialfox,Yahweh_(disambiguation),5
Yahweh_(disambiguation),User_talk:Glacialfox,-1
User_talk:Glacialfox,Yahweh_(disambiguation),5
Israeli_Apartheid_Week,User_talk:Andyjsmith,-1
User_talk:Andyjsmith,Why_Don't_We_Do_It_in_the_Road?,5
Why_Don't_We_Do_It_in_the_Road?,User_talk:Aaron823,-1
User_talk:Aaron823,User:Aaron823,-1
User:Aaron823,Palestine_Liberation_Organization,-1
Palestine_Liberation_Organization,User:Hmrox,-1
User:Hmrox,Israeli–Palestinian_conflict,-1
Israeli–Palestinian_conflict,User_talk:Acetotyce,-1
User_talk:Acetotyce,User_talk:Aaron823,-1
User_talk:Aaron823,State_of_Palestine,2
State_of_Palestine,User_talk:Aaron823,-1
Bo_Jackson,User_talk:MachineJxm,-1
Endangered_Species_Act,User_talk:MachineJxm,-1
Kidz_Bop,User_talk:Boykid6,-1
User_talk:Boykid6,65_(number),5
Parkour,The_Heist_(album),4
Hair_coloring,Jessie_(TV_series),3
Jeremy_Bamber,Mick_Philpott,4
Mick_Philpott,Is_This_the_Way_to_Amarillo,3
User_talk:DerHexer,Wikipedia:Administrator_intervention_against_vandalism,5
C++,User:Jigen_III,-1
Theodore_Rex_(film),The_Hunger_Games:_Catching_Fire,3
Talk:The_Dam_Busters_March,Talk:Henry_VII_of_England,-1
Simple_machine,User_talk:Seacowpowah,-1
Talk:Macklemore,The_Heist_(album),-1
Tim_Hortons,User_talk:Mo_ainm,-1
Sir_Robert_Borden_High_School,User_talk:WikiDan61,-1
Halifax_Range,Olly_Murs,4
Olly_Murs,Monster_Energy,3
Monster_Energy,Duck_Dynasty,3
Duck_Dynasty,Vitoria,4
Royal_Saskatchewan_Museum,User:Tab8/sandbox,-1
User:Tab8/sandbox,Royal_Saskatchewan_Museum,-1
Royal_Saskatchewan_Museum,User:Tab8,-1
User:Tab8,Chris_Hadfield,-1
Who_Wants_to_Be_a_Millionaire?,The_Million_Pound_Drop,2
The_Million_Pound_Drop,Pound_(mass),2
"Muff,_County_Donegal",Wikipedia:Tutorial/Formatting/sandbox,-1
Wikipedia:Tutorial/Formatting/sandbox,User:Padre_Pirlo,-1
User:Padre_Pirlo,Derry,-1
Yoo_Seung-jun,Talk:Yoo_Seung-jun,1
Talk:Yoo_Seung-jun,User_talk:Yukonjack26,-1
Yoo_Seung-jun,User_talk:Yukonjack26,-1
"Foundation_of_Trujillo,_Peru",Buses_in_Sydney,4
"Foundation_of_Trujillo,_Peru",User_talk:Kafe123456789,-1
User_talk:Kafe123456789,Indigenous_peoples,-1
Talk:Theodore_Roosevelt,Talk:Unicorn_(disambiguation),-1
Ash_Ketchum,Jewish_News_of_Greater_Phoenix,3
Jewish_News_of_Greater_Phoenix,Nintendo_3DS,4
T-max,User:AizaPendon,-1
User:AizaPendon,Vishuddha,-1
Sverker_I_of_Sweden,Wikipedia:GettingStarted,-1
Wikipedia:GettingStarted,Datagram,4
Matas_(drug_store),User_talk:AizaPendon,-1
Half-Life_2,User_talk:WEEGEEN8OR1337,-1
User_talk:WEEGEEN8OR1337,Zealand,-1
Zealand,User_talk:WEEGEEN8OR1337,-1
Arnaud_Le_Lan,Papyrus_27,4
Papyrus_27,Gaudineer_Scenic_Area,5
Windows_7,User_talk:Sprinklegummies,-1
User_talk:Sprinklegummies,"Faculty_of_Education,_Law_and_Social_Sciences_(Birmingham_City_University)",-1
"Faculty_of_Education,_Law_and_Social_Sciences_(Birmingham_City_University)",Mike_Sorber,4
Mike_Sorber,User_talk:Sprinklegummies,-1
Cockney,User:Guat6,-1
User:Guat6,Bow_bells,-1
Bow_bells,User_talk:Whitechristian2013,-1
User_talk:Whitechristian2013,Wikipedia:Teahouse/Questions,-1
Wikipedia:Teahouse/Questions,User_talk:99.39.166.245,-1
User_talk:99.39.166.245,User_talk:98.110.252.232,-1
User_talk:98.110.252.232,User_talk:208.176.74.98,-1
User_talk:208.176.74.98,User_talk:PinkAmpersand,-1
User_talk:PinkAmpersand,Wikipedia:Administrator_intervention_against_vandalism,5
Wikipedia:Administrator_intervention_against_vandalism,User:The_Anonymouse,-1
User:The_Anonymouse,User_talk:The_Anonymouse,-1
User_talk:The_Anonymouse,Wikipedia:Administrator_intervention_against_vandalism,-1
January_4,List_of_Pokémon_(152–201),4
Surgical_technologist,User_talk:Hmrox,-1
Surgical_technologist,Wikipedia:Sandbox,5
Joe_Montana,Geno_Smith,2
Geno_Smith,Brock_Osweiler,2
Brock_Osweiler,Andrew_Luck,2
Andrew_Luck,Nick_Foles,2
Nick_Foles,Christian_Ponder,3
Christian_Ponder,Ryan_Fitzpatrick,3
Andy_Dalton,EJ_Manuel,2
Alexander_Fleming,Portal:Science/Featured_article/22,-1
Portal:Science/Featured_article/22,SpaceShipTwo,-1
Johannes_Kepler,Chris_Christie,3
Halloween_II_(2009_film),Nobelium,3
Nobelium,The_Hunger_Games_(film),4
Gender_Bender_(The_X-Files),Nathaniel_Thomas,5
Nathaniel_Thomas,Gender_Bender_(The_X-Files),5
User:Mirvworks,Ixchel,-1
Africans,User:Conathon12/sandbox,-1
User:Conathon12/sandbox,Tampa_Bay_Rays,-1
Tampa_Bay_Rays,Amnesia:_The_Dark_Descent,3
Amnesia:_The_Dark_Descent,User_talk:Conathon12,-1
Alexander_Ovechkin,"Mont-Élie,_Quebec",-1
Adriana_Lima,Beau_Walker,4
Beau_Walker,Delta_Goodrem,3
ExxonMobil,Sun_Pharmaceutical,3
User_talk:My_Flight,Motocross,4
"Central_Baptist_Church,_Southampton",Vyacheslav_Volodin,5
Vyacheslav_Volodin,Ash_Town_railway_station,5
Year_2000_problem,User_talk:Personguyperson,-1
DayZ,Americas,3
Americas,Call_of_Duty:_Ghosts,3
Call_of_Duty:_Ghosts,Americas,2
Wikipedia:Administrator_intervention_against_vandalism,User_talk:NorthBySouthBaranof,-1
Monte_Piana,Battlefield_Play4Free,5
Battlefield_Play4Free,Blockhouse_Bay,5
Blockhouse_Bay,Crime_in_New_Zealand,2
Crime_in_New_Zealand,New_Zealand,1
Shigeto_Tsuru,"Battle_Mountain,_Nevada",4
Koreans,User_talk:Gogo_Dodo,-1
N.W.A,The_Lord_of_the_Rings_(film_series),3
Radish,Jessica_Jung,3
Asdrúbal_Cabrera,Mike_Trout,2
Mike_Trout,Kate_Upton,3
Kate_Upton,"Ken_Griffey,_Jr.",3
"New_Jersey_gubernatorial_election,_2013",Barbara_Buono,1
Barbara_Buono,Carl_Bergmanson,3
Carl_Bergmanson,"New_Jersey_gubernatorial_election,_2009",2
Internet_Explorer_10,MacBook,3
IOS,IMessage,1
IMessage,PlayStation_2,3
Encyclopædia_Britannica,User_talk:WikiDan61,-1
Ash_Hollow_State_Historical_Park,Sonamukhi_College,5
Sonamukhi_College,Gabriel_Liiceanu,4
David_Guetta,User:Bob_Esponja_Pingunço,-1
User:Bob_Esponja_Pingunço,Gigi_D'Agostino,-1
Gigi_D'Agostino,"Rachel_Chiesley,_Lady_Grange",4
"Rachel_Chiesley,_Lady_Grange",Psy,4
David_Guetta,User:Krenair,-1
User:Krenair,User_talk:Marcos_Infeliz,-1
User_talk:Marcos_Infeliz,User_talk:Krenair,-1
User_talk:Krenair,"Rachel_Chiesley,_Lady_Grange",4
"Rachel_Chiesley,_Lady_Grange",User:Krenair,-1
User:Krenair,Another_Night,-1
The_Penguins_of_Madagascar,User_talk:Marcos_Infeliz,-1
Coryphaena,User:PeaceEditor112400/sandbox,-1
User:PeaceEditor112400/sandbox,User_talk:PeaceEditor112400,-1
Black_Sabbath,User_talk:I_dream_of_horses,-1
User_talk:I_dream_of_horses,Kid_Ink,5
Kid_Ink,Jaden_Smith,3
Saul_Bass,User_talk:ESkog,-1
User_talk:ESkog,Wikipedia:Administrator_intervention_against_vandalism,3
Wikipedia:Administrator_intervention_against_vandalism,User_talk:GoofyLittleWonder196,-1
Wikipedia:Edit_filter/False_positives/Reports,North_American_B-25_Mitchell,3
Thomas_&_Friends,User_talk:DVdm,-1
User_talk:DVdm,User_talk:Josepht404,-1
Fascism,Wikipedia:Sandbox,4
Wikipedia:Sandbox,Grand_Theft_Auto_IV,-1
Barack_Obama,User:Tarc,-1
User:Tarc,User_talk:Da2956hero,-1
Ranbir_Kapoor,Adavi_Sooravvanahalli,5
Adavi_Sooravvanahalli,Nasal_hair,4
NME,User_talk:Shaun6665,-1
Geelong_Football_Club,Greater_Western_Sydney_Giants,2
Brynne_Edelsten,Rodrigues,3
Rodrigues,User:Ghorpaapi,-1
User:Ghorpaapi,User_talk:Ghorpaapi,-1
"United_States_presidential_election,_2016","United_States_Senate_election_in_Montana,_2014",2
Lean_Back,Wikipedia:Notifications/FAQ,-1
Wikipedia:Notifications/FAQ,Deforestation_by_region,-1
Deforestation_by_region,Damon_Lindelof,4
Osama_bin_Laden,Prometheus_(2012_film),3
Giuseppe_Garibaldi,User:Buggie111,-1
Bobby,Kate_Upton,4
Lehel,User_talk:Asdf1234asdf1234asdf1234,-1
Shravan,User_talk:Paradoxer99,-1
User_talk:Paradoxer99,George_(given_name),1
George_(given_name),Jayden,4
Left_4_Dead,User_talk:Paradoxer99,-1
John_Cooper_(serial_killer),Summer_Moved_On,5
Scatman_John,User_talk:Together_in_electic_dreams,-1
Muttahida_Qaumi_Movement,User_talk:Iahmadz,-1
Template:Doctor_Who,User:Krenair,-1
Oedipus_the_King,User_talk:Paul_August,-1
Oedipus_the_King,Wikipedia:Administrators'_noticeboard,4
The_Joy_of_Sect,HM_Prison_Wakefield,4
HM_Prison_Wakefield,Scatman_John,4
User:Jkaakafjkasjkf,Terraria,-1
User:Jkaakafjkasjkf,User_talk:Jkaakafjkasjkf,-1
User_talk:Jkaakafjkasjkf,The_Who_Tour_1971,5
Indian_Oil_Corporation,Titan_(supercomputer),4
Titan_(supercomputer),Microsoft,2
Mirror's_Edge,Eddsworld,3
Eddsworld,The_Elder_Scrolls,3
The_Elder_Scrolls,User:Meatboy101,-1
User:Meatboy101,Eddsworld,-1
Eddsworld,International_Nurses_Day,4
Profanity,User_talk:Eeekster,-1
User_talk:Eeekster,User_talk:Tbhotch,-1
Jelva,MV_Yulius_Fuchik,5
MV_Yulius_Fuchik,Jerrod_Sessler,7
Jerrod_Sessler,The_Costs_of_Accidents,5
Barclays_Center,User:Luk,-1
Mick_Philpott,Sidney_Cooke,2
Cobie_Smulders,Coltness_High_School,5
United_Parcel_Service,"Rachel_Chiesley,_Lady_Grange",4
"Rachel_Chiesley,_Lady_Grange",Reyhanlı_bombings,4
Reyhanlı_bombings,Dogging_(sexual_slang),4
User_talk:Thewindlord,Legendary_creature,-1
User_talk:Thewindlord,User:Ju4468,-1
User:Ju4468,Melian_dialogue,-1
Melian_dialogue,User_talk:Jim1138,-1
Bicac,Unicycle,4
French,User_talk:Thewindlord,-1
User_talk:Thewindlord,User_talk:Jim1138,-1
User_talk:Jim1138,Wikipedia:Sockpuppet_investigations/Ju4468,-1
René_Higuita,Wikipedia:Sockpuppet_investigations/Phil_LaBrie,-1
Wikipedia:Sockpuppet_investigations/Phil_LaBrie,Robert_Maxwell,-1
Robert_Peary,User_talk:A930913,-1
Robert_Peary,User_talk:A930913,-1
User_talk:A930913,Andy_Friedman,-1
Andy_Friedman,"West_Chester,_Pennsylvania",3
Netherlands,User_talk:Wtmitchell,-1
Caucasian_race,Ethnic_groups_in_Asia,2
Need_for_Speed:_Most_Wanted,Need_for_Speed:_Most_Wanted_(2005_video_game),-1
Need_for_Speed:_Most_Wanted_(2005_video_game),Sock'em_boppers,-1
Vancouver_School,Arnaud_Maggs,3
Arnaud_Maggs,NSCAD_conceptual_art,3
NSCAD_conceptual_art,Mark_Lewis_(artist),3
Mark_Lewis_(artist),Oscar_Cahén,3
Harold_Town,Wikipedia:Administrator_intervention_against_vandalism,5
Wikipedia:Administrator_intervention_against_vandalism,Lisa_Steele,5
OCAD_University,Talk:OCAD_University,-1
Talk:OCAD_University,User_talk:Mobility99,-1
User_talk:Mobility99,Talk:OCAD_University,-1
OCAD_University,Talk:OCAD_University,-1
Talk:OCAD_University,User_talk:Mobility99,-1
OCAD_University,Luca_Marenzio,4
Ian_Carr-Harris,Oscar_Cahén,4
Oscar_Cahén,User:Freshacconci,-1
OCAD_University,Talk:OCAD_University,-1
OCAD_University,Kazuo_Nakamura,3
OCAD_University,Talk:OCAD_University,-1
Talk:OCAD_University,Kazuo_Nakamura,3
Kazuo_Nakamura,User_talk:Mobility99,-1
User_talk:Mobility99,User_talk:ElKevbo,-1
OCAD_University,User_talk:Mobility99,-1
OCAD_University,User_talk:Mobility99,-1
OCAD_University,Wikipedia:Administrator_intervention_against_vandalism,5
Wikipedia:Administrator_intervention_against_vandalism,User_talk:Cncmaster,-1
User_talk:Cncmaster,Wikipedia:Administrator_intervention_against_vandalism,5
Wikipedia:Administrator_intervention_against_vandalism,User_talk:Mobility99,-1
Plymouth_University,Red_Quadrilateral,4
Jan_Terri,User_talk:Hmrox,-1
User_talk:Hmrox,User:Super_Koopa_Trooper,-1
User:Super_Koopa_Trooper,Spaghetti,-1
Spaghetti,User_talk:Hmrox,-1
User_talk:Hmrox,User_talk:Super_Koopa_Trooper,-1
User_talk:Super_Koopa_Trooper,Princess_Daisy_(character),5
Nice,Pee_(South_Park),4
Pee_(South_Park),Marouane_Fellaini,3
We_(disambiguation),"St_Mary's_Cathedral,_Edinburgh_(Roman_Catholic)",4
Due,I,3
I,OK_(disambiguation),4
OK_(disambiguation),Ner,4
Charity_Castle,Olivia_Holt,4
Olivia_Holt,Crash_&_Bernstein,2
User:Barbie879,User:BrandanB,-1
User:BrandanB,User:Yogscastwiki,-1
User:Yogscastwiki,User:BrandanB,-1
User:BrandanB,User:Zerendipity,-1
User:Zerendipity,User:Simon-Cowell456,-1
User:Simon-Cowell456,User:Julia_ogilvy,-1
Centaur_Aisle,2010_Varsity_Cup,4
2010_Varsity_Cup,North_Atlantic_breakup,6
North_Atlantic_breakup,James_Franklin_Bole,5
James_Franklin_Bole,Bandipur,4
Horrible_Histories_(2009_TV_series),"Mitt_Romney_presidential_campaign,_2008",3
Yellowman,User_talk:Bob_Federer,-1
Blood,User_talk:Pumanhaladin,-1
Muscadine,Mark_Sanford_disappearance_and_extramarital_affair,3
Mark_Sanford_disappearance_and_extramarital_affair,Amethyst,3
Watch_Dogs,User:Thetroller821,-1
User:Thetroller821,User_talk:Thetroller821,-1
User_talk:122.166.145.240,User_talk:122.166.145.243,-1
User_talk:122.166.145.243,User_talk:70.114.150.155,-1
User_talk:70.114.150.155,User_talk:70.114.150.45,-1
User_talk:70.114.150.45,User_talk:70.114.151.227,-1
User_talk:70.114.151.227,Category:1923_in_Kuwait,-1
Category:1923_in_Kuwait,Category:1923_in_Latvia,-1
Category:1923_in_Latvia,Category:1923_in_Liberia,-1
Category:1923_in_Liberia,Category:1923_in_Lithuania,-1
Category:1923_in_Lithuania,Poop:_A_Natural_History_of_the_Unmentionable,-1
Poop:_A_Natural_History_of_the_Unmentionable,Poop_Chute,6
Poopak_Goldarreh,Poopara,5
Poopara,User_talk:Frott4223,-1
William_Levy_(actor),Ed_Sheeran,3
Ed_Sheeran,Barbara_Palvin,4
Barbara_Palvin,IJustine,4
IJustine,Ed_Sheeran,3
Ed_Sheeran,Lady_Bird_Johnson_High_School,3
Lady_Bird_Johnson_High_School,Up_All_Night_(One_Direction_album),4
2007_NBA_draft,Fan_loyalty,4
PewDiePie,SmallWorlds,3
Quantum_mechanics,User_talk:Quadratic_formula,-1
Nigeria_national_under-17_football_team,Christian_Eriksen,2
Christian_Eriksen,Cape_Verde,3
Yaya_Touré,Lazar_Marković,2
Adrian_Peterson,Matt_Scott_(American_football),3
Apple_Maps,Aftermath_of_World_War_II,3
Lincoln_Public_Schools,Black_Joke,5
Black_Joke,User_talk:AissuR_rehtoM,-1
"Kargalı,_Besni",Natural_gas,3
Natural_gas,TP73-AS1,-1
TP73-AS1,Justin_Eilers_(footballer),5
Justin_Eilers_(footballer),Francesco_De_Santis,5
Francesco_De_Santis,Thevray,4
Thevray,Skalka_(Prostějov_District),4
Skalka_(Prostějov_District),Farol_da_Ribeira_Brava,6
Farol_da_Ribeira_Brava,India,3
Ajay_(actor),User:Ajayandalex,-1
User:Ajayandalex,July_16,-1
Cotham_School,Wikipedia:Changing_username/Simple,-1
Wikipedia:Changing_username/Simple,Cotham_School,4
Burnley_F.C.,2013–14_Arsenal_F.C._season,2
2013–14_Arsenal_F.C._season,Arsenal_F.C.,1
Arsenal_F.C.,2013–14_Arsenal_F.C._season,1
2013–14_Arsenal_F.C._season,Arsenal_F.C.,1
Arsenal_F.C.,2013–14_Arsenal_F.C._season,1
Dan_Roche,Alan_Dicks,4
Samsung,Talk:Samsung,-1
Prisoner_of_Conscious,User_talk:Discospinster,-1
User_talk:Discospinster,User_talk:STATicVapor,-1
Prisoner_of_Conscious,User_talk:STATicVapor,-1
User_talk:STATicVapor,User_talk:Marek69/Archive_18,-1
User_talk:Marek69/Archive_18,User_talk:STATicVapor,-1
User_talk:STATicVapor,Wikipedia:Administrator_intervention_against_vandalism,4
Wikipedia:Administrator_intervention_against_vandalism,User_talk:Discospinster,-1
User_talk:Discospinster,User_talk:Tnt718,-1
Dean_Ambrose,Jack_Swagger,2
Coronation_Street,User_talk:Winslow_Zass,-1
David_Guetta,Morde_&_Assopra,4
Morde_&_Assopra,The_God_Delusion,3
The_God_Delusion,User:Bob_Esponja_Pingunço,-1
User:Bob_Esponja_Pingunço,User_talk:Thinsgearfughtyrf,-1
FK_Bačka_1901,2013_in_science,5
2013_in_science,1540,4
1540,User_talk:JackSpott41,-1
MineCon,Best_Day_Ever,4
Pokémon_Trading_Card_Game,User:WadeSimMiser,-1
User:WadeSimMiser,User_talk:WadeSimMiser,-1
User_talk:WadeSimMiser,Wikipedia:Administrator_intervention_against_vandalism,-1
User:Žihadarul,User_talk:Sagätarul,-1
User_talk:Sagätarul,User:Sagätarul,-1
User:Sagätarul,John_Roberts,-1
John_Roberts,User_talk:Žihadarul,-1
User_talk:Žihadarul,Chaim_Herzog,-1
Chaim_Herzog,User_talk:Žihadarul,-1
Coronation_Street,User_talk:Lord_evader,-1
Quarterback,User_talk:Ryanru13,-1
User_talk:Ryanru13,Quarterback,-1
Gianni,Ben_Young,-1
Ben_Young,Marshall,5
Forward_error_correction,Me_First_(film),5
Me_First_(film),Roger_Fenton_(clergyman),5
Roger_Fenton_(clergyman),Curtis_Steele,5
Flamingo,Maison,5
Great_Canadian_Flag_Debate,Super_Bowl_XLII,3
Super_Bowl_XLII,User_talk:Drmies,-1
User_talk:Drmies,User_talk:Mccheese00,-1
User_talk:Mccheese00,Trudeaumania,-1
Trudeaumania,User_talk:Mccheese00,-1
Hamaas,Lehi_(group),1
Bed,Møgeltønder,3
User:Iasamgroup/sandbox,User:Iasamgroup,-1
User:Iasamgroup,Wikipedia:What_is_an_article?,-1
Mikey_Erg,David_Schwimmer,4
David_Schwimmer,Bang!_Bang!_Eche!,4
Bang!_Bang!_Eche!,The_Feelers,3
The_Feelers,User_talk:A930913,-1
User_talk:A930913,User_talk:Materialscientist,-1
Mikey_Erg,User_talk:Materialscientist,-1
User_talk:Materialscientist,User_talk:Brockhole2001aspaceodyssey,-1
History_of_soccer_in_the_United_States,Kiss_(band),3
Low-level_programming_language,User_talk:Yintan,-1
User_talk:Yintan,User_talk:Barri123,-1
Microsoft_Flight_Simulator_X,War_Thunder,3
War_Thunder,Bull,4
Bull,War_Thunder,3
War_Thunder,Grand_Theft_Auto:_San_Andreas,3
Grand_Theft_Auto:_San_Andreas,User_talk:Mike12225,-1
User_talk:Mike12225,War_Thunder,-1
War_Thunder,User_talk:Yintan,-1
User_talk:Yintan,User_talk:Mike12225,-1
Tiff_Needell,User_talk:ClubbyClubman,-1
Pen,Pornographic_film_actor,4
Pornographic_film_actor,The_Ring_(2002_film),3
J._J._Watt,Texas_kangaroo_rat,4
Texas_kangaroo_rat,Wii_Fit,5
The_Lord_of_the_Rings,Thrift_Shop,3
Thrift_Shop,Family_(biology),3
Dominican_Republic,User_talk:ClueBot_Commons,-1
User_talk:ClueBot_Commons,User:Smcc111,-1
Dominican_Republic,Wikipedia:Bot_policy,3
Wikipedia:Bot_policy,User_talk:Legoktm,-1
Julius_Caesar_(play),User_talk:Revolution1221,-1
Wallington_County_Grammar_School,User_talk:SGCWOldBoyraisinghell,-1
Wallington_County_Grammar_School,User_talk:SGCWOldBoyraisinghell,-1
Greywell,User_talk:JamesPeterSaunders,-1
User_talk:JamesPeterSaunders,Greywell,6
Greywell,Wikipedia:Administrator_intervention_against_vandalism,5
Wikipedia:Administrator_intervention_against_vandalism,User_talk:JamesPeterSaunders,-1
Constantine_the_Great,User_talk:Josve05a,-1
"Burnsville,_North_Carolina",Wikipedia:Usernames_for_administrator_attention,5
Avalon_High_(film),National_dish,3
National_dish,Zaidpur,3
Zaidpur,Dirty_Frank_(comics),4
Dirty_Frank_(comics),Brazilian_aircraft_carrier_São_Paulo_(A12),4
Brazilian_aircraft_carrier_São_Paulo_(A12),Entheogen,3
Entheogen,Liu_Xiaoming,4
Liu_Xiaoming,John_Andrew_Buckham,5
John_Andrew_Buckham,Digital_recording,4
Digital_recording,Tulshishyam,5
Tulshishyam,Bank_robbery,4
Bank_robbery,Talk:Tomboy,-1
Talk:Tomboy,Tomboy,2
17192_Loharu,User_talk:Matthewedwards,-1
User_talk:Matthewedwards,Kepa_Hamuera_Anaha_Ehau,-1
Kepa_Hamuera_Anaha_Ehau,Wikipedia:Requested_articles/Applied_arts_and_sciences,-1
Wikipedia:Requested_articles/Applied_arts_and_sciences,User:RedAndr/ViewMol3D,-1
User:RedAndr/ViewMol3D,User_talk:RedAndr,-1
User_talk:RedAndr,Wikipedia:Files_for_deletion/2013_April_8,-1
Wikipedia:Files_for_deletion/2013_April_8,User_talk:RedAndr,-1
User_talk:RedAndr,Super_Mario,4
Super_Mario,Talk:Super_Mario_Bros.:_The_Lost_Levels,-1
Talk:Super_Mario_Bros.:_The_Lost_Levels,Wikipedia:Changing_username/Simple,-1
Wikipedia:Changing_username/Simple,Electronic_game,4
Electronic_game,Talk:Video_Game,-1
Talk:Video_Game,Video_Game,2
Video_Game,User_talk:JadeGuardian,-1
User_talk:JadeGuardian,Bonobo,-1
Bonobo,Wikipedia:Administrator_intervention_against_vandalism,4
Wikipedia:Administrator_intervention_against_vandalism,Gilbert_Model,4
Gilbert_Model,Wikipedia:Administrator_intervention_against_vandalism,5
Wikipedia:Administrator_intervention_against_vandalism,Icebreaker_(clothing),6
Icebreaker_(clothing),User_talk:202.74.60.2,-1
User_talk:202.74.60.2,Edinson_Cavani,4
Edinson_Cavani,User_talk:217.24.246.51,-1
User_talk:217.24.246.51,Wikipedia:Administrator_intervention_against_vandalism,5
Wikipedia:Administrator_intervention_against_vandalism,Spring_Breakers,5
Spring_Breakers,User_talk:59.183.173.148,-1
User_talk:59.183.173.148,User_talk:156.1.40.12,-1
User_talk:156.1.40.12,Wikipedia:Administrator_intervention_against_vandalism,5
Wikipedia:Administrator_intervention_against_vandalism,User_talk:86.139.157.193,-1
User_talk:86.139.157.193,User_talk:76.22.55.97,-1
User_talk:76.22.55.97,List_of_political_families_in_the_Philippines,5
List_of_political_families_in_the_Philippines,User_talk:87.208.208.35,-1
User_talk:87.208.208.35,Ján_Chryzostom_Korec,5
Ján_Chryzostom_Korec,User_talk:85.216.131.79,-1
User_talk:85.216.131.79,User_talk:163.6.162.11,-1
User_talk:163.6.162.11,Wikipedia:Requests_for_page_protection,5
Wikipedia:Requests_for_page_protection,User_talk:204.83.240.105,-1
User_talk:204.83.240.105,Pokémon_Mystery_Dungeon:_Explorers_of_Time_and_Explorers_of_Darkness,4
Pokémon_Mystery_Dungeon:_Explorers_of_Time_and_Explorers_of_Darkness,User_talk:66.113.60.226,-1
User_talk:66.113.60.226,Adelaide,4
Adelaide,User_talk:123.2.162.107,-1
User_talk:123.2.162.107,User_talk:216.197.184.67,-1
User_talk:216.197.184.67,User_talk:69.114.122.134,-1
User_talk:69.114.122.134,List_of_career_achievements_by_LeBron_James,1
Vulcan_(mythology),User_talk:67.50.179.126,-1
User_talk:67.50.179.126,Ateshgah_of_Baku,-1
Ateshgah_of_Baku,User_talk:76.213.235.86,-1
User_talk:76.213.235.86,Lester_Wire,5
Lester_Wire,User_talk:24.119.236.76,-1
User_talk:24.119.236.76,Nicolás_Maduro,4
Nicolás_Maduro,User_talk:209.184.165.20,-1
User_talk:209.184.165.20,User_talk:142.68.111.61,-1
User_talk:142.68.111.61,User_talk:208.68.153.177,-1
User_talk:208.68.153.177,List_of_Victorious_characters,5
List_of_Victorious_characters,User_talk:68.9.241.186,-1
User_talk:68.9.241.186,User_talk:216.226.89.34,-1
User_talk:216.226.89.34,James_Bond_in_film,1
James_Bond_in_film,Lincoln–Douglas_debates,3
Lincoln–Douglas_debates,User_talk:50.26.234.253,-1
User_talk:50.26.234.253,Jason_Dodd,5
Jason_Dodd,User_talk:86.12.54.129,-1
User_talk:86.12.54.129,Jo_Jo_White,4
Jo_Jo_White,User_talk:81.132.102.63,-1
User_talk:81.132.102.63,"St_Peter's_College,_Wexford",5
"St_Peter's_College,_Wexford",User_talk:109.77.145.162,-1
User_talk:109.77.145.162,Mount_Tarawera,-1
Mount_Tarawera,User_talk:101.98.52.10,-1
User_talk:101.98.52.10,Martin_Smith_(documentarian),4
Martin_Smith_(documentarian),User_talk:50.200.61.252,-1
User_talk:50.200.61.252,Land_use_in_China,5
Land_use_in_China,User_talk:2602:306:CEEB:5690:103:A63C:E0F6:E959,-1
User_talk:2602:306:CEEB:5690:103:A63C:E0F6:E959,Lydia_of_Thyatira,4
Lydia_of_Thyatira,User_talk:72.214.210.50,-1
User_talk:72.214.210.50,Wikipedia:Administrator_intervention_against_vandalism,5
Wikipedia:Administrator_intervention_against_vandalism,User_talk:109.154.204.224,-1
User_talk:109.154.204.224,Ronald_Sinclair,4
Ronald_Sinclair,User_talk:66.141.9.73,-1
User_talk:66.141.9.73,User_talk:50.200.61.252,-1
User_talk:50.200.61.252,Janet_Napolitano,4
Janet_Napolitano,User_talk:80.57.93.162,-1
User_talk:80.57.93.162,Wikipedia:Administrator_intervention_against_vandalism,5
Wikipedia:Administrator_intervention_against_vandalism,Manuel_Torres_Félix,5
Manuel_Torres_Félix,List_of_Universal_Music_Group_Nashville_artists,4
List_of_Universal_Music_Group_Nashville_artists,User_talk:208.124.115.129,-1
User_talk:208.124.115.129,Universal_Music_Group_Nashville,5
Universal_Music_Group_Nashville,User_talk:208.124.115.129,-1
User_talk:208.124.115.129,Wikipedia:Administrator_intervention_against_vandalism,5
Wikipedia:Administrator_intervention_against_vandalism,User_talk:Yintan,-1
User_talk:Yintan,Nonito_Donaire,-1
Nonito_Donaire,User_talk:112.204.26.74,-1
User_talk:112.204.26.74,Bon_Jovi,4
Bon_Jovi,User_talk:68.198.77.202,-1
User_talk:68.198.77.202,Jeff_Moorad,5
Bostonian,User_talk:173.70.51.142,-1
User_talk:173.70.51.142,Far_Cry,5
Far_Cry,User_talk:166.181.3.21,-1
User_talk:166.181.3.21,User_talk:174.65.61.111,-1
User_talk:174.65.61.111,Amobi_Okoye,5
Amobi_Okoye,User_talk:74.129.157.209,-1
User_talk:74.129.157.209,Jerome_Case,5
Jerome_Case,User_talk:69.179.12.141,-1
User_talk:69.179.12.141,False_Face_Society,4
False_Face_Society,User_talk:76.5.170.131,-1
User_talk:76.5.170.131,Petting_zoo,4
Petting_zoo,User_talk:184.76.222.71,-1
User_talk:184.76.222.71,User_talk:108.93.37.177,-1
User_talk:108.93.37.177,Backdoor_(computing),3
Backdoor_(computing),User_talk:31.45.26.111,-1
User_talk:31.45.26.111,Gruesome_Gertie,6
Gruesome_Gertie,User_talk:198.84.221.72,-1
User_talk:198.84.221.72,New_England_Flood_of_May_2006,5
New_England_Flood_of_May_2006,User_talk:107.3.42.79,-1
User_talk:107.3.42.79,Richie_Whitt,6
Richie_Whitt,User_talk:70.115.230.176,-1
User_talk:70.115.230.176,Wikipedia:Administrator_intervention_against_vandalism,5
Wikipedia:Administrator_intervention_against_vandalism,Aerosol_spray,4
Aerosol_spray,User_talk:24.245.46.111,-1
User_talk:24.245.46.111,Nipsey_Hussle,5
Nipsey_Hussle,User_talk:Kbryant1694,-1
User_talk:Kbryant1694,MediaWiki_talk:Recentchangestext,-1
MediaWiki_talk:Recentchangestext,Deep_and_Dark_and_Dangerous,6
Deep_and_Dark_and_Dangerous,Cartoon_Network_Universe:_FusionFall,4
Cartoon_Network_Universe:_FusionFall,Wikipedia:Reference_desk/Science,-1
Wikipedia:Reference_desk/Science,MediaWiki_talk:Recentchangestext,-1
MediaWiki_talk:Recentchangestext,Wheat,4
Wheat,User_talk:188.51.4.176,-1
User_talk:188.51.4.176,Debtors'_prison,4
Debtors'_prison,User_talk:2.49.19.130,-1
User_talk:2.49.19.130,Lead_Belly,4
Lead_Belly,User_talk:98.172.156.3,-1
User_talk:98.172.156.3,Keystroke_logging,4
Keystroke_logging,User_talk:46.60.251.108,-1
User_talk:46.60.251.108,Mubarak_al_Fadil_al_Mahdi,-1
Mubarak_al_Fadil_al_Mahdi,User_talk:196.29.185.210,-1
User_talk:196.29.185.210,"Faculty_of_Political_Science_and_International_Relations,_Matej_Bel_University",5
"Faculty_of_Political_Science_and_International_Relations,_Matej_Bel_University",User_talk:78.98.171.88,-1
User_talk:78.98.171.88,Tom_Hunter,5
Tom_Hunter,User_talk:194.81.46.164,-1
User_talk:194.81.46.164,Wikipedia:Assume_bad_faith,-1
Wikipedia:Assume_bad_faith,Talk:Tufted_capuchin,-1
Talk:Tufted_capuchin,Swimming_(sport),4
Swimming_(sport),User_talk:67.236.39.10,-1
User_talk:67.236.39.10,User_talk:74.221.45.13,-1
User_talk:74.221.45.13,Have_Yourself_a_Merry_Little_Christmas,-1
Have_Yourself_a_Merry_Little_Christmas,User_talk:98.148.97.80,-1
User_talk:98.148.97.80,User_talk:92.25.212.187,-1
User_talk:92.25.212.187,User_talk:64.129.55.3,-1
User_talk:64.129.55.3,User_talk:198.237.103.185,-1
User_talk:198.237.103.185,User_talk:205.126.66.136,-1
User_talk:205.126.66.136,User_talk:74.221.45.13,-1
User_talk:74.221.45.13,Wikipedia:Administrator_intervention_against_vandalism,-1
Wikipedia:Administrator_intervention_against_vandalism,Engineering,3
Engineering,User_talk:38.110.212.245,-1
User_talk:38.110.212.245,Rick_Fox,4
Rick_Fox,User_talk:2602:306:C526:51C0:75C7:C8F9:8B21:3EDA,-1
User_talk:2602:306:C526:51C0:75C7:C8F9:8B21:3EDA,Community_(season_4),4
Community_(season_4),User_talk:68.199.36.98,-1
User_talk:68.199.36.98,User_talk:5.70.102.35,-1
User_talk:5.70.102.35,KIKK,5
KIKK,User_talk:137.89.176.10,-1
User_talk:137.89.176.10,Peter_Brabeck-Letmathe,4
Peter_Brabeck-Letmathe,User_talk:68.38.140.93,-1
User_talk:68.38.140.93,Swami_Maheshwarananda,5
Swami_Maheshwarananda,User_talk:Truthyoga,-1
User_talk:Truthyoga,Hyles–Anderson_College,5
Hyles–Anderson_College,User_talk:Joshua_Correa,-1
User_talk:Joshua_Correa,User_talk:103.3.234.67,-1
User_talk:103.3.234.67,Energy_transformation,4
Energy_transformation,User_talk:173.66.182.75,-1
User_talk:173.66.182.75,Coleman_Young_II,5
Coleman_Young_II,User_talk:24.192.132.207,-1
User_talk:24.192.132.207,User_talk:209.34.17.240,-1
User_talk:209.34.17.240,White_Genocide,4
White_Genocide,User_talk:50.143.101.125,-1
User_talk:50.143.101.125,Toothache,-1
Toothache,User_talk:187.210.95.156,-1
User_talk:187.210.95.156,White_Genocide,5
White_Genocide,User_talk:Kcawesome,-1
User_talk:Kcawesome,Sebastian_Cabot_(explorer),-1
Sebastian_Cabot_(explorer),User_talk:24.189.50.192,-1
User_talk:24.189.50.192,New_Brunswick_Youth_Orchestra,4
New_Brunswick_Youth_Orchestra,User_talk:142.167.119.89,-1
User_talk:142.167.119.89,User_talk:JadeGuardian,-1
User_talk:JadeGuardian,User_talk:Kcawesome,-1
User_talk:Kcawesome,User_talk:50.143.101.125,-1
User_talk:50.143.101.125,Wikipedia:Sockpuppet_investigations/50.143.101.125,-1
Wikipedia:Sockpuppet_investigations/50.143.101.125,Wikipedia:Administrator_intervention_against_vandalism,-1
Wikipedia:Administrator_intervention_against_vandalism,User_talk:Blackguard_SF,-1
User_talk:Blackguard_SF,User_talk:JadeGuardian,-1
User_talk:JadeGuardian,Primate,-1
Primate,User_talk:Blackguard_SF,-1
User_talk:Blackguard_SF,User_talk:JadeGuardian,-1
User_talk:JadeGuardian,Goof,-1
Goof,Holocene_extinction,3
Baiji,User_talk:Kcawesome,-1
User_talk:Kcawesome,User_talk:50.143.101.125,-1
User_talk:50.143.101.125,User_talk:Kcawesome,-1
User_talk:Kcawesome,Klaus_Kubinger,-1
Klaus_Kubinger,Chayyim_Moses_ben_Isaiah_Azriel_Cantarini,5
Pokémon_Colosseum,Wikipedia:Reference_desk/Computing,-1
Wikipedia:Reference_desk/Computing,User_talk:JadeGuardian,-1
User_talk:JadeGuardian,Pikachu,-1
Pikachu,Wikipedia:Reference_desk/Computing,-1
Wikipedia:Reference_desk/Computing,Wikipedia:Reference_desk/Entertainment,-1
Wikipedia:Reference_desk/Entertainment,Jason_Collins,3
Jason_Collins,User_talk:JadeGuardian,-1
User_talk:JadeGuardian,Jason_Collins,-1
Jason_Collins,Wikipedia:Administrator_intervention_against_vandalism,4
Wikipedia:Administrator_intervention_against_vandalism,User_talk:JadeGuardian,-1
Dexter_Pittman,Eddy_Curry,2
Joel_Anthony,Ndamukong_Suh,3
Mitchell,User:Lovelb0900/sandbox,-1
User:Lovelb0900/sandbox,Liam,-1
Liam,User_talk:Lovelb0900,-1
The_Room_(film),User:Thatspammer19/sandbox,-1
User:Thatspammer19/sandbox,RoboBee,-1
RoboBee,Tonka,3
Sarabjit_Singh,User_talk:Thatspammer19,-1
James,List_of_burn_centers_in_the_United_States,5
Serbian_nationalism,State_of_Origin_series,3
State_of_Origin_series,Rugby_league,1
Cuban_Revolution,User_talk:4C34V3NG3R,-1
User_talk:4C34V3NG3R,Humour,4
Post-classical_history,Big_B_Presents:_Random_Stuff,5
Big_B_Presents:_Random_Stuff,User_talk:Joejoe0009999,-1
User_talk:Joejoe0009999,Big_B_Presents:_Random_Stuff,-1
Saint_John_Sea_Dogs,Steve_Murphy_(Canadian_news_anchor),4
Saint_John_Sea_Dogs,CTV_News_at_5_(Maritimes),4
Saint_John_Sea_Dogs,User_talk:Lugia2453,-1
Chewing_gum,User_talk:Ram-oturtle,-1
Playground,User_talk:Cooldude17359,-1
User_talk:Cooldude17359,Mr._Lawrence,5
Pittsburgh_Penguins,Template:Pittsburgh_Penguins_roster,1
Template:Pittsburgh_Penguins_roster,Pittsburgh_Penguins,-1
Barenaked_Ladies,One_Less_Lonely_Girl,3
One_Less_Lonely_Girl,Hot_Pockets,4
Super_Bowl,Super_Bass,2
Super_Bass,Rice-A-Roni,3
Wikipedia:Notifications/Popup_documentation,User_talk:BallSacksInJuly,-1
Barry_Sanders,Abel_Trujillo,4
David_Luiz,User:Lashbey,-1
User:Lashbey,Microwave,-1
Microwave,The_Crypt_School,4
David_Luiz,User_talk:Lashbey,-1
IPod_Classic,Ancient_Egyptian_deities,4
Ancient_Egyptian_deities,Drimia_maritima,3
Drimia_maritima,User:Hotca123/sandbox,-1
Ancient_Egyptian_deities,Columbia_University,3
Wikipedia:Sandbox,Persepam_Madura_United,-1
Persepam_Madura_United,Persepam_madura_united,1
Persepam_madura_united,Shahin_bushehr_F.C.,4
Shahin_bushehr_F.C.,Sanati_kaveh_tehran_F.C.,2
Sanati_kaveh_tehran_F.C.,Persepam_Madura_United_F.C.,4
Persepam_Madura_United_F.C.,Sepahan_Novin_F.C.,4
Sepahan_Novin_F.C.,2012–13_Indonesia_super_league,3
2012–13_Indonesia_super_league,Sepahan_esfahan_F.C.,2
Sepahan_esfahan_F.C.,Persepam_madura_united_F.C.,-1
Persepam_madura_united_F.C.,Indonesia_super_league,2
Indonesia_super_league,Sepahan_novin_F.C.,3
Sepahan_novin_F.C.,Pasargad_tehran_F.C.,2
Pasargad_tehran_F.C.,Persepam_madura_united,4
Persepam_madura_united,Persepam_Madura_United,1
Persepam_Madura_United,User_talk:Meysam_salehe,-1
End_of_the_world,User_talk:MelbourneStar,-1
Alien,User_talk:Josve05a,-1
User_talk:Josve05a,User_talk:Hxspurs,-1
User_talk:Hxspurs,User_talk:Josve05a,-1
User_talk:Josve05a,User_talk:Saadi_babloo,-1
User_talk:Saadi_babloo,Roar_(utterance),-1
Roar_(utterance),User_talk:Hxspurs,-1
Morocco,User_talk:Tomsac18,-1
Philip,Wikipedia:Sandbox,4
Wikipedia:Sandbox,User:Filipjoe69/sandbox,-1
Merlot,User_talk:Wikiderp,-1
Roy_H._Crosby_Public_School,Wikipedia:Wikipedians,4
Wikipedia:Wikipedians,Young-adult_fiction,3
Young-adult_fiction,Wikipedia:Sandbox,4
Wikipedia:Sandbox,Lul,-1
Escapism,User_talk:Vuego,-1
Escapism,User_talk:98.199.22.63,-1
Escapism,Talk:Escapism,-1
Cape,Ben_Roberts-Smith,3
Ben_Roberts-Smith,Anne_Frank,3
Stolen_Generations,Template:Popular_articles,-1
Template:Popular_articles,A_Journey,4
Stolen_Generations,African-American_Civil_Rights_Movement_(1954–68),3
List_of_unusual_deaths,User:Funnydeaths567,-1
The_Glitch_Mob,Mozambique,3
User:GOT1996/sandbox,Brent_Clements_Rodd,-1
Brent_Clements_Rodd,Stanley_High_School_(Southport),5
Stanley_High_School_(Southport),Southport,1
James_Rodd,Stanley_High_School_(Southport),5
Michael_Moon_(EastEnders),Dave_Mustaine,4
Mick_Jagger,Kevin_Gates,3
User:Noahchensasky,User_talk:Camyoung54,-1
User_talk:Camyoung54,User_talk:Lugia2453,-1
User_talk:Lugia2453,User_talk:Noahchensasky,-1
Stephanie_Courtney,User:Alexialove01,-1
Brian_Urlacher,Patrick_Peterson,2
User:Colonel_Warden,User:FeydHuxtable,-1
User:FeydHuxtable,User:ThatPeskyCommoner,-1
User:ThatPeskyCommoner,User:Thumperward,-1
User:Thumperward,User:The_wub,-1
User:The_wub,User:David_Fuchs,-1
User:David_Fuchs,User:SoWhy,-1
User:SoWhy,User:OhanaUnited,-1
User:OhanaUnited,User:Scott_MacDonald,-1
WWE_2K,List_of_people_barred_or_excluded_from_the_United_States,4
List_of_people_barred_or_excluded_from_the_United_States,Maybach_Music_Group,3
Maybach_Music_Group,IHeartRadio,3
IHeartRadio,SpongeBob_SquarePants,3
Subway_(restaurant),Magnet_Kitchens,3
Magnet_Kitchens,John_Lewis_(department_store),3
TUI_AG,Eden_(TV_channel),3
Eden_(TV_channel),Lloyds_Bank,3
Lloyds_Bank,Dixons_(online),3
Dixons_(online),Rankin/Bass_Productions,3
Tikkabilla,Pick_(TV_channel),2
Pick_(TV_channel),Allders,3
Dreams_(bed_retailer),Gold_(TV_channel),3
Alibi_(TV_channel),Drama_(TV_channel),2
Drama_(TV_channel),Eden_(TV_channel),2
Eden_(TV_channel),Home_(TV_channel),2
Home_(TV_channel),Boomerang_(TV_channel),3
Bizarre_ER,Really_(TV_channel),2
Really_(TV_channel),UKTV_Bright_Ideas,2
Red_Bee_Media,User:Bbb2007,-1
User:Bbb2007,Really_(TV_channel),3
Really_(TV_channel),Home_(TV_channel),1
Home_(TV_channel),Really_(TV_channel),1
Really_(TV_channel),UKTV_Gardens,1
Carlton_Select,Yesterday_(TV_channel),1
Yesterday_(TV_channel),ThyssenKrupp,3
ThyssenKrupp,Really_(TV_channel),3
Really_(TV_channel),User_talk:Blacklisting,-1
Toronto_Raptors,Kid_Ink,3
Kid_Ink,Barack_Obama,3
Barack_Obama,Wikipedia:Administrator_intervention_against_vandalism,4
Delta_Farce,Man_of_Steel_(film),3
The_Legend_of_Zelda:_Majora's_Mask,List_of_Epic_Meal_Time_episodes,4
Loser_(hand_gesture),Zack_Ryder,1
Dutch_language,User_talk:Indikamonatheiya,-1
Gosford,Remember_December,4
Robot_Master,.300_Norma_Magnum,5
.300_Norma_Magnum,Lithgow_Ironfest,5
Robot_Master,Piyadasa_Wijekoon,-1
Nintendo,User:Natebob2004/sandbox,-1
Sheet_metal,Ferrous_metal_recycling,2
Edmodo,Slender:_The_Eight_Pages,4
Slender:_The_Eight_Pages,User_talk:SirMrFish,-1
Alcohol_abuse,Boston_Marathon_bombings,3
Nicki_Aycox,The_Big_Bang_Theory_(season_2),3
The_Big_Bang_Theory_(season_2),Johnny_Bright,4
Blood,User_talk:Nicki12dick,-1
Firearm,IPhone_5,3
User_talk:Yanguas,Psy,4
Psy,Darly_de_Paula,5
Darly_de_Paula,The_God_Delusion,4
Damian_Wayne,Philip_DeFranco,4
Carly_Rose_Sonenclar,Marina_and_the_Diamonds,2
Marina_and_the_Diamonds,L.A._Reid,2
L.A._Reid,Lana_Del_Rey,2
User:Antrasarul,User:Antrasarul/sandbox,-1
User:Antrasarul/sandbox,Talk:China,-1
Talk:China,Florence_Devouard,4
President_of_Pakistan,User_talk:Antrasarul,-1
Talk:Main_Page,User_talk:Bongwarrior,-1
Jack_Douglass,Hello_Kitty,3
Jack_Douglass,User_talk:HelloKittysucks,-1
Landau_Forte_Academy_QEMS,JLS,3
Brian_Cox_(physicist),User_talk:Legoktm,-1
User_talk:Legoktm,User:Tom01011,-1
Landau_Forte_Academy_QEMS,User_talk:Tom01011,-1
Landau_Forte_Academy_QEMS,User:Tom01011,-1
User:Tom01011,Taraxacum,-1
Taraxacum,Titulcia_eximia,-1
Titulcia_eximia,Stormhouse,5
Stormhouse,Aleksander_Skrzyński,4
Aleksander_Skrzyński,Michael_Peter_Skelly,5
Michael_Peter_Skelly,User_talk:Tom01011,-1
Goddard_Group,User_talk:Bobshka,-1
User_talk:Bobshka,Mountain,-1
Johnny_Bright,User:Dr._macaroni/sandbox,-1
Johnny_Rockets,Nicky_Robinson_(rugby_union),4
Nicky_Robinson_(rugby_union),Selling,4
Mellody_Hobson,August_Coppola,3
August_Coppola,Reese's_Pieces,3
Reese's_Pieces,August_Coppola,4
Balerno,Balerno_Community_High_School,1
2013–14_Duke_Blue_Devils_men's_basketball_team,Roy_Williams_(coach),2
User:Mmgtdwstlfssls,May_Mahlangu,-1
May_Mahlangu,Peter_Crouch,2
Father_Christmas,FIFA_13,4
FIFA_13,British_Board_of_Film_Classification,2
Virgin_Killer,User_talk:Daemonic_Kangaroo,-1
User_talk:Daemonic_Kangaroo,User_talk:Theroadislong,-1
User_talk:Theroadislong,User_talk:Mmgtdwstlfssls,-1
Mole_(animal),User_talk:Rickyzonzon,-1
Digital_currency,User:JX3P,-1
Digital_currency,User_talk:Yintan,-1
User_talk:Yintan,User:WSF/Feathercoin,-1
User:WSF/Feathercoin,User_talk:JX3P,-1
Digital_currency,User_talk:JX3P,-1
Digital_currency,User_talk:JX3P,-1
User_talk:JX3P,User_talk:I'm_not_human,-1
User_talk:I'm_not_human,User_talk:JX3P,-1
User_talk:JX3P,User:JX3P,-1
User:JX3P,User_talk:JX3P,-1
Fifth_Harmony,User_talk:CamilaCabelow,-1
Fifth_Harmony,User_talk:Callanecc,-1
List_of_people_with_autism_spectrum_disorders,User_talk:Plh666,-1
White_supremacy,User:Asdkjg,-1
User:Asdkjg,Alberto_Gallo,-1
Snapback_(hat),Talk:Steve_Jobs,-1
Talk:Steve_Jobs,Wikipedia_talk:Vandalism,-1
Wikipedia_talk:Vandalism,Talk:Steve_Jobs,-1
Turbonilla_mariajoseae,Talk:YouTube,-1
Talk:YouTube,List_of_Slovenian_missionaries,-1
Sexy_(novel),Fifty_Shades_of_Grey,4
Fifty_Shades_of_Grey,The_Very_Hungry_Caterpillar,3
Russell_Howard,The_Lord_of_the_Rings_(film_series),3
The_Office,File:Fleming007impression.jpg,-1
File:Fleming007impression.jpg,Bruce_Willis,3
Cheeseburger,Wikipedia:WikiProject_Chemicals,4
Wikipedia:WikiProject_Chemicals,User_talk:Peridon,-1
IP_address_blocking,Yousaf_Raza_Gillani,4
Pakistan_Army,User:Mindmatrix,-1
User:Mindmatrix,User_talk:Uhuhhello,-1
User_talk:Uhuhhello,Pervez_Musharraf,4
He-Man,User_talk:O.Koslowski,-1
User_talk:O.Koslowski,User_talk:Uhuhhello,-1
Template:2013_NBA_Playoffs,Template:NBA_season_record/doc,-1
Template:NBA_season_record/doc,2012_NBA_Playoffs,-1
2012_NBA_Playoffs,Template:2012_NBA_Playoffs,-1
Temple_School,Joey_Essex,3
Temple_School,Mark_Wright_(TV_personality),3
Denmark,Dota_2,3
Dota_2,Denmark,3
Synyster_Gates,Jake_Pitts,2
Talk:Abraham_Lincoln,Alphabet,2
Governor_of_Colorado,Bill_Owens_(Colorado_politician),1
Bill_Owens_(Colorado_politician),Richard_Lamm,2
Jimmy_Carter,Yingluck_Shinawatra,3
Yingluck_Shinawatra,Chaovarat_Chanweerakul,2
Chaovarat_Chanweerakul,List_of_Presidents_of_the_United_States,3
List_of_tallest_buildings_in_Denver,John_D._Vanderhoof,2
Sher_Shall,Ford_GT,4
Talk:Lusitania,Mouse_lemur,3
Del_Taco,Ricky's_Tacos,4
Norse_mythology,Mining_in_Chile,3
Edgar_Pêra,User_talk:Mikeomagico,-1
Mockingjay,User_talk:Zachmay11,-1
Sockpuppet_(Internet),The_Dirty_Picture,4
The_Dirty_Picture,Redlands_East_Valley_High_School,4
Manipura,Portrait_of_a_Mobster,5
Portrait_of_a_Mobster,Sri_Vasavi_Institute_of_Engineering_and_Technology,-1
Bowood_House,1980_LPGA_Tour,4
Leon_Sandcastle,Wikipedia:Articles_for_deletion/Log/2013_April_27,-1
Wikipedia:Articles_for_deletion/Log/2013_April_27,Wikipedia:Articles_for_deletion/Leon_Sandcastle,-1
Wikipedia:Articles_for_deletion/Leon_Sandcastle,User_talk:Natg_19,-1
User_talk:Natg_19,"United_Kingdom_local_elections,_2014",4
"United_Kingdom_local_elections,_2014",Liberal_Democrats,2
Erin,Sherlock_(TV_series),3
Deputy_Prime_Minister_of_the_United_Kingdom,Wikipedia:Teahouse/Questions,-1
Wikipedia:Teahouse/Questions,Franklin_D._Roosevelt,3
Douglas_MacInnes_Shaw,Tokyo_Skytree,4
Tokyo_Skytree,Boston_Marathon_bombings,3
Dirt,User:Aszuhjvilsdfyvh,-1
Castellanos,Flag_of_the_Hispanic_People,4
Flag_of_the_Hispanic_People,Hispanophobia,2
List_of_A_Song_of_Ice_and_Fire_characters,A_Song_of_Ice_and_Fire,1
Transmission_line,User_talk:Tejas2791,-1
User_talk:Tejas2791,Voltmeter,-1
User:Jaydonramez,Wikipedia:Edit_filter/False_positives/Reports,-1
Talk:Surplus_labour,User:Mačarul,-1
User:Mačarul,Janne_Wirman,-1
Janne_Wirman,Talk:Janne_Wirman,-1
Talk:Janne_Wirman,Janne_Wirman,-1
Janne_Wirman,Talk:Jimmy_Wales,-1
Talk:Jimmy_Wales,Talk:Wikipedia,5
Talk:Wikipedia,User_talk:Mačarul,-1
Thomas_Bowser,Ricky_Jean-Francois,4
Carlos_Santana,User:Anyname3,-1
Barry_White,Talk:Barry_White,-1
Talk:Barry_White,Barry_White,3
Barry_White,Talk:Barry_White,-1
Talk:Barry_White,Cher,3
Cher,Talk:Cher,-1
Talk:Cher,User_talk:Baraq_Osama,-1
Men's_pole_vault_world_record_progression,User:Hackdaddymomaboy,-1
Patent_nonsense,User_talk:Biwreq342y4rtfdsaw,-1
Pen,User_talk:Jbonfe,-1
STO,User:Fart_Man_96/sandbox,-1
User:Fart_Man_96/sandbox,Barney_(TV_series),-1
Highlife,User_talk:Ducknish,-1
User_talk:Ducknish,User_talk:Lugia2453,-1
User_talk:Lugia2453,User_talk:Ducknish,-1
User_talk:Ducknish,User_talk:Ronhjones,-1
User_talk:Ronhjones,User_talk:I_smoke_weeed,-1
User_talk:I_smoke_weeed,User_talk:Ducknish,-1
User_talk:Ducknish,User_talk:Lugia2453,-1
User_talk:Lugia2453,User_talk:Glacialfox,-1
User_talk:Glacialfox,User_talk:Ronhjones,-1
User_talk:Ronhjones,User_talk:Lugia2453,-1
User_talk:Lugia2453,User_talk:Ronhjones,-1
User_talk:Ronhjones,User_talk:Ducknish,-1
User_talk:Ducknish,User_talk:Josve05a,-1
User_talk:Josve05a,User_talk:Ronhjones,-1
User_talk:Ronhjones,User_talk:Glacialfox,-1
User_talk:Glacialfox,User_talk:Ducknish,-1
User_talk:Ducknish,User_talk:Glacialfox,-1
User_talk:Glacialfox,User_talk:Josve05a,-1
User_talk:Josve05a,User_talk:Lugia2453,-1
User_talk:Lugia2453,User_talk:Josve05a,-1
User_talk:Josve05a,User_talk:Ronhjones,-1
User_talk:Ronhjones,User_talk:I_smoke_weeed,-1
Barrel,User:Soni,-1
Talk:Extended_periodic_table,Lithium,3
Beryllium,Wikipedia:Sandbox,4
Wikipedia:Sandbox,Fourteen_Points,-1
Fourteen_Points,Wikipedia:Sandbox,4
Wikipedia:Sandbox,Wikipedia_talk:Special:LongPages,-1
Wikipedia_talk:Special:LongPages,Wikipedia:Sandbox,4
Wikipedia:Sandbox,173_(number),-1
173_(number),User_talk:Asnac,-1
User_talk:Asnac,IC2,6
IC2,Cube,5
Cube,Talk:Cube,-1
Talk:Cube,Cube,1
Cube,User_talk:Tomruen,-1
User_talk:Tomruen,Cube,2
Cube,Talk:Cube,-1
Talk:Cube,User_talk:Asnac,-1
User_talk:Asnac,User:Asnac,-1
User:Asnac,Cube,-1
Cube,Talk:Cube,-1
Talk:Cube,Cube,1
Cube,Talk:Cube,-1
Talk:Cube,IC2,6
List_of_Dragon_Ball_GT_episodes,Sonic_Generations,3
Sonic_Generations,Halo_4,3
Organisation_internationale_de_la_Francophonie,International_Francophonie_Day,2
North_Dakota,User_talk:Mabraham21,-1
Atlanta_Hawks,User_talk:Powerofawesome,-1
Searching,User_talk:War202772,-1
Key_(music),Chocolate_ice_cream,4
Radiation,Talk:Rock_(geology),-1
Talk:Rock_(geology),User:Noobfailhack,-1
AOL_Instant_Messenger,Template:AOL_Inc.,1
Template:AOL_Inc.,Employment_Development_Department,-1
Employment_Development_Department,California_Labor_and_Workforce_Development_Agency,1
California_Labor_and_Workforce_Development_Agency,Internet_Stream_Protocol,4
List_of_IP_protocol_numbers,Reserved_IP_addresses,2
Internet_Assigned_Numbers_Authority,Category:History_of_the_Internet,-1
Wikipedia:A_nice_cup_of_tea_and_a_sit_down,Ledebouria_grandifolia,5
Ledebouria_grandifolia,Yashi,6
Yashi,Androcles,4
Androcles,Mallikassery,5
1953_Waco_tornado_outbreak,"Mountjoy,_Cornwall",5
"Mountjoy,_Cornwall",Cuisine_of_the_Sephardic_Jews,3
Cuisine_of_the_Sephardic_Jews,User_talk:CrabfLarnec_(The_Alpaca),-1
User_talk:CrabfLarnec_(The_Alpaca),Template:Casenav/data,-1
Template:Casenav/data,User_talk:CrabfLarnec_(The_Alpaca),-1
Computer_monitor,User_talk:Tbhotch,-1
User_talk:Tbhotch,User_talk:Mrwondieslel,-1
Sofía_Vergara,User_talk:Bob_calderon,-1
