Jean_Ferris,Ferris_Bueller's_Day_Off,4
Ferris_Bueller's_Day_Off,Toby_Turner,3
Toby_Turner,Mojang,2
Mojang,Editing,3
User_talk:Franksmith229,San_Martín_Texmelucan_de_Labastida,-1
Zachary_Taylor,Chandler_Preparatory_Academy,4
Chandler_Preparatory_Academy,Electric_guitar,3
Antti_Ruuskanen,Eric_Cartman,4
Sushi,User:Biker_Biker,-1
British_Rail_Class_37,"Tattershall_Castle,_Lincolnshire",3
"Tattershall_Castle,_Lincolnshire",British_Rail_Class_37,3
British_Rail_Class_37,"Tattershall_Castle,_Lincolnshire",3
George_Watsky,User_talk:Seaphoto,-1
User_talk:Seaphoto,Johannes_Gutenberg,3
The_Whitest_Kids_U'_Know,User_talk:Seaphoto,-1
User_talk:Seaphoto,The_Whitest_Kids_U'_Know,5
The_Whitest_Kids_U'_Know,User_talk:MelbourneStar,-1
User_talk:MelbourneStar,Popsicle_(brand),5
Popsicle_(brand),User_talk:Tryuee,-1
Charlton_Athletic_F.C.,User_talk:Vanda0101,-1
What_Makes_You_Beautiful,Up_All_Night_(One_Direction_album),1
Up_All_Night_(One_Direction_album),User_talk:BanMeIfYouDare,-1
A_Serbian_Film,Grammar,3
Wikipedia:Edit_filter/False_positives/Reports,Chokri_Belaïd,3
Chokri_Belaïd,Lykan_HyperSport,5
Bianca_Scott,List_of_Home_and_Away_characters_(2012),2
List_of_Home_and_Away_characters_(2012),List_of_Home_and_Away_characters_(2010),2
Orlando_Magic,User:Seattle,-1
2008–09_in_Argentine_football,Heuilley-le-Grand,5
Heuilley-le-Grand,Flora_of_China,3
Flora_of_China,RCAF_Station_Beaverbank,5
"Daytona_Beach,_Florida",User:C.Fred,-1
Same-sex_marriage_in_the_United_States,User_talk:Rochestersais,-1
Boston,User_talk:Gogo_Dodo,-1
Urination,Wikipedia:Today's_featured_article/Statistics_2013,-1
Chris_Jericho,User_talk:94.171.78.238,-1
Screen_burn-in,User_talk:Dick745,-1
Socialist_Ukraine,Marjorie_Okell,5
Marjorie_Okell,2006_International_Fight_League,5
Wailua_Valley_State_Wayside_Park,Arthur_Bignold,6
Arthur_Bignold,American_Geriatrics_Society,4
Metadata,Lunar_Flag_Assembly,4
Lunar_Flag_Assembly,Mars_rover,3
List_of_common_misconceptions,Chromium_OS,2
Chromium_OS,Google_bomb,2
Sonata_for_Solo_Violin_(Bartók),Women_warriors_in_literature_and_culture,4
Women_warriors_in_literature_and_culture,Aphrodisias,3
DDR-Liga,Talk:List_of_programming_languages,-1
Talk:List_of_programming_languages,Pantomime,4
Pantomime,Stephen_Dalton,4
Stephen_Dalton,Terry_Gilliam,3
User:Datonorad,Jumber_Patiashvili,-1
Mikheil_Saakashvili,Bidzina_Ivanishvili,1
User_talk:JohnnyGR,User:JohnnyGR,-1
User:JohnnyGR,User:Scepia/bibliophile,-1
User_talk:JohnnyGR,User:JohnnyGR/sandbox,-1
User:JohnnyGR/sandbox,User:Snotbot/control,-1
User_talk:JohnnyGR,Wikipedia:Administrators'_noticeboard/Edit_warring,-1
Wikipedia:Administrators'_noticeboard/Edit_warring,Wikipedia:Articles_for_deletion/List_of_National_Express_Coventry_bus_routes,-1
Nickname,Suzanne_Lappin,4
Suzanne_Lappin,User_talk:EncMstr,-1
User_talk:EncMstr,Lick_Observatory,3
A_Chorus_Line,User_talk:CallumCiappelli,-1
Integrity_2000,Integrity_(band),1
2014_FIFA_World_Cup_qualification_(CONMEBOL),2014_FIFA_World_Cup_qualification_(UEFA),3
User_talk:WayKurat,2015_Southeast_Asian_Games,4
2015_Southeast_Asian_Games,Shadowgun:_Deadzone,4
Shadowgun:_Deadzone,Democratic_Party_(Mongolia),4
Democratic_Party_(Mongolia),Union_Solidarity_and_Development_Party,3
Union_Solidarity_and_Development_Party,Pinterest,4
Pinterest,Selena_Gomez_&_the_Scene,3
Australian_4WD_Action,Talk:Australian_4WD_Action,1
Australian_4WD_Action,Talk:Australian_4WD_Action,1
Maksim_Gelman_stabbing_spree,Scottish_Football_Association,3
Scottish_Football_Association,Doc_Watson_(album),5
Recess_(TV_series),Damian_Lillard,3
Damian_Lillard,Recess_(TV_series),4
Wikipedia:Wikipediholism_test,Sly_Cooper,3
Sly_Cooper,User:Ducknish,-1
List_of_Scooby-Doo!_Mystery_Incorporated_episodes,Scooby-Doo!_Mystery_Incorporated,1
List_of_Scooby-Doo!_Mystery_Incorporated_episodes,User:SDMIfanatic,-1
User:SDMIfanatic,User_talk:SDMIfanatic,-1
User_talk:SDMIfanatic,User:SDMIfanatic,-1
List_of_Scooby-Doo!_Mystery_Incorporated_episodes,User_talk:SDMIfanatic,-1
User_talk:SDMIfanatic,Scooby-Doo!_Mystery_Incorporated,-1
Scooby-Doo!_Mystery_Incorporated,User_talk:SDMIfanatic,-1
List_of_Scooby-Doo!_Mystery_Incorporated_episodes,Scooby-Doo!_Mystery_Incorporated,1
Scooby-Doo!_Mystery_Incorporated,Scooby-Doo!_Mask_of_the_Blue_Falcon,2
Scooby-Doo!_Mask_of_the_Blue_Falcon,Scooby-Doo!_Mystery_Incorporated,2
List_of_Scooby-Doo!_Mystery_Incorporated_episodes,Help:Minor_edit,5
Help:Minor_edit,User:SDMIfanatic/sandbox,-1
User:SDMIfanatic/sandbox,User_talk:SDMIfanatic,-1
User_talk:SDMIfanatic,User:SDMIfanatic,-1
User:SDMIfanatic,User_talk:SDMIfanatic,-1
User_talk:SDMIfanatic,User:SDMIfanatic,-1
User:SDMIfanatic,Scooby-Doo,-1
Scooby-Doo,User_talk:SDMIfanatic,-1
User:XXYYZZ99999,"Tarzana,_Los_Angeles",-1
"Tarzana,_Los_Angeles","United_States_presidential_election,_2016",3
"United_States_presidential_election,_2016","Tarzana,_Los_Angeles",3
"Tarzana,_Los_Angeles",User_talk:XXYYZZ99999,-1
Lighthouse_of_Alexandria,User:5646547654653452a/sandbox,-1
Crass,User_talk:Arwel_Parry,-1
User_talk:Arwel_Parry,User_talk:Sarah_Natochenny,-1
Ottoman_Empire,Talk:Russia,-1
Talk:Russia,Kazakhstan,2
Sagging_(fashion),User:Pharaoh_of_the_Wizards,-1
Muammar_Gaddafi,Libyan_Civil_War,1
Dizzy_Gillespie,Wikipedia:Sandbox,4
Tyler_Greene,Aaron_Gray,3
Chris_Volstad,Meyers_Leonard,4
Tyler_Greene,Adam_Wainwright,3
Tyler_Greene,Sam_Bradford,3
Jake_Westbrook,Meyers_Leonard,4
Laconia_High_School_(New_Hampshire),User:Noxis9,-1
User:Noxis9,User_talk:Noxis9,-1
José_Bosingwa,Lee_Chung-yong,3
Tom_Miller,Runner-up_Man,3
Runner-up_Man,Shaun_Derry,3
Shaun_Derry,Runner-up_Man,3
Runner-up_Man,Ronaldo,2
Talk:Ted_Bundy,Ted_Bundy,2
Ted_Bundy,Parkway_Middle_School_(La_Mesa_CA),4
Talk:Ted_Bundy,Ted_Bundy,2
Ted_Bundy,User_talk:ValuedContributor,-1
Talk:Ted_Bundy,User_talk:Gogo_Dodo,-1
User_talk:Gogo_Dodo,User_talk:ValuedContributor,-1
Mobile_device,List_of_awards_and_nominations_received_by_One_Direction,4
List_of_awards_and_nominations_received_by_One_Direction,User_talk:Awesome_boss_69_69,-1
Brown_dwarf,List_of_elections_in_1835,4
List_of_elections_in_1835,Kennel_Club_of_Montenegro,-1
Kennel_Club_of_Montenegro,Rainbow_trout,4
Eddsworld,What_Makes_You_Beautiful,3
What_Makes_You_Beautiful,Live_While_We're_Young,2
Saris,User_talk:Rionski,-1
User_talk:Rionski,Rowan_Atkinson,4
QWERTY,Richie_McCaw,3
"Sir_Samuel_Garrard,_4th_Baronet",Wladimir_Talanczuk,6
Wladimir_Talanczuk,Clarinet,3
Nick_Clegg,User_talk:AnonymousRevenge,-1
User_talk:Favonian,User_talk:Raul654,-1
User_talk:Raul654,User_talk:TimVickers,-1
User_talk:TimVickers,User_talk:Beeblebrox,-1
User_talk:Beeblebrox,User_talk:Floquenbeam,-1
User_talk:Floquenbeam,User_talk:Just_Chilling/Archive_7,-1
Nicolas_Sarkozy,User_talk:69.181.253.230,-1
List_of_city_name_changes,List_of_cities_conquered_by_the_Ottoman_Empire,3
List_of_city_name_changes,List_of_cities_conquered_by_the_Ottoman_Empire,3
Martin_Walls,User_talk:69.181.253.230,-1
George_Pullen_Jackson,Manda_Krishna_Madiga,6
Manda_Krishna_Madiga,Quarto_Stato,5
Quarto_Stato,Martin_Walls,5
Martin_Walls,Carver's_Creek_Methodist_Church,5
Carver's_Creek_Methodist_Church,Martin_Walls,5
Martin_Walls,ECW_(WWE),4
ECW_(WWE),Southwestern_Brittonic_languages,3
Southwestern_Brittonic_languages,User_talk:69.181.253.230,-1
Lolo,User_talk:GasiousZX,-1
"Mistatim,_Saskatchewan","Mount_Pleasant,_Mississippi",4
"Mount_Pleasant,_Mississippi",Škofja_Vas,4
Škofja_Vas,Syd_Anderson,4
Syd_Anderson,Parafield_railway_station,4
Roaring_Twenties,Testicle_(food),4
Testicle_(food),Foreskin,2
Wikipedia:Sandbox,User_talk:Johntabios,-1
User_talk:Johntabios,User:Johntabios,-1
User:Johntabios,User_talk:JJ_Georges,-1
User_talk:JJ_Georges,User_talk:Johntabios,-1
User_talk:Johntabios,User_talk:Johntabios/Status_explain,-1
User_talk:Johntabios/Status_explain,User:Johntabios/Status,-1
User:Johntabios/Status,User:Johntabios/Status_explain,-1
User:Johntabios/Status_explain,User:Johntabios/ToolsIcon,-1
User:Johntabios/ToolsIcon,User_talk:Johntabios,-1
User_talk:Johntabios,User_talk:Johntabios/Archive_1,-1
User_talk:Johntabios/Archive_1,User_talk:Johntabios,-1
User_talk:Johntabios,User:Johntabios,-1
User:Johntabios,User:Johntabios/Icons,-1
User:Johntabios/Icons,User:Johntabios/Tools,-1
User:Johntabios/Tools,User_talk:Johntabios,-1
User_talk:Johntabios,User:Johntabios/Main,-1
User:Johntabios/Main,User:Johntabios/Left,-1
User:Johntabios/Left,User:Johntabios,-1
User:Johntabios,User:Johntabios/DYKs,-1
User:Johntabios/DYKs,User:Johntabios/Policies_and_guidelines,-1
User:Johntabios/Policies_and_guidelines,User_talk:Johntabios,-1
User_talk:Johntabios,User:Johntabios,-1
User:Johntabios,User_talk:Johntabios/Archive_1,-1
User_talk:Johntabios/Archive_1,User_talk:Johntabios,-1
User_talk:Johntabios,Dan_Howell,-1
Dan_Howell,User:Johntabios/ToolsIcon,-1
User:Johntabios/ToolsIcon,User_talk:Johntabios,-1
User_talk:Johntabios,User:Johntabios,-1
User:Johntabios,User_talk:Johntabios,-1
Taylor_Swift,One_Direction,1
One_Direction,Germany,3
Trinity_Anglican_School,User_talk:Smurf6661,-1
Wikipedia_talk:Username_policy,Benton_Park_School,5
Snowballing_(sexual_practice),User:KieranWATERS/sandbox,-1
User:KieranWATERS/sandbox,Return_of_the_Killer_Tomatoes,-1
Return_of_the_Killer_Tomatoes,User:KieranWATERS/sandbox,-1
User:KieranWATERS/sandbox,Benton_Park_School,-1
Benton_Park_School,User_talk:KieranWATERS,-1
WrestleMania_XXX,User_talk:Rated-R.XXX,-1
Mary_Had_a_Little_Lamb,The_Glitch_Mob,3
Particle_accelerator,User_talk:Ninar_Haneris,-1
User_talk:Ninar_Haneris,Hot_sauce,-1
Hot_sauce,User_talk:Graphium,-1
User_talk:Barnetjoe,Barnet_F.C.,-1
"Cubuy_River_(Loiza,_Puerto_Rico)",Bethel_High_School_(Hong_Kong),6
Bethel_High_School_(Hong_Kong),Siege_of_Tyre_(1187),4
Siege_of_Tyre_(1187),Futrono,4
Futrono,"Sarasiyab,_Khuzestan",5
"Sarasiyab,_Khuzestan",User_talk:Hello_4562,-1
User_talk:Hello_4562,Dorothy_Nimmo,-1
Dorothy_Nimmo,A_Cottage_on_Dartmoor,4
A_Cottage_on_Dartmoor,Zucchini_yellow_mosaic_virus,4
Zucchini_yellow_mosaic_virus,Greek_Basketball_Cup,4
Greek_Basketball_Cup,"Baseball_Hall_of_Fame_balloting,_1958",4
"Baseball_Hall_of_Fame_balloting,_1958",1973_King's_Cup,5
WPOA,Irinjalakuda_(village),5
Irinjalakuda_(village),Dearborn_Hills,5
Dearborn_Hills,Coco_Crisp,4
Hugh_Hefner,User_talk:Dismas,-1
User_talk:Dismas,Epic_(genre),4
Paul_Mackie,Oxy-fuel_welding_and_cutting,4
Mark_McGhee,User_talk:Escape_Orbit,-1
User_talk:Escape_Orbit,Brian_May,3
Brian_May,Wattie_Dick,-1
Wattie_Dick,Diego_Maradona,3
Dark_Ages,User:Touch_Of_Light,-1
Bis(2-ethylhexyl)_phthalate,Y_Combinator_(company),3
Y_Combinator_(company),Buffalo_buffalo_Buffalo_buffalo_buffalo_buffalo_Buffalo_buffalo,4
Phobos_(mythology),Giants_(Greek_mythology),2
Giants_(Greek_mythology),Aristaeus,2
Thanatos,Giants_(Greek_mythology),2
Giants_(Greek_mythology),Poseidon,1
Giant_(mythology),User_talk:Peanutsfish,-1
The_Lego_Group,Lemonade,3
Tupac,User:Morganseymourbutts,-1
User:Morganseymourbutts,Serena_Williams,-1
User_talk:Michelle24250,Pen,1
Christian_art,User:7theworldisthe323/sandbox,-1
User:7theworldisthe323/sandbox,Across_Five_Aprils,-1
Mary_Ann_Bickerdyke,User_talk:74.51.202.254,-1
User_talk:74.51.202.254,User:7theworldisthe323/sandbox,-1
User:7theworldisthe323/sandbox,User:7theworldisthe323,-1
User:CoinVaultLover,Toaster_Strudel,-1
Toaster_Strudel,User_talk:CoinVaultLover,-1
User_talk:CoinVaultLover,User:CoinVaultLover/sandbox,-1
User:CoinVaultLover/sandbox,Apple_Jacks,-1
Trix_(cereal),User_talk:CoinVaultLover,-1
Montenegro,"Catherine,_Duchess_of_Cambridge",3
"Catherine,_Duchess_of_Cambridge","Prince_William,_Duke_of_Cambridge",1
"Prince_William,_Duke_of_Cambridge",England_national_football_team,2
Wheelchair,Talk:Muhammad,4
Events_leading_to_the_attack_on_Pearl_Harbor,User_talk:Wutthuhek,-1
Jumu'ah,User:JJ_Jaguar2000,-1
Prayer,User_talk:JJ_Jaguar2000,-1
Jumu'ah,User_talk:JJ_Jaguar2000,-1
Race_and_ethnicity_in_the_United_States_Census,User:ChrisHodgesUK,-1
FA_Cup,Fox_Soccer,2
Fox_Soccer,Huyton,3
Carlisle_United_F.C.,User_talk:Graphium,-1
Candace_Parker,Trey_Burke,2
Kevin_J._Anderson,Clockwork_Angels,2
Clockwork_Angels,Pocket_Planes,5
Pocket_Planes,Friction,3
Friction,User_talk:Tc456,-1
User_talk:Tc456,Friction,4
Friction,User_talk:Tc456,-1
Multinational_corporation,St_Gregory's_Catholic_School,4
St_Gregory's_Catholic_School,Cherwell_School,4
Cherwell_School,Giles_Ji_Ungpakorn,4
Giles_Ji_Ungpakorn,User_talk:Dj12599,-1
Mary_White_(textile_designer),User_talk:Prisinor108,-1
User_talk:Prisinor108,Rydon_Community_College,1
Rydon_Community_College,List_of_schools_in_West_Sussex,2
Macbeth,User_talk:Rocketrod1960,-1
User_talk:Rocketrod1960,User_talk:Prisinor108,-1
User_talk:Prisinor108,User_talk:JohnCD,-1
User_talk:JohnCD,User_talk:Prisinor108,-1
User_talk:Prisinor108,Foul_Language,2
Foul_Language,User_talk:Prisinor108,-1
User_talk:Prisinor108,User_talk:JohnCD,-1
User_talk:JohnCD,Quagga,4
Quagga,User_talk:JohnCD,-1
User_talk:JohnCD,Dog,4
Rydon_Community_College,User:Prisinor108/sandbox,-1
User:Prisinor108/sandbox,Quagga,-1
Like_Minds,User_talk:Superkarebear,-1
Talk:James_Cook,Live_Free_or_Die_Hard,4
The_Yogscast,Amazon_basin,3
Agalychnis_callidryas,User_talk:Bumcheeks717,-1
Viol,User:GoKuchisakeonnago!,-1
User:GoKuchisakeonnago!,Mountain_Dew,-1
Love_Rollercoaster,User:GoKuchisakeonnago!,-1
User:GoKuchisakeonnago!,Mountain_Dew,-1
Mountain_Dew,User_talk:GoKuchisakeonnago!,-1
Manufacturing_in_Japan,Sam_Steele,3
Sex,User:V-manABC123,-1
Egyptian_Football_Association,The_FA_England_Awards,3
Like_Minds,5_Seconds_of_Summer,4
Like_Minds,Harry_Potter_and_the_Deathly_Hallows_–_Part_2,3
Norwalk_virus,Eternal_Legacy,5
Cleverbot,Happy_Wheels,4
Happy_Wheels,My_Little_Pony,3
Finland,Call_of_Duty:_Modern_Warfare_3,3
Call_of_Duty:_Modern_Warfare_3,Ultimate_Fighting_Championship,2
Ultimate_Fighting_Championship,User_talk:Cobrien17,-1
Cyprus,Spring_Breakers,4
Project_X_(2012_film),Pitch_Perfect,2
Pitch_Perfect,Gatorade,3
Spanish_language,Pitch_Perfect,3
Pitch_Perfect,Glass,3
Glass,Wikipedia:Sandbox,4
Wikipedia:Sandbox,Pitch_Perfect,-1
Tet_Offensive,Pandyan_Dynasty,3
Flag_of_Russia,John_Deere_(inventor),4
John_Deere_(inventor),Twilight_(series),4
Twilight_(series),User_talk:Jstimmel,-1
User_talk:Jstimmel,Atticus_Finch,4
Atticus_Finch,Shiloh_Christian_School,4
Shiloh_Christian_School,Billy_Mays,4
Billy_Mays,Keyboard_Cat,2
Tembo_(Kitembo)_language,User_talk:Materialscientist,-1
User_talk:Materialscientist,User_talk:Jason_Murdah,-1
User_talk:Jason_Murdah,User_talk:Materialscientist,-1
FF,Casimiro_A._Ynares_Sr._Memorial_National_High_School,-1
Casimiro_A._Ynares_Sr._Memorial_National_High_School,5-HT1A_receptor,-1
"Mariscal_Cáceres_District,_Camaná",Sheldon_Cohen,6
Sheldon_Cohen,Leavitt-Riedler_Pumping_Engine,4
Crystal_Scales,Posterior_humeral_circumflex_vessels,6
Posterior_humeral_circumflex_vessels,Felix_Walker_(Swiss_politician),8
Second_inauguration_of_Barack_Obama,Bob_Menendez,3
Bob_Menendez,"Barack_Obama_presidential_campaign,_2012",3
"Barack_Obama_presidential_campaign,_2012",Bob_Menendez,3
Claude_Lombard,What_Is_Love?_(Never_Shout_Never_album),4
What_Is_Love?_(Never_Shout_Never_album),2011–12_Sacramento_Kings_season,5
2011–12_Sacramento_Kings_season,Wikipedia:Sandbox,4
Wikipedia:Sandbox,User:Miikeoo,-1
User:Miikeoo,HMS_Inconstant_(1914),-1
Russian_language,Portal:History_of_Canada,3
Carnivore,User:NinjaJacob05,-1
User:NinjaJacob05,User_talk:Ninjatacoshell,-1
User_talk:Ninjatacoshell,User:NinjaJacob05,-1
Omnivore,User_talk:NinjaJacob05,-1
Trans_Europ_Express,Ralf_and_Florian,2
A_Distant_Thunder_(1978_film),The_Mix_(Kraftwerk_album),4
The_Mix_(Kraftwerk_album),Phaedra_(album),3
Holes_(film),Wikipedia:Edit_filter/False_positives/Reports,-1
Wikipedia:Edit_filter/False_positives/Reports,MTR_KTT,3
MTR_KTT,MTR_ktt,1
MTR_ktt,Talk:MTR_KTT,-1
Talk:MTR_KTT,Talk:MTR_ktt,-1
Talk:MTR_ktt,MTR_KTT,-1
MTR_KTT,Talk:MTR_KTT,-1
Talk:MTR_KTT,MTR_KTT,-1
MTR_KTT,MTR_KTT_(Kowloon_Through_Train),1
MTR_KTT_(Kowloon_Through_Train),Talk:MTR_KTT,-1
Talk:MTR_KTT,Talk:MTR_KTT_(Kowloon_Through_Train),-1
Talk:MTR_KTT_(Kowloon_Through_Train),Barry_White,-1
Barry_White,Talk:Barry_White,-1
Talk:Barry_White,Barry_White,3
Netherlands,User:Simche,-1
List_of_music_considered_the_worst,Scream_(Tokio_Hotel_album),3
Scream_(Tokio_Hotel_album),Humanoid_(album),2
"Hugh_Willoughby,_15th_Baron_Willoughby_of_Parham",Yo_Gabba_Gabba!,4
Shauna_Sand,Lê_Văn_Thiêm,5
William_Fell_Giles,User:Henrytwinkler,-1
User:Henrytwinkler,Carl_Johan_Fahlcrantz,-1
Valentin_Inzko,President_of_the_Swiss_Confederation,3
Altja,Harry_Baker,6
Crab,Wikipedia:Sandbox,4
Wikipedia:Sandbox,Jedward,-1
Jedward,User:Jpjazz,-1
User:Jpjazz,User:Jpjazz/sandbox,-1
User:Jpjazz/sandbox,Wikipedia:Sandbox,-1
Wikipedia:Sandbox,Religion,-1
Religion,User:Chamal_N,-1
User:Chamal_N,User_talk:Chamal_N,-1
User_talk:Chamal_N,User:Chamal_N/sandbox,-1
User:Chamal_N/sandbox,User_talk:Jpjazz,-1
Wikipedia:Sandbox,User_talk:Prakhar23,-1
User_talk:Prakhar23,User:TheDude2006,-1
Ysgol_Bryn_Alyn,List_of_The_X_Factor_finalists_(UK_series_9),4
List_of_The_X_Factor_finalists_(UK_series_9),User_talk:Mattyran,-1
User_talk:Mattyran,Nick_Clegg,-1
Jason_Manford,User_talk:Mattyran,-1
User:Ariat,Paris,-1
Edmund_Pevensie,Alex_Field,-1
Alex_Field,Motocycle,4
Courtney,Romy,4
Mosin–Nagant,List_of_My_Little_Pony:_Friendship_Is_Magic_characters,4
List_of_My_Little_Pony:_Friendship_Is_Magic_characters,AK-47,3
Breast_cancer,Tiger_penis,4
User_talk:WayKurat,Shadowgun:_Deadzone,6
Shadowgun:_Deadzone,Madfinger_Games,1
Madfinger_Games,Samruk-Kazyna,4
Samruk-Kazyna,KazMunayGas,1
KazMunayGas,Civil_Will-Green_Party,3
Civil_Will-Green_Party,Democratic_Party_(Mongolia),2
Democratic_Party_(Mongolia),Mongolian_People's_Revolutionary_Party_(2010),2
Mongolian_People's_Revolutionary_Party_(2010),VK_(social_networking_website),4
VK_(social_networking_website),Selena_Gomez_&_the_Scene,3
Selena_Gomez_&_the_Scene,Kazakhstan,3
Kazakhstan,User:N._Tuyushembekov,-1
Portal:Current_events/Sidebar,United_States_v._The_Progressive,3
United_States_v._The_Progressive,User_talk:Gilliam,-1
Bird_Sound,Walrus_ivory,4
John_Jenkins_(basketball),Kwame_Brown,3
Rondell_Sheridan,User_talk:Gogo_Dodo,-1
User_talk:Gogo_Dodo,User:Tabrnakus/sandbox,-1
User:Tabrnakus/sandbox,User_talk:Tabrnakus,-1
User_talk:Tabrnakus,User:Tabrnakus,-1
Rondell_Sheridan,User:Tabrnakus/sandbox,-1
Jesus,User_talk:Tabrnakus,-1
Gareth_Bale,FIFA_Ballon_d'Or,2
FIFA_Ballon_d'Or,Jonathan_Walters,3
User:Brad_dover,Arctic_Coal_Company,-1
Arctic_Coal_Company,List_of_lighthouses_in_Minnesota,5
List_of_lighthouses_in_Minnesota,Tampon,4
John_Wainwright_(author),The_Vampire_Chronicles,3
"Conemaugh_Township,_Somerset_County,_Pennsylvania","Johnston,_Pennsylvania",3
Shooter_(drink),HUMP!_(film_festival),4
HUMP!_(film_festival),User_talk:MotherFher,-1
42,Shooter_(drink),4
Shooter_(drink),HUMP!_(film_festival),4
Australia_national_rugby_league_team,The_Yogscast,3
The_Yogscast,England_cricket_team,3
Hồng_Đức_University,How_Beer_Saved_the_World,6
How_Beer_Saved_the_World,Wikipedia:Administrator_intervention_against_vandalism,5
Stuart_Kettlewell,WWE_World_Heavyweight_Championship,4
Brassiere,WWE_World_Heavyweight_Championship,3
Chicago_Blackhawks,Template:Anaheim_Ducks_roster,2
Template:Anaheim_Ducks_roster,Michel_Therrien,-1
Bo_Ryan,User_talk:Dubie6910,-1
Oprahism,"Martin_Luther_King,_Sr.",2
"Martin_Luther_King,_Sr.",History_of_the_Miami_Heat,3
History_of_the_Miami_Heat,Mario_Chalmers,1
Bretwalda,Dino_(automobile),4
Dino_(automobile),The_Osterman_Weekend,4
You_have_two_cows,Demand_flow_technology,4
Demand_flow_technology,Bburago,4
Bburago,Prostaglandin_E1,4
Prostaglandin_E1,Treatment_Action_Group,3
Treatment_Action_Group,Dino_(automobile),4
Dino_(automobile),History_of_radiation_therapy,4
History_of_radiation_therapy,Thomas_Dolby,4
Maserati_Birdcage_75th,User:Motorious/Mark_Stehrenberger,-1
Dannielynn_Birkhead_paternity_case,User_talk:Motorious,-1
Wayne_Gretzky,Wikipedia:Skin,4
Wikipedia:Skin,Bog,4
Detroit_Pistons,Eagle_Butte_High_School,5
Eagle_Butte_High_School,Dog_the_Bounty_Hunter,3
Dog_the_Bounty_Hunter,User:Andrewman327,-1
User:Andrewman327,Donald_Duck,4
Harbor_Square,"Atlantic_City,_New_Jersey",2
"Atlantic_City,_New_Jersey",Template:Atlantic_City_casinos,1
Template:Atlantic_City_casinos,Showboat_Atlantic_City,-1
Showboat_Atlantic_City,Saint-Martin_(Paris_Métro),5
Saint-Martin_(Paris_Métro),Showboat_Atlantic_City,4
Showboat_Atlantic_City,Revel_Atlantic_City,2
Revel_Atlantic_City,Tropicana_Casino_&_Resort_Atlantic_City,2
Tropicana_Casino_&_Resort_Atlantic_City,"Atlantic_City,_New_Jersey",1
List_of_tallest_buildings_in_New_York_City,Template:NYC_Metro_sports,3
Template:NYC_Metro_sports,Baseball_park,-1
Baseball_park,Template:Philadelphia_Sports,2
Template:Philadelphia_Sports,Template:New_York_Sports,-1
Template:New_York_Sports,List_of_tallest_buildings_in_Philadelphia,4
List_of_tallest_buildings_in_Philadelphia,List_of_tallest_buildings_in_Fort_Lee,2
List_of_tallest_buildings_in_Fort_Lee,List_of_tallest_buildings_in_Atlantic_City,1
List_of_tallest_buildings_in_Atlantic_City,List_of_tallest_buildings_in_Newark,1
List_of_tallest_buildings_in_Newark,List_of_tallest_buildings_in_Jersey_City,1
List_of_tallest_buildings_in_Jersey_City,Talk:Millennials,-1
Talk:Millennials,Pacific_coast,4
New_York,User_talk:Cocacola125802,-1
User_talk:Cocacola125802,United_States,-1
Anglo-America,Salem_County_Special_Services_School_District,4
Salem_County_Special_Services_School_District,File:SCSSSD_logo.png,-1
File:SCSSSD_logo.png,Salem_County_Special_Services_School_District,-1
Salem_County_Special_Services_School_District,File:SCVTS_logo.png,-1
File:SCVTS_logo.png,Salem_County_Vocational_Technical_Schools,-1
Salem_County_Vocational_Technical_Schools,Super_Bowl_50,3
Harbor_Square,Salem_County_Special_Services_School_District,3
Salem_County_Special_Services_School_District,SCSSSD,2
SCSSSD,Template:Largest_cities_of_New_York,4
Template:Largest_cities_of_New_York,New_York,-1
Talk:Full_House,Rachel_Maddow,-1
Rachel_Maddow,Talk:Natalie_Morales,-1
Warthog,User_talk:Apokryltaros,-1
John_Jacob_Astor,User_talk:Thedarkknight118,-1
Sebastian_Vettel,Greenshaw_High_School,3
Greenshaw_High_School,May_21,5
Teenage_Mutant_Ninja_Turtles_(IDW_Publishing),Barney,4
Ithaca_Commons,Talk:Ithaca_Commons,-1
Talk:Ithaca_Commons,Ithaca_Commons,4
Ithaca_Commons,User_talk:Freakofnurture,-1
User_talk:Freakofnurture,Wikipedia:Changing_username/Simple,-1
Wikipedia:Changing_username/Simple,User:GeniusMaster,-1
User:GeniusMaster,User:Great_Demon_Lord,-1
User:Great_Demon_Lord,User:Farall,-1
User:Farall,Wikipedia:Changing_username/Simple,-1
Wikipedia:Changing_username/Simple,Visa_(document),3
Age_of_majority,Wikipedia:Username_policy,4
Wikipedia:Username_policy,Tompkins_Consolidated_Area_Transit,4
Bachelor_of_Music,Talk:Sturgis_Charter_Public_School,-1
Talk:Sturgis_Charter_Public_School,Ode_for_St._Cecilia's_Day_(Handel),-1
John_Sterling_(sportscaster),Celebrity_prank_call,3
Yankees_Suck,User:Kantenstein,-1
User:Kantenstein,User:Willy_on_wheels,-1
User:Willy_on_wheels,Sturgis_Charter_Public_School,-1
Sturgis_Charter_Public_School,Talk:Sturgis_Charter_Public_School,-1
Talk:Sturgis_Charter_Public_School,User:DeathrockerComment,-1
User:DeathrockerComment,User:Whadupsuckas,-1
User:Whadupsuckas,User:Dude_Loves,-1
User:Dude_Loves,User:MikeRoss,-1
User:MikeRoss,User:MajorPenny,-1
User:MajorPenny,User_talk:Shanes/2006-Apr-1_to_2006-Aug-31,-1
User_talk:Shanes/2006-Apr-1_to_2006-Aug-31,User_talk:Alex_Bakharev,-1
User_talk:Alex_Bakharev,User_talk:Magister_Mathematicae,-1
User_talk:Magister_Mathematicae,Sturgis_Charter_Public_School,5
Sturgis_Charter_School,User:C.urps_Really_Sucks,-1
User:C.urps_Really_Sucks,Bachelor_of_Music,-1
Bachelor_of_Music,Talk:Sturgis_Charter_Public_School,-1
Talk:Sturgis_Charter_Public_School,User:Universe_Daily,-1
User:Universe_Daily,User:A7skt6bsbll1gtr9,-1
User:A7skt6bsbll1gtr9,Tonality,-1
Sturgis_Charter_Public_School,Talk:Sturgis_Charter_Public_School,-1
Talk:Sturgis_Charter_Public_School,Sturgis_Charter_Public_School,-1
Sturgis_Charter_Public_School,Talk:Sturgis_Charter_Public_School,-1
Talk:Sturgis_Charter_Public_School,Sturgis_Charter_Public_School,-1
Sturgis_Charter_Public_School,Wikipedia:Requests_for_page_protection,4
Wikipedia:Requests_for_page_protection,User:Oldspammer,-1
User:Oldspammer,Talk:Sturgis_Charter_Public_School,-1
Talk:Sturgis_Charter_Public_School,User:MasterOfMuppets,-1
User:MasterOfMuppets,Talk:Sturgis_Charter_Public_School,-1
Talk:Sturgis_Charter_Public_School,User:The_propogandist,-1
User:The_propogandist,User:John_Sovell,-1
User:John_Sovell,Sturgis_Charter_Public_School,-1
Sturgis_Charter_Public_School,User:892186,-1
User:892186,User:Josieee.eee,-1
User:Josieee.eee,User:Jon777,-1
User:Jon777,User:공수_아이는_수음자_이다,-1
User:공수_아이는_수음자_이다,User:Bigman123,-1
User:Bigman123,User:Cʋɾρʃ,-1
User:Cʋɾρʃ,User:Curtis_S2,-1
User:Curtis_S2,Tenor,-1
Tenor,User:Jonarooni,-1
User:Jonarooni,User:Noel_Bush,-1
User:Noel_Bush,User:Smugface_the_unreliable_dwarf,-1
User:Smugface_the_unreliable_dwarf,User:Jillko,-1
User:Jillko,User:Zui1,-1
User:Zui1,User:Smugface_the_greedy_dwarf,-1
User:Smugface_the_greedy_dwarf,Boston_Red_Sox,-1
Green_Monster_(disambiguation),Wally_(mascot),1
Wally_(mascot),User:Bugman94,-1
User:Bugman94,Talk:Wally_the_Green_Monster,-1
Talk:Wally_the_Green_Monster,User:PokemonFan,-1
User:PokemonFan,User:Grandiakid,-1
User:Grandiakid,User:J1MBO_WAL3S,-1
User:J1MBO_WAL3S,User:Smugface_the_goldeating_dwarf,-1
User:Smugface_the_goldeating_dwarf,User:Jimbo_Wales/In_many_languages...,-1
User:Jimbo_Wales/In_many_languages...,User:Lonympics,-1
User:Lonympics,User:Wolverine456,-1
User:Wolverine456,User:Lonympics,-1
User:Lonympics,Sturgis_Charter_Public_School,-1
Sturgis_Charter_Public_School,Talk:Sturgis_Charter_Public_School,-1
Talk:Sturgis_Charter_Public_School,User:DeborahBrown,-1
User:DeborahBrown,Sturgis_Charter_Public_School,-1
Sturgis_Charter_Public_School,User:Theflyingfudge,-1
User:Theflyingfudge,User:DYINGsucks,-1
User:DYINGsucks,Sturgis_Charter_Public_School,-1
Sturgis_Charter_Public_School,User:Loserville,-1
User:Loserville,User:Jyurjf,-1
User:Jyurjf,User:Haggus573,-1
User:Haggus573,User:Horriblejoe1envy,-1
User:Horriblejoe1envy,User:CorrectionsEditor,-1
User:CorrectionsEditor,Sturgis_Charter_Public_School,-1
Sturgis_Charter_Public_School,User:IanLaplante,-1
User:IanLaplante,User:Hollywood18,-1
User:Hollywood18,User:Aelcs,-1
User:Aelcs,User:Railer_505,-1
User:Railer_505,User:Dingledanglement,-1
User:Dingledanglement,User:Gkhjy,-1
User:Gkhjy,User:Otto_Von_Haasns,-1
User:Otto_Von_Haasns,Sturgis_Charter_Public_School,-1
Sturgis_Charter_Public_School,Talk:Sturgis_Charter_Public_School,-1
Talk:Sturgis_Charter_Public_School,Sturgis_Charter_Public_School,-1
Sturgis_Charter_Public_School,User:Lubu999,-1
User:Lubu999,Cape_Cod_Regional_Transit_Authority,-1
Cape_Cod_Regional_Transit_Authority,CCRTA,1
The_Breeze,User:Bad_Astronomer,-1
User:Bad_Astronomer,User:UniverseToday,-1
User:UniverseToday,User:Dandanakan,-1
User:Dandanakan,User:Craw_Wurm,-1
User:Craw_Wurm,User:Rob_06-07,-1
User:Rob_06-07,User:Centralcitynews,-1
User:Centralcitynews,User:Digi_Wiki,-1
User:Digi_Wiki,User:Cartman4000,-1
User:Cartman4000,User:Gezza,-1
User:Gezza,User:Faerieangel,-1
User:Faerieangel,User:HMLINC,-1
User:HMLINC,User:Determination,-1
User:Determination,User:Dimbo_Wales,-1
User:Dimbo_Wales,User:Coproero,-1
User:Coproero,User:Never_Cry_Wolf,-1
User:Never_Cry_Wolf,User:Colonbowgupwagon,-1
User:Colonbowgupwagon,User:Careerjoy,-1
User:Careerjoy,User:Lets_Spam_Wikipedia_Together,-1
User:Lets_Spam_Wikipedia_Together,User:Bt414,-1
User:Bt414,User:Moltrix,-1
User:Moltrix,User:Kelpfishburger,-1
User:Kelpfishburger,User:MACORIS_CLOTHING,-1
User:MACORIS_CLOTHING,User:Guitargarcia,-1
User:Guitargarcia,User:His_excellency,-1
User:His_excellency,User:CNC,-1
User:CNC,User:Jarannda,-1
User:Jarannda,User:Defleppardsdrummerhasonlyonearm,-1
User:Defleppardsdrummerhasonlyonearm,User:Danwat1234,-1
User:Danwat1234,User:IMVato,-1
User:IMVato,User:Notsasockpuppet,-1
User:Notsasockpuppet,User:Do_it_again,-1
User:Do_it_again,User:Sott,-1
User:Sott,User:By_George,-1
User:By_George,User:MeBee,-1
User:MeBee,User:Sott,-1
User:Sott,User:Sonofzion,-1
User:Sonofzion,User:Josephboyd786,-1
User:Josephboyd786,User:Killarahigh,-1
User:Killarahigh,User:Markcarter,-1
User:Markcarter,User:Vacuum_cleaner,-1
User:Vacuum_cleaner,User:PhatB,-1
User:PhatB,Cape_Cod_Regional_Transit_Authority,-1
Cape_Cod_Regional_Transit_Authority,User:Otherkin_=_insanity,-1
User:Otherkin_=_insanity,User:Giant_Richard_Head,-1
User:Giant_Richard_Head,User:Greatscott,-1
User:Greatscott,User:Not_a_Sockpuppet_of_Flameviper12,-1
User:Not_a_Sockpuppet_of_Flameviper12,User:Flameviper1ʔ,-1
User:Flameviper1ʔ,User:Emperor_Hirohito,-1
User:Emperor_Hirohito,Wikipedia:Long-term_abuse/MascotGuy,-1
Wikipedia:Long-term_abuse/MascotGuy,User:CoolBlackGuy,-1
User:CoolBlackGuy,User_talk:Freakofnurture,-1
User_talk:Freakofnurture,User:CrazyGoodman,-1
User:CrazyGoodman,User:Railer_3E6,-1
User:Railer_3E6,User:Nandalism,-1
User:Nandalism,Wikipedia:Administrator_intervention_against_vandalism,-1
Wikipedia:Administrator_intervention_against_vandalism,New_York_Yankees,3
New_York_Yankees,Talk:New_York_Yankees,-1
Talk:New_York_Yankees,Wikipedia:Administrator_intervention_against_vandalism,5
Wikipedia:Administrator_intervention_against_vandalism,User:Idayam,-1
User:Idayam,User:Dclobbyist,-1
User:Dclobbyist,User:WinCliff,-1
User:WinCliff,User:Imran_blackburn,-1
User:Imran_blackburn,User:Medstudies,-1
User:Medstudies,User:Innocent_grl,-1
User:Innocent_grl,National_League,-1
Project_Gemini,Lambda_(rocket_family),2
Lambda_(rocket_family),Park_Chung-hee,3
Park_Chung-hee,List_of_megaprojects,3
List_of_megaprojects,List_of_countries_without_an_airport,3
List_of_countries_without_an_airport,Air_force,3
Timeline_of_Korean_history,Index_of_Korea-related_articles,2
Index_of_Korea-related_articles,Korean_Empire,2
Timeline_of_Korean_history,Talk:Timeline_of_Korean_history,-1
Talk:Timeline_of_Korean_history,Timeline_of_Korean_history,-1
Timeline_of_Korean_history,Timeline_of_the_Korean_Empire,2
Timeline_of_the_Korean_Empire,Timeline_of_Korean_history,2
Timeline_of_Korean_history,Timeline_of_the_Korean_Empire,2
Timeline_of_the_Korean_Empire,Timeline_of_Korean_history,2
Timeline_of_Korean_history,Timeline_of_the_Korean_Empire,2
Timeline_of_the_Korean_Empire,Timeline_of_Korean_history,2
Timeline_of_Korean_history,Timeline_of_the_Korean_Empire,2
Timeline_of_the_Korean_Empire,Gwangmu_Reform,1
Gwangmu_Reform,Korean_Empire,1
Korean_Empire,Gwangmu_Reform,1
Gwangmu_Reform,Timeline_of_the_Korean_Empire,1
Timeline_of_the_Korean_Empire,Korean_Empire,1
1923_Great_Kantō_earthquake,Timeline_of_the_Korean_Empire,3
Timeline_of_the_Korean_Empire,Gwangmu_Reform,1
Gwangmu_Reform,Timeline_of_the_Korean_Empire,1
Timeline_of_the_Korean_Empire,Timeline_of_the_Gwangmu_Reform,1
Timeline_of_the_Gwangmu_Reform,Timeline_of_Korean_history,2
Timeline_of_Korean_history,Timeline_of_the_Gwangmu_Reform,2
Timeline_of_the_Gwangmu_Reform,Korean_Empire,1
Korean_Empire,Gwangmu_Reform,1
Gwangmu_Reform,Korean_Empire,1
Korean_Empire,Timeline_of_the_Gwangmu_Reform,1
Timeline_of_the_Gwangmu_Reform,Timeline_of_the_Korean_Empire,1
Timeline_of_the_Korean_Empire,Timeline_of_the_Gwangmu_Reform,1
Timeline_of_the_Gwangmu_Reform,Joseon,2
Timeline_of_Korean_history,Timeline_of_the_Gwangmu_Reform,2
Timeline_of_the_Gwangmu_Reform,Modernization,2
Modernization,Timeline_of_the_Gwangmu_Reform,1
Timeline_of_the_Gwangmu_Reform,Timeline_of_Korean_history,2
Airship,User_talk:Conprix,-1
User_talk:Conprix,Timeline_of_the_Gwangmu_Reform,2
Timeline_of_the_Gwangmu_Reform,North_Korea,2
North_Korea,Wikipedia:WikiProject_Korea/Participants,-1
Wikipedia:WikiProject_Korea/Participants,User:Franknam96,-1
User:Franknam96,Talk:Park_Chung-hee,-1
Talk:Park_Chung-hee,"File:The_West_Gate_of_Seoul,_Korean_Empire_(대한제국_서대문역).jpg",-1
"File:The_West_Gate_of_Seoul,_Korean_Empire_(대한제국_서대문역).jpg",Timeline_of_the_Gwangmu_Reform,-1
Timeline_of_the_Gwangmu_Reform,File:KIS_Guangmu.png,-1
File:KIS_Guangmu.png,Timeline_of_the_Gwangmu_Reform,-1
Timeline_of_the_Gwangmu_Reform,Korean_Empire,1
Korean_Empire,Timeline_of_the_Gwangmu_Reform,1
Timeline_of_the_Gwangmu_Reform,Korean_Empire,1
Korean_Empire,Timeline_of_the_Gwangmu_Reform,1
Timeline_of_the_Gwangmu_Reform,Korean_Empire,1
Korean_Empire,Timeline_of_the_Gwangmu_Reform,1
Timeline_of_the_Gwangmu_Reform,Jeju_Naval_Base,3
Jeju_Naval_Base,KIS_Guangjae,4
KIS_Guangjae,KIS_Yangmu,1
KIS_Yangmu,List_of_sovereign_states_in_1899,4
List_of_sovereign_states_in_1899,KIS_Yangmu,5
KIS_Yangmu,KIS_Guangjae,1
KIS_Guangjae,KIS_Yangmu,1
KIS_Yangmu,Korean_Imperial_Naval_Academy,3
Korean_Imperial_Naval_Academy,Board_of_Marshals,3
Board_of_Marshals,Park_Chung-hee,3
Park_Chung-hee,List_of_country_subdivisions_by_GDP_over_100_billion_US_dollars,3
List_of_country_subdivisions_by_GDP_over_100_billion_US_dollars,Trillion_dollar_club,2
Trillion_dollar_club,United_Nations_General_Assembly_resolution_67/19,3
United_Nations_General_Assembly_resolution_67/19,Timeline_of_first_orbital_launches_by_country,2
Timeline_of_first_orbital_launches_by_country,STSAT-2C,1
STSAT-2C,Timeline_of_first_orbital_launches_by_country,2
Satellite,Talk:Timeline_of_first_orbital_launches_by_country,-1
Talk:Timeline_of_first_orbital_launches_by_country,Timeline_of_first_orbital_launches_by_country,1
Satellite,Template:Satellite_navigation_systems,2
Template:Satellite_navigation_systems,Korea_Aerospace_Research_Institute,-1
Timeline_of_first_orbital_launches_by_country,Template:Time_signal_stations,3
Template:Time_signal_stations,Template:Weapons_of_mass_destruction,-1
Template:Weapons_of_mass_destruction,South_Korean_nuclear_research_programs,-1
South_Korean_nuclear_research_programs,Chang_Bogo-class_submarine,3
Chang_Bogo-class_submarine,Template:Current_SSN,2
Template:Current_SSN,Republic_of_Korea_Navy,-1
Nuclear_submarine,Template:Current_SSN,2
Template:Current_SSN,Nuclear_submarine,-1
Nuclear_submarine,Template:SSBN_classes_in_service,2
Template:SSBN_classes_in_service,Chang_Bogo-class_submarine,-1
Chang_Bogo-class_submarine,Nuclear_submarine,2
"Lens,_Pas-de-Calais","Talk:Lens,_Pas-de-Calais",-1
Dil_Dosti_Dance,User_talk:TaReyLover,-1
Dil_Dosti_Dance,User_talk:TaReyLover,-1
User_talk:TaReyLover,User_talk:Cannolis,-1
Dil_Dosti_Dance,User_talk:Cannolis,-1
"East_Palestine,_Ohio",Philip_Barbour_High_School,4
Toxic_waste,Sandy_Hook_Elementary_School_shooting,3
Yolo,Guitar_Hero:_On_Tour_series,4
Guitar_Hero:_On_Tour_series,Guitar_Hero_(video_game),2
Serial_killer,List_of_serial_killers_in_the_United_States,2
Adolf_Hitler's_rise_to_power,User_talk:Hobo_Jeff,-1
Will_Keith_Kellogg,Glee_(TV_series),3
Glee_(TV_series),Granite,-1
Bobby_McGrath,André_Oliveira,-1
André_Oliveira,Adobe_After_Effects,5
Adobe_After_Effects,André_Oliveira,-1
André_Oliveira,North_Carolina,4
Wikipedia:Articles_for_creation/Redirects,Rishton,4
George_E._Goodfellow,Deusdedit_of_Canterbury,4
"Belcarra,_County_Mayo","Balla,_County_Mayo",2
"Balla,_County_Mayo",Luis_Suárez,3
Luis_Suárez,User:Mattythewhite,-1
Talk:Cristiano_Ronaldo,Atum,4
Fern,User_talk:Mean_as_custard,-1
IOS,User_talk:Ushau97/archive,-1
User:Master_of_Puppets,Talk:Chiltern_Edge_School,-1
Talk:Chiltern_Edge_School,User_talk:Master_of_Puppets,-1
User_talk:Master_of_Puppets,User_talk:Wethex,-1
Mark_Striegl,Jun_Hee_Lee,5
Lydiard_Park_Academy,K_League_All-Star_Game,4
K_League_All-Star_Game,Blue-footed_booby,4
User:Leecho62/sandbox,Spooky_Nights,-1
Spooky_Nights,Loch_Ness,3
Rana_Sanga,User:Camoo3000/sandbox,-1
User:Camoo3000/sandbox,Spooky_Nights,5
Spooky_Nights,Loch_Ness,3
"Mulberry_High_School_(Mulberry,_Florida)",Cabbage,3
NRS_social_grade,User_talk:Blasphemous_Jew,-1
Rhys,Little_Girl_(Miwa_song),5
Little_Girl_(Miwa_song),File:Miwa_littlegirl.jpg,-1
File:Miwa_littlegirl.jpg,Seedless_fruit,-1
Seedless_fruit,Niggas_in_Paris,4
User_talk:Louis_Tomlinson_Is_My_Love,James_Chadwick,-1
Follow_Me!_(1972_film),Tomás_Bretón,4
Tomás_Bretón,San_Fernando_Elementary_School_District,5
San_Fernando_Elementary_School_District,Sidney_Robinson_(athlete),5
Sidney_Robinson_(athlete),Althaea_cannabina,5
Althaea_cannabina,Sean_McClory,4
Bian_Hongmin,Blood-spinning,4
Blood-spinning,Wamashrahu,5
Wamashrahu,Tony_Yeboah,4
John_Keats,User:Bennx285/sandbox,-1
User:Bennx285/sandbox,User:Bennx285,-1
John_Keats,User_talk:Revolution1221,-1
User_talk:Revolution1221,User_talk:Bennx285,-1
Crazy_(disambiguation),Rick_Riordan,4
Pine,Beats_Electronics,3
Poker,Pillow_Pets,5
2010–11_NCAA_Division_I_men's_basketball_rankings,2010–11_Duke_Blue_Devils_men's_basketball_team,3
2010–11_Duke_Blue_Devils_men's_basketball_team,Iowa_Hawkeyes,3
Integrity_(band),User_talk:SystemsOverload,-1
Integrity_(band),User_talk:SystemsOverload,-1
User_talk:SystemsOverload,User_talk:Biker_Biker,-1
User_talk:Biker_Biker,Wikipedia:Administrator_intervention_against_vandalism,4
Shakespeare_authorship_question,User_talk:Torreslfchero,-1
User_talk:Torreslfchero,List_of_sovereign_states,-1
Phyllis_Reynolds_Naylor,Coventry_High_School_(Ohio),5
Coventry_High_School_(Ohio),SpongeBob_SquarePants,3
SpongeBob_SquarePants,Justin_Bieber,2
Justin_Bieber,Lunar_eclipse,3
Lunar_eclipse,User_talk:SonicSonic642,-1
Ginger,User_talk:Deli_nk,-1
Shang_dynasty,User_talk:Kanguole,-1
User_talk:Kanguole,Qin_dynasty,3
Spud_(game),User:Pdcook,-1
Windows_8,Windows_7,1
Windows_7,Talk:777,-1
Talk:777,Windows_7,4
Sloth_moth,Decomposer,3
List_of_additives_in_cigarettes,User_talk:4twenty42o,-1
User_talk:4twenty42o,User_talk:Avoided,-1
Olivier_Giroud,Glenn_Murray,2
Higgs_boson,User_talk:SoCalSuperEagle,-1
BioShock_Infinite,User:Ferret,-1
BioShock_Infinite,User_talk:Ferret,-1
Leicester_City_F.C.,Lawson_(band),3
Lawson_(band),FIFA_13,3
FIFA_13,London_Eye,2
London_Eye,FIFA_13,3
FIFA_13,Gareth_Bale,1
Talk:Call_of_Duty:_Modern_Warfare_2,User_talk:Sandalman3000,-1
User_talk:Sandalman3000,User_talk:Bbolen76,-1
Talk:Call_of_Duty:_Modern_Warfare_2,Age_of_Enlightenment,3
Diamond_Jubilee_of_Elizabeth_II,A_Million_Little_Fibers,4
User_talk:R'n'B,Talk:Russo-Turkish_War_(1877–78),-1
Talk:Russo-Turkish_War_(1877–78),User_talk:Nostradamus1,-1
User_talk:Nostradamus1,Wikipedia:Disambiguation_pages_with_links/January_2013,-1
User_talk:R'n'B,Sonny,5
Sonny,User:BD2412/Eleventh_dated_archive,-1
User:BD2412/Eleventh_dated_archive,Wiki_markup,3
Wiki_markup,User_talk:Hawkeye7,-1
User_talk:Hawkeye7,Geolocation_software,4
Sonny,Wikipedia:Editor's_index_to_Wikipedia,-1
Wikipedia:Editor's_index_to_Wikipedia,Wikipedia:Blocking_IP_addresses,4
Lucayan_people,User_talk:Vince123cub,-1
Michelle_Creber,User_talk:Captainyumyum,-1
El_Hadji_Diouf,"Michael_Brown_(footballer,_born_1977)",2
"Michael_Brown_(footballer,_born_1977)",Kidderminster_Harriers_F.C.,2
Pitbull_(rapper),User_talk:DMacks,-1
Pitbull_(rapper),User_talk:DMacks,-1
Business_(newspaper),Common_carotid_artery,4
Retromandibular_vein,User_talk:86.DGA,-1
John_Miller_Martin,Outline_of_Tonga,4
Outline_of_Tonga,Curtis_Granderson,4
Keyboard,Call_of_Duty:_Modern_Warfare_2,4
2003_in_music,Wikipedia:Sandbox,4
Wikipedia:Sandbox,Bloomington_High_School_South,-1
Bloomington_High_School_South,User_talk:Marauder40,-1
User_talk:Marauder40,16th_Street_Baptist_Church_bombing,4
List_of_redheads,Knole_Academy,3
Knole_Academy,Longfield_Academy,2
Longfield_Academy,Morris_Marina,4
Longfield_Academy,List_of_redheads,4
List_of_redheads,Kings_of_Leon,2
Shola_Ameobi,User:Lewisdixon123/sandbox,-1
User:Lewisdixon123/sandbox,Cramlington_Learning_Village,-1
Longfield_Academy,Wikipedia:Sandbox,4
Wikipedia:Sandbox,"Herne_Bay,_Kent",-1
Bring_Me_the_Horizon,Geordie_Shore,3
Geordie_Shore,Gynecomastia,3
Sprowston_Community_High_School,Dench,-1
Grupo_Pegasso,Inter-Community_School_Zürich,5
Astra_Taylor,User:Elliechops,-1
User:Elliechops,Belgica_Guyot,-1
Belgica_Guyot,Buckle_Island,4
Tributary,9GAG,6
9GAG,Justin_Bieber,3
Justin_Bieber,Hue,3
Hue,2012_phenomenon,3
2012_phenomenon,Barack_Obama,2
Jak_and_Daxter,Call_of_Duty:_Black_Ops_II,2
Mortal_Kombat,Dora_the_Explorer_video_games,3
Dora_the_Explorer_video_games,User_talk:Hillatoppa,-1
Girls_Aloud,Australia's_Got_Talent_(series_7),2
Australia's_Got_Talent_(series_7),Australia's_Got_Talent,1
Australia's_Got_Talent,The_X_Factor_(U.S._season_3),2
The_X_Factor_(U.S._season_3),The_X_Factor_(UK_series_9),2
The_X_Factor_(UK_series_9),List_of_past_EastEnders_characters,3
List_of_past_EastEnders_characters,List_of_Coronation_Street_characters_(2012),3
List_of_Coronation_Street_characters_(2012),Alice_Levine,3
Alice_Levine,Tommy_Knight,3
Category_talk:Main_topic_classifications,User_talk:Keenanbeenan,-1
User_talk:Keenanbeenan,Category:Children,-1
Category:Children,User:Keenanbeenan/sandbox,-1
User:Keenanbeenan/sandbox,Portal:Biography/Selected_picture/Day_2,-1
Portal:Biography/Selected_picture/Day_2,Portal:Biography/Selected_article/March,-1
Portal:Biography/Selected_article/March,Kindergarten,-1
Frank_(given_name),Anna_(given_name),4
Irish_Thoroughbred,End_time,4
Teddy_bear,User_talk:Gogo_Dodo,-1
Talk:Roblox,User:FlakyDiscord,-1
User:FlakyDiscord,Soham_Village_College,-1
Soham_Village_College,User_talk:L._Hulbert,-1
Synbiotics,Wikipedia_talk:Wikipedia_Signpost/2013-02-11/Featured_content,-1
Wikipedia_talk:Wikipedia_Signpost/2013-02-11/Featured_content,List_of_Chinese_dictionaries,5
Soham_Village_College,User_talk:L._Hulbert,-1
User_talk:L._Hulbert,Soham_Village_College,-1
Soham_Village_College,Presidency_of_Barack_Obama,4
Presidency_of_Barack_Obama,Talk:Presidency_of_Barack_Obama,-1
Talk:Presidency_of_Barack_Obama,Death_of_Muammar_Gaddafi,3
Death_of_Muammar_Gaddafi,Talk:Death_of_Muammar_Gaddafi,-1
Ninian_Smart,User_talk:4twenty42o,-1
(Everything_I_Do)_I_Do_It_for_You,Billboard_Year-End_Hot_100_singles_of_1991,2
Sarvam,"Benjamin,_Duke_of_Soubise",4
"Benjamin,_Duke_of_Soubise",Nanotechnology,3
Coneheads,User_talk:Smalljim,-1
The_Amazing_World_of_Gumball,"Lake_Forest_Park,_Washington",4
The_Amazing_World_of_Gumball,Bob's_Burgers,3
Bob's_Burgers,Kalil_Wilson,4
Kalil_Wilson,Bob's_Burgers,3
Bob's_Burgers,Home_Movies_(TV_series),1
Home_Movies_(TV_series),Archer_(TV_series),2
Archer_(TV_series),Bob's_Burgers,1
Bob's_Burgers,Lalaloopsy,3
Lalaloopsy,Home_Movies_(TV_series),3
Home_Movies_(TV_series),Archer_(TV_series),2
Archer_(TV_series),Bob's_Burgers,1
Bob's_Burgers,The_Simpsons,1
The_Simpsons,Kalil_Wilson,3
Borderlands_2,Far_Cry_3,3
Far_Cry_3,Assassin's_Creed_IV:_Black_Flag,2
Assassin's_Creed_IV:_Black_Flag,2013_Six_Nations_Championship,4
Ball_Park_Music,User:Dr_V_Von_Doom,-1
Cordyline_australis,Personal_computer_hardware,3
Personal_computer_hardware,User_talk:Lonewolfdablak,-1
Sheriff_Woody,Wikipedia:Sandbox,4
Maximilian_Njegovan,Ken's_Bar_II,5
Ken's_Bar_II,Hans_Kohala,-1
Ghassan_Elashi,Chellaston_and_Swarkestone_railway_station,5
Chellaston_and_Swarkestone_railway_station,1910–11_Northern_Rugby_Football_Union_season,3
1910–11_Northern_Rugby_Football_Union_season,19_Kids_and_Counting,4
Sun_Yaoting,Osceola_High_School_(Wisconsin),5
Osceola_High_School_(Wisconsin),Minnesota_Vikings,3
So_Cute,Perfect_(grammar),4
Perfect_(grammar),I_Love_You,7
Valerie,Pahiram_ng_Sandali,4
Pahiram_ng_Sandali,User_talk:WayKurat,-1
User_talk:WayKurat,Julie_Anne_San_Jose,4
Julie_Anne_San_Jose,Richard_Gomez,2
Richard_Gomez,Dead_Trigger,4
Dead_Trigger,Cagayan_de_Oro,4
Cagayan_de_Oro,Selena_Gomez_&_the_Scene,4
Selena_Gomez_&_the_Scene,VK_(social_networking_website),3
VK_(social_networking_website),User:Hoy_Alayaw,-1
User:Hoy_Alayaw,User_talk:WayKurat,-1
America's_Next_Top_Model_(cycle_20),The_Face_(U.S._TV_series),3
The_Face_(U.S._TV_series),America's_Next_Top_Model_(cycle_17),2
America's_Next_Top_Model_(cycle_17),America's_Next_Top_Model_(cycle_12),1
America's_Next_Top_Model_(cycle_12),America's_Next_Top_Model_(cycle_17),2
America's_Next_Top_Model_(cycle_17),America's_Next_Top_Model_(cycle_11),1
America's_Next_Top_Model_(cycle_11),Dance_Moms,3
Dance_Moms,America's_Next_Top_Model_(cycle_9),3
User_talk:RealMI6Fan,Casualty_(TV_series),-1
Casualty_(TV_series),Talk:Casualty_(TV_series),-1
Talk:Casualty_(TV_series),User:RealMI6Fan,-1
User:RealMI6Fan,Casualty_(TV_series),-1
Star_Wars:_The_Clone_Wars_(2008_TV_series),SimCity_(2013_video_game),3
SimCity_(2013_video_game),Casualty_(TV_series),3
Casualty_(TV_series),SimCity_(2013_video_game),3
SimCity_(2013_video_game),Empire:_Total_War,3
Empire:_Total_War,SimCity_(2013_video_game),3
SimCity_(2013_video_game),Talk:List_of_Walt_Disney_Pictures_films,-1
Talk:List_of_Walt_Disney_Pictures_films,Star_Wars:_The_Clone_Wars_(2008_TV_series),2
User_talk:RealMI6Fan,Empire:_Total_War,-1
User_talk:RealMI6Fan,Talk:List_of_Walt_Disney_Pictures_films,-1
Syria_International_Islamic_Bank,Wikipedia:Edit_filter/False_positives/Reports,-1
Good_Morning_America,Today_(U.S._TV_program),1
Today_(U.S._TV_program),Natalie_Morales,1
Good_Morning_America,User:OceanBlue13,-1
User:OceanBlue13,Hoda_Kotb,-1
Al_Roker,User_talk:Lugia2453,-1
User_talk:Lugia2453,User_talk:OceanBlue13,-1
User_talk:OceanBlue13,User_talk:Lugia2453,-1
User_talk:Lugia2453,User:OceanBlue13,-1
User:OceanBlue13,User_talk:Nyyfnfrvr,-1
User_talk:Nyyfnfrvr,Kevin_Youkilis,2
Kevin_Youkilis,User:OceanBlue13,-1
User:OceanBlue13,User_talk:Nyyfnfrvr,-1
User_talk:Nyyfnfrvr,User_talk:OceanBlue13,-1
User_talk:OceanBlue13,Talk:Matt_Lauer,-1
Talk:Matt_Lauer,User_talk:OceanBlue13,-1
Soup,Spinning_Dancer,4
Spinning_Dancer,Louis_Walsh,4
The_Looking_Glass_Wars,User:TonytheSentinel,-1
Dione,Shannon_(given_name),5
Shannon_(given_name),Orphan,3
Code_Red,Leonard_Proxauf,5
Leonard_Proxauf,User:ClueBot_NG/ReviewInterface/Stats/UserHeader,-1
User:ClueBot_NG/ReviewInterface/Stats/UserHeader,Robbie_Tucker,-1
Raúl_(footballer),Talk:Cristiano_Ronaldo,-1
Talk:Cristiano_Ronaldo,Fernando_Morientes,2
Ezequiel_Lavezzi,Jérémy_Ménez,3
Jérémy_Ménez,Chris_Smalling,2
Brawijaya_Stadium,"Cavour,_Piedmont",5
"Cavour,_Piedmont",Quesadilla,3
Shakira,Precious_(film),2
Precious_(film),Bill_Nye_the_Science_Guy,3
Maroon_5,User_talk:Lugia2453,-1
User_talk:Lugia2453,NSYNC,-1
Flowers_for_Algernon,User_talk:Lugia2453,-1
User_talk:Lugia2453,User_talk:Widr,-1
User_talk:Widr,User:HaydenJAllen/sandbox,-1
User:HaydenJAllen/sandbox,Shunzhi_Emperor,-1
Cardiff_City_F.C.,Call_of_Duty:_Black_Ops_II,3
Alessia_Filippi,Gabriella_Papadakis,5
Gabriella_Papadakis,Valeria_Solovyeva,4
Valeria_Solovyeva,Portal:Geography/Featured_biography/13,-1
Portal:Geography/Featured_biography/13,Bad_Boys_II,-1
Marianna_Hill,Portal:Arts/Featured_article/28,-1
Portal:Arts/Featured_article/28,Ferrari_Testarossa,-1
The_Bronx,Rai_1,3
Rai_1,Don_Matteo,1
Don_Matteo,Edgeworthstown_railway_station,5
Cinecittà,Fast_&_Furious_(2009_film),3
Fast_&_Furious_(2009_film),Rocco_Baldelli,4
Once_Upon_a_Forest,List_of_Nostalgia_Critic_episodes,4
List_of_Nostalgia_Critic_episodes,Quest_for_Camelot,1
Cars_(film),ParaNorman,2
ParaNorman,List_of_people_who_disappeared_mysteriously,4
List_of_people_who_disappeared_mysteriously,Last_Days_of_Coney_Island,4
Aaliyah,User_talk:Kww,-1
User_talk:Kww,User_talk:Jellyman331,-1
Pizza_Hut,User_talk:Mean_as_custard,-1
No_Mercy_(UK),Alvin_and_the_Chipmunks:_Chipwrecked,4
Alvin_and_the_Chipmunks:_Chipwrecked,Alvin_and_the_Chipmunks_(film),1
Nataša_Bekvalac,Talk:Born_This_Way,-1
Talk:Born_This_Way,Alejandro_(song),-1
Alejandro_(song),Telephone_(song),2
Telephone_(song),Bad_Romance,1
Bad_Romance,Telephone_(song),2
Telephone_(song),Starships_(song),3
Starships_(song),Born_This_Way_(song),2
Kathryn_C._Thornton,User_talk:Tylt45,-1
Harold_Demuren,User:Onetime10,-1
Kopi_Luwak,Cattell–Horn–Carroll_theory,4
Cattell–Horn–Carroll_theory,Sikorsky_CH-53E_Super_Stallion,4
Schweitzer_Engineering_Laboratories,User_talk:Happy8485,-1
User_talk:Happy8485,Sikorsky_S-300,-1
Oliver_Twist,User_talk:Shloky111,-1
Mutualism_(biology),Ice_cap,3
Ice_cap,H,3
Fulham_F.C.,User:Grobelaar0811/The_Ultimate_Jokebook,-1
User:Grobelaar0811/The_Ultimate_Jokebook,Fulham_F.C.,-1
Redshift,User:BubblyTurtle,-1
Greggs,User_talk:HiThere55,-1
User_talk:HiThere55,Soldering,4
Doppler_effect,User_talk:Canthusus,-1
User_talk:Canthusus,User:BubblyTurtle,-1
Richard_I_of_England,User_talk:Tescohorse,-1
German_Workers'_Party,Pan-German_League,2
Pan-German_League,MAN_SE,3
Algonet,User_talk:BoxofPresents,-1
Talk:Dark_Shadows,Talk:Shark,-1
Talk:Shark,Talk:Obesity,-1
The_Female_Eunuch,User:Ujgierhgiuehrguehruie,-1
"Oh,_Babe,_What_Would_You_Say?",The_Streak,3
"Diana,_Princess_of_Wales",User:The_decor/sandbox,-1
User:The_decor/sandbox,Popovnjak,-1
Popovnjak,Federation_of_Australia,4
Federation_of_Australia,The_Great_Picture,4
Wikipedia:Articles_for_deletion/Stella_Hudgens,Talk:Stella_Hudgens,-1
Talk:Stella_Hudgens,User_talk:Ilovestellax,-1
Battle_of_Yorktown,Adam_Bob,5
Keith_Chegwin,Peter_Levy_(presenter),3
Peter_Levy_(presenter),Kriss_Akabusi,3
Kriss_Akabusi,Frankie_&_The_Heartstrings,3
Frankie_&_The_Heartstrings,Bridlington,3
Bridlington,Frankie_&_The_Heartstrings,3
Frankie_&_The_Heartstrings,Janet_Street-Porter,3
Australobarbarus,Gharganeh,-1
Gharganeh,Secret_Dreams_and_Forbidden_Fire,6
Catherine_I_of_Russia,Aristidis_Rapanakis,4
Aristidis_Rapanakis,1957–58_OB_I_bajnoksag_season,4
1957–58_OB_I_bajnoksag_season,Éguilles,4
Talk:Football,Cheat_Lake,5
Iron_Man_(disambiguation),Iron_Man_(2008_film),2
Hatboro-Horsham_Senior_High_School,Nirvikalpa,4
Hatboro-Horsham_Senior_High_School,Bill_Cook,3
Paul_Pogba,Ryan_Tunnicliffe,2
Ryan_Tunnicliffe,Alexandre_Pato,3
Paul_Pogba,Luka_Modrić,2
User_talk:71.226.18.67,Politics_of_Mexico,4
Federal_republic,User_talk:Andreasmperu,-1
Tank,User_talk:Alberttheeinstien,-1
Early_life_of_Isaac_Newton,Chris_Kluwe,4
User:Macka0010,Broadgreen_International_School,-1
Broadgreen_International_School,Beats_Electronics,4
Beats_Electronics,Sheldon_Cooper,3
Martin_Hagfors,Sand,3
2002_Winter_Olympics,User_talk:Billy_hilly,-1
User_talk:Billy_hilly,Bob_Hope,3
Sith,C/2011_L4,3
A._Bates,Mount_Redoubt,4
Amanita_muscaria,Holothuria_leucospilota,4
Holothuria_leucospilota,Seattle,3
Seattle,User_talk:Over90000,-1
User_talk:Over90000,William_Herschel,-1
Asa_Butterfield,Kevin_James_Maher,3
Kevin_James_Maher,Melissa_Hayden_(dancer),4
Talk:Main_Page,User:Euis_handayani,-1
Alice_Herz-Sommer,Józef_Kowalski_(supercentenarian),3
Józef_Kowalski_(supercentenarian),User:Elite_Marshmallow,-1
Alice_Herz-Sommer,User_talk:Elite_Marshmallow,-1
User_talk:Elite_Marshmallow,Pie,1
List_of_The_Transformers_episodes,Transformers:_Fall_of_Cybertron,2
Transformers:_Fall_of_Cybertron,The_Transformers_(TV_series),1
Jack_Angel,Transformers:_Fall_of_Cybertron,2
Transformers:_Fall_of_Cybertron,Autobot,1
Frenzy_(Transformers),Transformers:_Fall_of_Cybertron,2
Transformers:_Fall_of_Cybertron,Bluestreak_(Transformers),2
Bluestreak_(Transformers),Nev_the_Bear,4
James_Farmer,User_talk:Himsis,-1
User:RyanScott1995/sandbox,Web_hosting_service,-1
User:RyanScott1995/sandbox,Email_client,-1
"E_Company,_506th_Infantry_Regiment_(United_States)",Medieval_torture,3
Medieval_torture,A_Wrinkle_in_Time,3
Felix_Dzerzhinsky,The_Black_Circle,4
The_Black_Circle,Big_Nate:_Strikes_Again,5
Big_Nate:_Strikes_Again,Garrison's_Gorillas,4
Daniel_Berdichevsky,Jet_fighter_generations,5
Jet_fighter_generations,Battle_of_Stalingrad,2
0.999...,User_talk:Fighterf4u,-1
User_talk:Fighterf4u,0.999...,-1
Craig_Kielburger_Secondary_School,Wikipedia:Articles_for_deletion/Heather_Timmons,-1
Wikipedia:Articles_for_deletion/Heather_Timmons,Category:Ethnic_groups_in_Gibraltar,-1
Category:Ethnic_groups_in_Gibraltar,Jean_Garling,-1
Jean_Garling,Robert_Marshall_(dramatist),5
Robert_Marshall_(dramatist),2013_Horizon_League_Men's_Basketball_Tournament,5
2013_Horizon_League_Men's_Basketball_Tournament,Beneath_the_Skin,5
Beneath_the_Skin,"Western_Heights,_Waikato",5
"Western_Heights,_Waikato",User_talk:Dalf,-1
User_talk:Dalf,User:Dcheagle/fixitboxIII,-1
User:Dcheagle/fixitboxIII,Grigol_Orbeliani,3
Human_trafficking,Category:1974–75_American_college_basketball_standings_templates,-1
Category:1974–75_American_college_basketball_standings_templates,User_talk:Donna2728,-1
Amanita_muscaria,User:Reddogsix,6
Ezio_Auditore_da_Firenze,Werribee_Secondary_College,5
Adolf_Hitler's_rise_to_power,Keeping_Up_with_the_Kardashians,4
Keeping_Up_with_the_Kardashians,"Sierra_Vista_High_School_(Baldwin_Park,_California)",4
"Sierra_Vista_High_School_(Baldwin_Park,_California)",BDSM,3
Scale_model,Talk:Feces,-1
Connor_(given_name),Spanish_conquest_of_the_Inca_Empire,4
Spanish_conquest_of_the_Inca_Empire,ONgoye_Forest,4
Miami_Dolphins,User_talk:Sarahj2107,-1
User_talk:Sarahj2107,User_talk:Notanotherindustrialblog,-1
User_talk:Notanotherindustrialblog,"Graettinger,_Iowa",6
"Graettinger,_Iowa",Bvdub,4
Bvdub,Kolton_Lee,5
Kolton_Lee,New_(film),4
New_(film),User_talk:Bongwarrior,-1
User_talk:Bongwarrior,User_talk:Sarahj2107,-1
User_talk:Sarahj2107,User_talk:Argolin,-1
User_talk:Argolin,Adrian_Peterson,3
China_Anne_McClain,User_talk:Geraldo_Perez/2013_Revision_history,-1
Montreal,Mount_Mansfield_Union_High_School,4
User:Adamwalesbm,Jose_Baxter,-1
Stoat,User_talk:Adamwalesbm,-1
Iwrestledabearonce,Falling_in_Reverse,2
Falling_in_Reverse,Abandon_All_Ships,2
Abandon_All_Ships,User:Jdocker420/sandbox,-1
User:Jdocker420/sandbox,Talk:Main_Page,-1
Iwrestledabearonce,User:Jdocker420/sandbox,-1
User:Jdocker420/sandbox,User_talk:Bonadea,-1
User_talk:Bonadea,Rollerball_(band),5
Rollerball_(band),Spaceballs,4
Chief_Powhatan,AMA_Supercross_Championship,3
AMA_Supercross_Championship,Spotted_Elk,4
User:Awsomeman0000,R._Panneerselvam,-1
R._Panneerselvam,5th_TCA_Awards,5
5th_TCA_Awards,Ireland,3
Seth_MacFarlane,User_talk:CelticIrish1996,-1
Time_Force_Power_Rangers,Irish_potato_candy,5
Willow,Aston_Merrygold,4
Aston_Merrygold,Infrared,3
User:SuperiorSalmon/sandbox,Tracy_Grimshaw,-1
Tracy_Grimshaw,User_talk:SuperiorSalmon,-1
User_talk:SuperiorSalmon,Tracy_Grimshaw,-1
Miami_Heat,User_talk:Gogo_Dodo,-1
User:Mark_Laughs/sandbox,Democratic_Republic_of_the_Congo,-1
List_of_Greek_mythological_figures,User:Jaconator6,-1
User:Jaconator6,Attack_on_Sydney_Harbour,-1
Greg_Oden,User:Negronoodlesoup/sandbox,-1
User:Negronoodlesoup/sandbox,DeShawn_Stevenson,-1
DeShawn_Stevenson,User_talk:Webclient101,-1
Buyer's_credit,User:Logicaltheology,-1
User:Logicaltheology,User_talk:Logicaltheology,-1
User_talk:Logicaltheology,User_talk:KBSofTampaBay,-1
User_talk:KBSofTampaBay,User_talk:John_Pooper,-1
User_talk:John_Pooper,Syracuse_Hancock_International_Airport,4
Singapore_Changi_Airport,William_Linder,4
William_Linder,Airbus_A380,4
Hong_Kong_International_Airport,User_talk:PositiveClimb,-1
User_talk:PositiveClimb,User_talk:John_Pooper,-1
Buffalo_wing,User_talk:UnicornPwer,-1
United_States_Congress,"Sir_William_Hickman,_2nd_Baronet",4
"Sir_William_Hickman,_2nd_Baronet",User_talk:Ken...chicken,-1
The_Stockyards_Shopping_Centre,Target_Canada,2
The_Stockyards_Shopping_Centre,Talk:The_Stockyards_Shopping_Centre,-1
The_Stockyards_Shopping_Centre,Cloverdale_Mall,1
The_Stockyards_Shopping_Centre,Zellers,1
The_Stockyards_Shopping_Centre,Square_One_Shopping_Centre,2
Square_One_Shopping_Centre,Target_Canada,1
The_Stockyards_Shopping_Centre,Target_Canada,2
Target_Canada,Tazo,2
The_Stockyards_Shopping_Centre,Desperate_Housewives,3
The_Stockyards_Shopping_Centre,List_of_supermarket_chains_in_Canada,2
List_of_supermarket_chains_in_Canada,FreshCo,1
FreshCo,Philip_Johnson,3
Towers_Department_Stores,Dixie_Plaza,4
Dixie_Plaza,Lawrence_Square_Shopping_Centre,2
Ministry_of_Internal_Affairs_(Dagestan),Jackson_Mendoza,5
Jackson_Mendoza,Tom_Nugent_(physicist),5
Tom_Nugent_(physicist),Cajasol,6
Cajasol,User_talk:Wikitroller13,-1
Legal_pluralism,User:DVdm,-1
User:DVdm,Legal_pluralism,-1
Battle_of_Raqqa,Ménage_problem,5
Ménage_problem,User_talk:Famous8211,-1
User_talk:Famous8211,Animal_testing,-1
Animal_testing,User_talk:Famous8211,-1
Capital_punishment_in_Yemen,Abdullah_Öcalan,3
Abdullah_Öcalan,Armenian_Genocide_recognition,2
Armenian_Genocide_recognition,Foreign_relations_of_Syria,2
Foreign_relations_of_Syria,Template:Capital_punishment,3
Template:Capital_punishment,Israel_Defense_Forces,-1
Wikipedia:Tutorial/Editing/sandbox,Template:X2,-1
Template:X2,Wikipedia:Tutorial/Wikipedia_links/sandbox,-1
Wikipedia:Tutorial/Wikipedia_links/sandbox,Wikipedia:Tutorial/Citing_sources/sandbox,-1
Wikipedia:Tutorial/Citing_sources/sandbox,User:12boshoffd/sandbox,-1
User:12boshoffd/sandbox,Unix,-1
"Arthur_""Artie""_DeMello",Lothkunta,4
Chips,User_talk:Example9,-1
Wikipedia:Wikipedians,Tim_Howard,4
Wigan_Athletic_F.C.,User:Liamblackhurst,-1
User:Liamblackhurst,Tranmere_Rovers_F.C.,-1
Everton_F.C.,Magaye_Gueye,2
Magaye_Gueye,Real_Madrid_C.F.,2
Lake_Claiborne,Lake_D’Arbonne,4
Long_Field_Academy,Miss_Spider's_Sunny_Patch_Friends:_Harvest_Time_Hop_and_Fly,5
Hotheaded_Naked_Ice_Borer,Christina_Perri,4
Christina_Perri,Dessert,4
Robbie_Keane,Matt_Tubbs,3
Matt_Tubbs,Tony_Pulis,2
Actor,The_Regis_School,4
The_Regis_School,Pro_Evolution_Soccer_2012,4
Pro_Evolution_Soccer_2012,The_Regis_School,4
The_Regis_School,Avon_Valley_College,3
Call_of_Duty:_Modern_Warfare_2,Bat,3
Skateboard,User_talk:SpecMode,-1
User_talk:SpecMode,National_Rugby_League,4
User:Vietxtony,Bay_of_Pigs_Invasion,-1
Edwin_Hubble,User:Derpedia,-1
User:Theericnoscar,Inglemoor_High_School,-1
Shrek,User_talk:Imtabithaok,-1
Sheep_Research_Center_(Mannavanur),Los_Angeles_Times,2
Charlie_sheen,United_States_v._Lara,3
United_States_v._Lara,Ar-Raqqah,4
Devil's_Den,User_talk:Gogo_Dodo,-1
User_talk:Gogo_Dodo,Pretzel,3
Glasgow_Academy,User:Mummy29,-1
User:Mummy29,User:Kyle_Sockalingum,-1
Durston_House,User_talk:Hello_bruv,-1
Up_All_Night_(One_Direction_album),What_Makes_You_Beautiful,1
What_Makes_You_Beautiful,Take_Me_Home_(One_Direction_album),2
Take_Me_Home_(One_Direction_album),Live_While_We're_Young,1
Isotope,User_talk:Materialscientist,-1
User_talk:Materialscientist,Isotope,3
United_States_v._Lara,Battle_of_Raqqa,4
Battle_of_Raqqa,Y-chromosomal_Adam,4
Y-chromosomal_Adam,Wikipedia:Sandbox,4
Wikipedia:Sandbox,User:Jimhusfrhbfdhj,-1
Wikipedia:WikiProject_Articles_for_creation/feedback,House_of_Kamehameha,4
Kingdom_of_Hawaii,Legislature_of_the_Kingdom_of_Hawaii,2
User:We_Fight_In_The_Trenches/sandbox,"Shenandoah,_Pennsylvania",-1
User_talk:Peacemaker67,User_talk:Ftawww,-1
User_talk:Ftawww,F,-1
F,Lollipop_Chainsaw,4
Lollipop_Chainsaw,1925–26_Austrian_football_championship,4
1925–26_Austrian_football_championship,And,5
Sex_toy,User_talk:PamD,-1
User_talk:PamD,User_talk:Ftawww,-1
"Patti,_Punjab",General_Butt_Naked,4
General_Butt_Naked,Caroline_Shawk_Brooks,5
Caroline_Shawk_Brooks,United_States_invasion_of_Panama,3
General_Butt_Naked,User_talk:General_Butt_Naked,-1
Frain,"Peora,_West_Virginia",5
"Peora,_West_Virginia","Gypsy,_West_Virginia",2
"Shinnston,_West_Virginia","Wallace,_Harrison_County,_West_Virginia",2
"Wallace,_Harrison_County,_West_Virginia","West_Milford,_West_Virginia",2
"West_Milford,_West_Virginia",User_talk:MrX,-1
User_talk:MrX,User_talk:Widr,-1
User_talk:Pigman,User_talk:Koavf/Archive040,-1
User_talk:Koavf/Archive040,Dobroslav_Jevđević,4
Dobroslav_Jevđević,D,3
D,User_talk:Peacemaker67,-1
User_talk:Peacemaker67,User_talk:F382d56d7a18630cf764a5b576ea1b4810467238,-1
User_talk:F382d56d7a18630cf764a5b576ea1b4810467238,D,-1
D,Canadian_Booksellers_Association,2
Canadian_Booksellers_Association,Uir,-1
Uir,User_talk:Gogo_Dodo,-1
User_talk:Gogo_Dodo,John_Vickers_(disambiguation),5
John_Vickers_(disambiguation),User_talk:Gogo_Dodo,-1
Adebayo_Akinfenwa,Angelo_Ogbonna,3
The_Yogscast,Salamander,4
Omo_River,User_talk:Derek_R_Bullamore,-1
User_talk:Derek_R_Bullamore,User_talk:BabbaQ,6
User_talk:BabbaQ,User_talk:Patchy1,-1
User_talk:Patchy1,Suez_(company),-1
Suez_(company),User_talk:Uberaccount,-1
User:Wavespin,User_talk:Wavespin,-1
User_talk:Wavespin,Talk:Main_Page,-1
Talk:Main_Page,User_talk:Boing!_said_Zebedee,-1
User_talk:Boing!_said_Zebedee,User_talk:Legoktm,-1
Dennis_Bergkamp,Jack_Barnes_(English_footballer),4
Jack_Barnes_(English_footballer),John_Barnes_(footballer),2
Mogadishu,Thorpe_Park_Resort,3
MS_Liberty_of_the_Seas,Freedom-class_cruise_ship,1
Freedom-class_cruise_ship,Burj_Khalifa,3
Burj_Khalifa,User:Petererer9854/sandbox,-1
User:Petererer9854/sandbox,Freedom-class_cruise_ship,-1
Freedom-class_cruise_ship,Tom_Lister,4
René_Cogny,The_X_Factor_(UK_series_8),4
The_X_Factor_(UK_series_8),James_Arthur_(singer),2
James_Arthur_(singer),Talk:James_Arthur_(singer),-1
Military_education_and_training_in_China,Nigeria_national_football_team,3
User:Luke_of_the_Underworld,User:Luke_of_the_Underworld/sandbox,-1
User:Luke_of_the_Underworld/sandbox,Talk:Purple,-1
Talk:Purple,Talk:Elmo,-1
Talk:Elmo,Robert_Payne,4
Robert_Payne,Talk:Elmo,-1
G-Shock,User:White_Shadows/Wikipedian_of_the...,-1
Robert_E._Kennedy_Library,Giorgos_Lazaridis,5
Giorgos_Lazaridis,Lee_Jones_(author),5
Pink_(singer),User_talk:Oiuyp,-1
User_talk:Oiuyp,Boer_Wars,4
Wikipedia:Edit_filter/False_positives/Reports,View_Askewniverse,2
User:June_Q_Choi,Zimbabwe,-1
Sinhalese_people,List_of_goalscoring_goalkeepers,4
List_of_goalscoring_goalkeepers,Joseph_Goebbels,3
Luis_Suárez,"Danny_Rose_(footballer,_born_1990)",2
Jesús_Navas,User_talk:TrollArtsFC,-1
Types_of_capital_punishment,Chemical_element,3
RoboCop,The_Notebook_(2004_film),3
Zowie,Shihad,2
Andrew_Simpson,Jack_Stephens,5
Jack_Stephens,Robert_Howell_Hall,4
Robert_Howell_Hall,Bitză,4
Bitză,User_talk:DragonflySixtyseven,-1
User_talk:DragonflySixtyseven,User_talk:Latriplette,-1
User_talk:Latriplette,User_talk:Dgtsyb,-1
User_talk:Dgtsyb,Jal_(band),5
Jal_(band),User_talk:HMSSolent,-1
User_talk:HMSSolent,Andy_Schmetzer,5
Tacua,"User_talk:This,_that_and_the_other",-1
"User_talk:This,_that_and_the_other",Tacua,5
Tacua,Gulabganj,5
Gulabganj,Andy_Schmetzer,6
Andy_Schmetzer,User_talk:Kaibo_wenzies,-1
User_talk:Kaibo_wenzies,Sirifila-Boundy,5
Sirifila-Boundy,Zofia_Batycka,5
Lisa_Pryor,User_talk:Klemen_Kocjancic,-1
User_talk:Klemen_Kocjancic,User_talk:Kaibo_wenzies,-1
Madden_NFL_2004,Madden_NFL_12,2
Pokémon_X_and_Y,User:Asassasasasasassasasasasasa/sandbox,-1
Michelle_Creber,Claire_Corlett,2
Claire_Corlett,Madeleine_Peters,2
1996_Mount_Everest_disaster,Battle_of_Berlin,3
Larissa_Vassilian,Dimitrios_Levidis,5
John_the_Baptist,Portal:Ancient_Egypt/Intro,-1
Portal:Ancient_Egypt/Intro,Jo_King,-1
"Charlton_House,_Wraxall",Bleadon,3
Luke_the_Evangelist,Courageous_(film),4
Courageous_(film),Greyson_Chance,3
Constitution,User_talk:Lugia2453,-1
Treyarch,User_talk:Imnotbent13,-1
Henry_Box_Brown,User_talk:Eddieparma,-1
User_talk:Eddieparma,User_talk:Tolly4bolly,-1
User_talk:Tolly4bolly,Wikipedia:Vandalism,-1
Wikipedia:Vandalism,Wikipedia:Blocking_policy,4
Alice_Walker,User_talk:Eitnera21,-1
Ognjen_Vukojević,The_Rodillian_Academy,4
The_Rodillian_Academy,Roberto_Romanello,5
Roberto_Romanello,Jonathan_Grayer,5
Oldcotes,Golędzin,5
Golędzin,Perillos,5
Adolf_Hitler,The_Rodillian_Academy,3
Better_Tomorrow_(album),Northern_Mali_conflict,4
Northern_Mali_conflict,Robert_Folz,4
User:Arindam_debnath,User_talk:Anna_Frodesiak,-1
User_talk:Anna_Frodesiak,User:Anna_Frodesiak,-1
User:Anna_Frodesiak,User_talk:Graphium,-1
User_talk:Graphium,User_talk:Anna_Frodesiak,-1
User_talk:Anna_Frodesiak,User:Anna_Frodesiak,-1
User:Anna_Frodesiak,User_talk:Graphium,-1
User_talk:Graphium,Wikipedia:Talk_page_guidelines,-1
Wikipedia:Talk_page_guidelines,User_talk:Graphium,-1
User_talk:Graphium,User_talk:Ari57,-1
Hidetada_Yamagishi,Haradhan_Bandopadhyay,5
Haradhan_Bandopadhyay,Johnnie_O._Jackson,5
Anirban,Big_E_Langston,4
Big_E_Langston,Ryback,1
Ryback,Haradhan_Bandopadhyay,4
Southampton,User_talk:Satellizer,-1
User_talk:Satellizer,Alex,-1
Alex,User:Phanto1999,-1
User:Phanto1999,User_talk:Kiranhannover,-1
User_talk:Kiranhannover,User:Kiranhannover,-1
User:Kiranhannover,User:Phanto1999,-1
User:Phanto1999,User:Kiranhannover,-1
User:Kiranhannover,User_talk:Phanto1999,-1
User_talk:Phanto1999,User:Kiranhannover,-1
User:Kiranhannover,User_talk:Phanto1999,-1
User_talk:Phanto1999,User:Phanto1999,-1
User:Phanto1999,User:Kiranhannover,-1
User:Kiranhannover,User_talk:Phanto1999,-1
User_talk:Phanto1999,User:Phanto1999,-1
User:Phanto1999,User:Kiranhannover,-1
User:Kiranhannover,User_talk:Phanto1999,-1
User_talk:Phanto1999,User:Kiranhannover,-1
User:Kiranhannover,User:Kiranhannover/Amazing_and_Not_Amazing,-1
User:Kiranhannover/Amazing_and_Not_Amazing,User:Kiranhannover,-1
User:Kiranhannover,User:Kiranhannover/Amazing_and_Not_Amazing,-1
User:Kiranhannover/Amazing_and_Not_Amazing,User:Phanto1999/Info_about_Myself,-1
User:Phanto1999/Info_about_Myself,User:Kiranhannover/Amazing_and_Not_Amazing,-1
User:Kiranhannover/Amazing_and_Not_Amazing,User:Kiranhannover/Amazing_and_Not_Amazing/Big_and_Small,-1
User:Kiranhannover/Amazing_and_Not_Amazing/Big_and_Small,User:Kiranhannover/Amazing_and_Not_Amazing,-1
User:Kiranhannover/Amazing_and_Not_Amazing,User:Kiranhannover,-1
User:Kiranhannover,User_talk:Phanto1999,-1
User_talk:Phanto1999,YMCA,-1
Panzer,User_talk:Widr,-1
User_talk:Widr,User_talk:Tolly4bolly,-1
Bishopsgarth,Al-Qaeda_in_the_Islamic_Maghreb,4
Al-Qaeda_in_the_Islamic_Maghreb,2010_Northumbria_Police_manhunt,3
History_of_Christianity,Slender:_The_Eight_Pages,4
Slender:_The_Eight_Pages,Locked_room_mystery,3
Ayushmann_Khurrana,Varun_Dhawan,2
Ayushmann_Khurrana,Shahid_Kapoor,2
Shahid_Kapoor,Varun_Dhawan,2
Ayushmann_Khurrana,Shahid_Kapoor,2
Tower_of_London,Rhianna_(singer),4
Rhianna_(singer),Ferruccio_Lamborghini,4
Gary_Burns_(activist),User_talk:Marchpig,-1
User_talk:Ruke50,Jay_Treaty,1
David_Stremme,2012_NFL_draft,3
2012_NFL_draft,2009_NFL_draft,2
2009_NFL_draft,2011_NFL_draft,2
Domestic_violence,User_talk:069952497a,-1
French_toast,Believe_Tour,4
Believe_Tour,Raspberry,3
Science_and_technology_of_the_Song_dynasty,Song_dynasty,1
Science_and_technology_of_the_Song_dynasty,Tang_dynasty,1
Stuffed_toy,Khaen_Dong_District,4
Khaen_Dong_District,Wendy's,4
Clancy_Brown,Slender_Man,3
User:APTeacher13,User_talk:APTeacher13,-1
User:APTeacher13,User_talk:APTeacher13,-1
User_talk:APTeacher13,User_talk:Daalfabet,-1
1931_China_floods,User_talk:Axemurder007,-1
1931_China_floods,User:Axemurder007,-1
User:Axemurder007,Gina_Rinehart,-1
Gina_Rinehart,W-class_Melbourne_tram,3
W-class_Melbourne_tram,Thutmose_III,3
Thutmose_III,User_talk:Axemurder007,-1
Svante_Arrhenius,Russell_Henderson,4
Russell_Henderson,Shildon_A.F.C.,4
Dolly_Parton,User_talk:Crystal_Milk,-1
1980_eruption_of_Mount_St._Helens,Wikipedia:Sandbox,4
Wikipedia:Sandbox,User:Gary_and_Waterhouse/sandbox,-1
User:Gary_and_Waterhouse/sandbox,Nestlé,-1
The_Statesman,User:Bennnnnn11111charlie11111234,-1
User:Bennnnnn11111charlie11111234,Dele_Alli,-1
William_Blake,Hitman_(video_game_series),4
Rolls-Royce_Merlin,Language_(song),4
Language_(song),Dimebag_Darrell,3
Dimebag_Darrell,User_talk:JordanW1,-1
Mark_Hamill_filmography,M._Night_Shyamalan,3
Steven_Spielberg_filmography,Beware_the_Batman,2
Beware_the_Batman,Adam_West,2
Adam_West,Beware_the_Batman,2
Beware_the_Batman,Nolan_North,3
Nolan_North,Beware_the_Batman,3
Beware_the_Batman,List_of_Teenage_Mutant_Ninja_Turtles_(2012_TV_series)_episodes,3
List_of_Teenage_Mutant_Ninja_Turtles_(2012_TV_series)_episodes,List_of_Teenage_Mutant_Ninja_Turtles_(2012_TV_series)_characters,2
List_of_Teenage_Mutant_Ninja_Turtles_(2012_TV_series)_characters,Michael_Jai_White,3
Michael_Jai_White,List_of_Teenage_Mutant_Ninja_Turtles_(2012_TV_series)_characters,3
List_of_Teenage_Mutant_Ninja_Turtles_(2012_TV_series)_characters,Hotel_Transylvania,2
Hotel_Transylvania,Jerry_Lewis_filmography,3
Jerry_Lewis_filmography,Genndy_Tartakovsky,3
Carol_Burnett,2014_and_beyond_in_film,3
2014_and_beyond_in_film,Joseph_Kosinski,2
Joseph_Kosinski,M._Night_Shyamalan,3
Curry,Mars_(chocolate_bar),3
Slave_ship,Treatment_of_slaves_in_the_United_States,2
Treatment_of_slaves_in_the_United_States,Waltzing_Matilda,3
List_of_Torchwood_characters,User_talk:Tchubb51,-1
User_talk:Tchubb51,Fun!_fun!_fun!,5
John_Butler_(pioneer),Turban_Head_eagle,3
Turban_Head_eagle,Horace_R._Cayton,4
Puggle,Orania_atea,7
Orania_atea,Darius_Hanks,5
Darius_Hanks,Rick_Wrona,4
"Zillah,_Washington",Everything_You_Want_(Vertical_Horizon_song),5
Everything_You_Want_(Vertical_Horizon_song),Mekeli_Wesley,4
Prayer,User_talk:Rumballs1234,-1
User_talk:Rumballs1234,Prayer,1
Cabbage,The_Umbrella_Academy:_Apocalypse_Suite,4
The_Umbrella_Academy:_Apocalypse_Suite,American_Landrace,5
American_Landrace,Danish_Landrace_pig,2
Danish_Landrace_pig,Lama,3
American_and_British_English_spelling_differences,Hetalia:_Axis_Powers,3
Confidence_trick,Consumer_confusion,4
Consumer_confusion,K-pop,4
James_P._Fitch,Ben_10:_Ultimate_Alien,4
Sapne_Suhane_Ladakpan_Ke,Wold_Newton_family,4
Lake_Vostok,User_talk:RenegadeCenobite,-1
Sapne_Suhane_Ladakpan_Ke,Scrubs_(TV_series),3
Roddy_Piper,Talk:Ian_Watkins_(Lostprophets),-1
Sapne_Suhane_Ladakpan_Ke,User_talk:RenegadeCenobite,-1
User_talk:RenegadeCenobite,Young_Folks,5
Sapne_Suhane_Ladakpan_Ke,User_talk:RenegadeCenobite,-1
User_talk:RenegadeCenobite,Alicia_Silverstone,4
Alicia_Silverstone,User_talk:RenegadeCenobite,-1
User_talk:RenegadeCenobite,Talk:Ruger_Mini-14,-1
Talk:Ruger_Mini-14,Stockton_schoolyard_shooting,4
Stockton_schoolyard_shooting,James_Paul_Moody,4
James_Paul_Moody,Sieroszewice,5
Sieroszewice,Margaret_Chapman,5
Margaret_Chapman,User_talk:RenegadeCenobite,-1
User_talk:RenegadeCenobite,Letter_to_Loretta,5
Dorylus,Wikipedia:Templates_for_discussion/Log/2013_February_26,-1
Wikipedia:Templates_for_discussion/Log/2013_February_26,Padded_cell,4
Padded_cell,Wikipedia:Templates_for_discussion/Log/2013_February_26,-1
Wikipedia:Templates_for_discussion/Log/2013_February_26,Caplin_Bay,-1
Caplin_Bay,The_Son_of_Man,4
Travis_Barker,User_talk:RenegadeCenobite,-1
Self-publishing,User_talk:Bobby_Hope_Jr,-1
Michael_Bay,File:Tielogo2012.jpg,-1
File:Tielogo2012.jpg,Eminem,-1
History_of_the_papacy,User_talk:Likesoswavey,-1
History_of_the_papacy,User_talk:Likesoswavey,-1
Wikipedia:Sandbox,Sikh_gurus,-1
Sikh_gurus,England_national_football_team,3
England_national_football_team,User_talk:Mikmak3000,-1
User_talk:Mikmak3000,2010_FIFA_World_Cup,-1
List_of_cities_in_South_America,User_talk:Penguin8997,-1
User_talk:Penguin8997,List_of_cities_in_South_America,1
Boyfriend_(Justin_Bieber_song),The_Big_Bang_Theory,3
Lamborghini,Assassin's_Creed_IV:_Black_Flag,4
Assassin's_Creed_IV:_Black_Flag,"Prince_William,_Duke_of_Cambridge",3
Dinner,User_talk:Ghtyswe12,-1
The_Last_Exorcism_Part_II,Goosebumps_Series_2000,4
Goosebumps_Series_2000,User_talk:TheEd955,-1
User_talk:TheEd955,American_Girl,-1
Cuisine,User_talk:Vumbreee,-1
Al-Qaeda_in_the_Islamic_Maghreb,2013_Shahbag_protests,4
2013_Shahbag_protests,Janez_Janša,3
User_talk:Nableezy,User_talk:Sean.hoyland,-1
Industrial_design_right,User:Gilvray123,-1
Extreme_Championship_Wrestling,Duck_Dynasty,3
Tucuruí_Dam,Hoover_Dam,2
User:Theamzingronald/sandbox,Joseph_Plumb_Martin,-1
Henry_Knox,Toby_Turner,4
Nintendo,Women_in_the_World_Wars,3
Women_in_the_World_Wars,Jennifer_Garner,3
AnnaSophia_Robb,Chloë_Grace_Moretz,2
Silver,Active_steering,4
Effects_of_the_Cold_War,Prehistoric_Korea,3
Joker_(2012_film),Sonakshi_Sinha,1
Sonakshi_Sinha,WWE_Vintage,3
The_Miz,"TLC:_Tables,_Ladders_&_Chairs_(2012)",2
"TLC:_Tables,_Ladders_&_Chairs_(2012)",List_of_WWE_World_Heavyweight_Champions,2
List_of_WWE_World_Heavyweight_Champions,Jayantabhai_Ki_Luv_Story,4
Jayantabhai_Ki_Luv_Story,Kai_Po_Che!,3
Kai_Po_Che!,John_Cena,4
John_Cena,Nanban_(film),4
Nanban_(film),List_of_Bollywood_films_of_2013,3
List_of_Bollywood_films_of_2013,WrestleMania_XXX,3
WrestleMania_XXX,"TLC:_Tables,_Ladders_&_Chairs_(2012)",2
"TLC:_Tables,_Ladders_&_Chairs_(2012)",Royal_Rumble_(2013),2
Royal_Rumble_(2013),WrestleMania_XXX,2
WrestleMania_XXX,List_of_Bollywood_films_of_2013,4
CAD/CAM_dentistry,Discovery_World,4
CAD/CAM_dentistry,Hugh_Christie_Technology_College,4
Preston_High_School_(Ontario),User_talk:Tolly4bolly,-1
Trinidad_James,Lil_B,3
Lil_B,"Bethel_Acres,_Oklahoma",3
"Bethel_Acres,_Oklahoma",Yelawolf,4
Yelawolf,User_talk:Gmoney97,-1
Talk:Marxism,Left-wing_politics,3
Cary_Kolat,Steroid,3
Bushra_(Jordan),Swindon,4
Swindon,User_talk:Nathanlear1998,-1
User_talk:Nathanlear1998,Swindon,1
Water_cycle,User_talk:Jhdsap,-1
Western_Collegiate_Hockey_League,Swampland_(physics),4
Swampland_(physics),Call_of_Duty:_Modern_Warfare_2,4
Call_of_Duty:_Modern_Warfare_2,Legend_of_the_Guardians:_The_Owls_of_Ga'Hoole,3
Legend_of_the_Guardians:_The_Owls_of_Ga'Hoole,Pyongyang,3
Earl_Sweatshirt,Joey_Badass,2
Joey_Badass,Flying_Lotus,2
Gleba,User_talk:Eeekster,-1
Thrashing,User_talk:Eeekster,-1
User_talk:Eeekster,East_Bay_High_School,-1
East_Bay_High_School,User_talk:Eeekster,-1
User_talk:Eeekster,User_talk:C.Fred,-1
User_talk:C.Fred,East_Bay_High_School,5
East_Bay_High_School,User_talk:C.Fred,-1
User_talk:C.Fred,Roosevelt_University,3
Roosevelt_University,Wikipedia:Edit_filter/False_positives/Reports,-1
Wikipedia:Edit_filter/False_positives/Reports,User:Jpin10,-1
User:Jpin10,What's_Up?_(musical),-1
What's_Up?_(musical),User_talk:Jpin10,-1
Government,Kevin_Joseph_(baseball),5
Physical_disability,User:Spartachilles,-1
User:Spartachilles,Talk:Mameshiba_(character),-1
Battle_of_the_Bismarck_Sea,User_talk:Lugia2453,-1
User_talk:Lugia2453,Dolan,-1
Dolan,"Italian_general_election,_2013",3
Salvia_officinalis,User_talk:NickW557,-1
Pimpfe,Ełk_Lake,5
Canadian_Army,Military_of_ancient_Egypt,3
Canadian_Army,Military_of_ancient_Egypt,3
Military_of_ancient_Egypt,User_talk:Aaron_Booth,-1
"Nevada,_Iowa",Steve_Little_(actor),4
Steve_Little_(actor),Dave_Chappelle,3
Cat_communication,Autonomous_Rotorcraft_Sniper_System,5
The_Hollow_Men,Autonomous_Rotorcraft_Sniper_System,4
Red_Dead_Redemption,Red_Faction:_Guerrilla,3
Call_of_Duty:_World_at_War,The_Hunger_Games_(film),3
My_Little_Pony,User_talk:1234_YOURE_A_RETARD,-1
My_Little_Pony,My_Little_Pony:_Friendship_Is_Magic_fandom,1
My_Little_Pony:_Friendship_Is_Magic_fandom,User:Chamal_N,-1
User:Chamal_N,Wings_(haircut),-1
List_of_board_games,Mountain_tube-nosed_fruit_bat,4
Mountain_tube-nosed_fruit_bat,James_Ruse_Agricultural_High_School,4
Sujate_Jantarang,Samsung_Galaxy_S_II,4
Samsung_Galaxy_S_II,Nexus_4,2
Jackson_Murphy,James_Franco,3
Dwight_King,St._Louis_Rams,3
Edward_Jones_Dome,Talk:List_of_ethnic_slurs,-1
Talk:List_of_ethnic_slurs,Black_Canadians,4
Coca-Cola_Zero,Talk:Black_Canadians,-1
Woman_of_Desire,Bankrupt!,4
Bankrupt!,Weepah_Hills,6
Weepah_Hills,Cat_communication,4
HUMP!_(film_festival),Alexandra_Daddario,4
Alexandra_Daddario,Monster_truck,3
Women's_National_Basketball_Association,Alexandra_Daddario,3
Portal:New_England/Intro,Mao_Zedong,3
Carrot_Top,User_talk:Gir4rocks,-1
R5_(band),Mány,4
Talk:Gravitation,Talk:Sex,-1
Hayes_School,Unicorn_Primary_School,2
Unicorn_Primary_School,Hayes_School,1
Langley_Park_School_for_Boys,"Ravensbourne_School,_Bromley",2
"Ravensbourne_School,_Bromley",2_Girls_1_Cup,4
Josh_Osho,Pakefield_School,4
Pakefield_School,Norwich_City_F.C.,2
Rocky,Mariandl,4
Mariandl,Heinz-Christian_Strache,4
Animals_(Pink_Floyd_album),Madea,3
Cigarette,User_talk:Eyesnore,-1
User:TubbyElf/sandbox,Vermin_Supreme,-1
Catholic_Church,House_of_Cards_(U.S._TV_series),3
House_of_Cards_(U.S._TV_series),Netflix,1
Netflix,House_of_Cards_(U.S._TV_series),1
Wikipedia_talk:Protection_policy,Frisco,5
Charles_Hyder,Battle_of_Alesia,3
List_of_Ben_10:_Ultimate_Alien_episodes,List_of_4_O'Clock_Club_episodes,6
List_of_4_O'Clock_Club_episodes,"City_of_Preston,_Lancashire",4
Kurt_Hummel,Eric_Cartman,3
Khulna_Medical_College,Cher_Lloyd,4
Cher_Lloyd,Marina_and_the_Diamonds,3
Marina_and_the_Diamonds,Tree_house,3
"Ross,_California",User:John_from_Idegon,-1
User:John_from_Idegon,User_talk:John_from_Idegon,-1
User_talk:John_from_Idegon,User:John_from_Idegon,-1
User:John_from_Idegon,User_talk:John_from_Idegon,-1
User_talk:John_from_Idegon,How_Beer_Saved_the_World,6
How_Beer_Saved_the_World,User_talk:Lugia2453,-1
User_talk:Lugia2453,User_talk:John_from_Idegon,-1
User_talk:John_from_Idegon,User_talk:Rossrocker09,-1
Ty_Pennington,User_talk:Fraggle81,-1
User_talk:Fraggle81,Tony_Hawk,4
The_House_That_Drips_Blood_on_Alex,My_Little_Pony:_Friendship_Is_Magic_fandom,4
Tune_Group,User_talk:Vsrocks101,-1
User_talk:Vsrocks101,Hit,1
Digital_root,Bolivian_squirrel,4
Bolivian_squirrel,Romania,2
Talk,User_talk:Vsrocks101,-1
User_talk:Vsrocks101,Yolo,1
The_Hunger_Games_(novel),Go_(game),3
Go_(game),The_Hunger_Games_trilogy,4
The_Hunger_Games_trilogy,Hippocrates,3
User_talk:Sweller_than_you,List_of_All_Grown_Up!_episodes,5
User_talk:Sweller_than_you,User_talk:MaxSem,-1
User_talk:MaxSem,User:MaxSem,-1
User:MaxSem,User_talk:MaxSem,-1
User_talk:MaxSem,User:MaxSem,-1
User:MaxSem,Barney_Frank,-1
User_talk:Sweller_than_you,User:HistoricalPisces,-1
User:HistoricalPisces,User_talk:Eyesnore,-1
User_talk:Sweller_than_you,User:Eyesnore/userpage,-1
User:Eyesnore/userpage,User_talk:Eyesnore,-1
User_talk:Eyesnore,LGBT_history_in_the_United_States,-1
LGBT_history_in_the_United_States,User:Bongwarrior,-1
The_Great_Gatsby,BlackBerry_Limited,3
"Salina,_Kansas",Urtea,5
Urtea,Safar_(disambiguation),6
The_Duke_Is_Tops,User_talk:Joydeep,-1
Talk:Pokémon,HCS,-1
"West_Oak_Lane,_Philadelphia",J_Davey,4
Petronas_Towers,User_talk:Makmakcu,-1
User_talk:Makmakcu,Petronas_Towers,-1
Debt,Template:Vandalism_information,-1
Template:Vandalism_information,User_talk:Graphium,-1
User_talk:Graphium,User_talk:Perryjames43,-1
Agriculture,List_of_Batman:_The_Brave_and_the_Bold_characters,5
List_of_Batman:_The_Brave_and_the_Bold_characters,User:Chas5499,-1
User:Chas5499,Talk:Charles_Darwin,-1
Talk:Charles_Darwin,User_talk:Chas5499,-1
User_talk:Chas5499,User:Chas5499,-1
User:Chas5499,Polyp,-1
Polyp,User_talk:Chas5499,-1
User_talk:Chas5499,User_talk:Tom_Morris,-1
User_talk:Tom_Morris,Wikipedia:Ownership_of_articles,4
Cadbury,The_Sydney_Russell_School,4
App_Store_(iOS),IOS,1
IOS,User_talk:Graphium,-1
Nigel_Reo-Coker,User:Goonerjonah,-1
User:Goonerjonah,Wood_sandpiper,-1
Wood_sandpiper,User:Goonerjonah,-1
Doink_the_Clown,Victor_Oladipo,3
Victor_Oladipo,Chicken_Dance,4
Chick_Magnet,Manti_Te'o,4
File:Footballer_Calugaru_Alexandru_from_Rapid_Bucuresti.jpg,User:GiantSnowman,-1
User:GiantSnowman,User_talk:GiantSnowman,-1
User_talk:GiantSnowman,User:GiantSnowman,-1
Pepperoni,The_Santa_Simulation,4
The_Santa_Simulation,7-Eleven,3
"Gilbert_du_Motier,_Marquis_de_Lafayette",Audie_Murphy,3
Black_Panther_Party,African-American_Civil_Rights_Movement_(1954–68),2
Lexington_Christian_Academy_(Massachusetts),User_talk:TechBandit,-1
