Hunter_Hayes,Cake_Boss,3
Cake_Boss,Liv_and_Maddie,3
Jason_(given_name),Nokia,3
Jordan_Maron,Lockheed_SR-71_Blackbird,4
Aaron_Hernandez,Matt_Flynn,2
Wikipedia:Sandbox/Archive,Beacon_Rock,5
Mao_Zedong,Davidian_Seventh-day_Adventist,3
Governor_of_Oregon,2008–09_Keynesian_resurgence,3
2008–09_Keynesian_resurgence,List_of_Seventh-day_Adventist_secondary_schools,4
List_of_Seventh-day_Adventist_secondary_schools,Oregon,1
Nick_Jr._(block),Wendy's,3
List_of_The_Mighty_B!_episodes,File:Wendy's_logo_2012.svg,-1
File:Wendy's_logo_2012.svg,Wendy's,-1
Fortune_and_Men's_Eyes,2012_Delhi_gang_rape,4
2012_Delhi_gang_rape,Aron_Ralston,3
Arnold_Rimmer,File:RedDwarfShip.jpg,-1
File:RedDwarfShip.jpg,Kristine_Kochanski,2
Kristine_Kochanski,User_talk:Nathanbennett,-1
User_talk:Nathanbennett,Chris_Barrie,-1
User_talk:Plodditaploddington,User:MadmanBot,-1
User:MadmanBot,Hugh_Lord_McDonald,6
Trollz,User_talk:HelpTheChast,-1
Sweet_potato,Mocaccino,3
Mocaccino,Swiss_roll,3
Swiss_roll,Mocaccino,2
Mocaccino,Caffè_Americano,2
Caffè_Americano,User_talk:대원씨아이,-1
Yo_Momma,Kingdom_Rush,5
Kingdom_Rush,Bow_and_arrow,4
Bahrain,Amara_Fashion_House,-1
Amara_Fashion_House,Michilimackinac,5
European_ground_squirrel,User_talk:Dawnseeker2000,-1
User_talk:Dawnseeker2000,Jason_Pearce,5
User_talk:Jakec,User:Timtrent,-1
User:Timtrent,User_talk:Jamesneilander,-1
User:Woahmanwoah,Blood_Meridian,-1
SpongeBob_SquarePants_(season_3),Phantom_vibration_syndrome,3
Phantom_vibration_syndrome,Panty_raid,4
User_talk:Fighterjet62,Human_sexual_activity,-1
User_talk:Fighterjet62,User_talk:Flyer22,-1
Grand_Theft_Auto:_Liberty_City_Stories_soundtrack,Simulated_reality_in_fiction,2
Simulated_reality_in_fiction,Future_history,2
Future_history,The_True_Story,-1
The_True_Story,Talk:The_True_Story,-1
Talk:The_True_Story,British_Board_of_Film_Classification,-1
British_Board_of_Film_Classification,User_talk:SuperMarioMan,-1
User_talk:SuperMarioMan,Trial_of_Michael_Jackson,4
Trial_of_Michael_Jackson,Talk:Trial_of_Michael_Jackson,-1
Talk:Trial_of_Michael_Jackson,User_talk:MooreNo1,-1
User_talk:MooreNo1,The_Sky_at_Night,-1
The_Sky_at_Night,Total_War:_Rome_II,4
Wikipedia:Requests_for_undeletion,User:Ayush.patnaik1,-1
User:Ayush.patnaik1,User:Jakec,-1
User:Jakec,User:LFaraone,-1
User:LFaraone,User_talk:Rikeus,-1
User_talk:Rikeus,User:Peridon,-1
User:Katie_katywaty,Catherine_Parr,-1
User_talk:Williamb4,William_the_Conqueror,-1
Papa_Roach_1999_demo,Paintball,4
Totally_(book_series),Jason_Aldean,3
Wikipedia:Articles_for_creation/Redirects,Wikipedia:Biographies_of_living_persons/Noticeboard,3
Metallica,Castle_of_Glass,2
Castle_of_Glass,Minutes_to_Midnight_(album),2
Cannabis_indica,User_talk:Buttchuckle50,-1
User_talk:Buttchuckle50,Lajon_Witherspoon,-1
Lajon_Witherspoon,User_talk:Download,-1
User_talk:Download,Stronger_Than_Death,-1
Stronger_Than_Death,Talk:Rise_of_Neville_Chamberlain,-1
Talk:Rise_of_Neville_Chamberlain,Wikipedia:Administrator_intervention_against_vandalism,6
Wikipedia:Administrator_intervention_against_vandalism,User_talk:Buttchuckle50,-1
420_(dinghy),Titty,-1
Titty,Nigger_Heaven,5
Nigger_Heaven,Wikipedia:Sandbox,4
Wikipedia:Sandbox,Nigger_Heaven,-1
Wikipedia:Edit_filter/False_positives/Reports,Railway_air_brake,3
Rachel_Covey,User:Best_girl_ever,-1
User:Best_girl_ever,User_talk:Best_girl_ever,-1
User:Cubanboy321,User:Cubanboy321/Sandbox,-1
User:Cubanboy321/Sandbox,Criss_Angel,-1
Criss_Angel_Mindfreak,Wikipedia:Sandbox,5
Wikipedia:Sandbox,Thor,-1
Lancaster_Royal_Grammar_School,Central_Lancaster_High_School,2
Lancaster_Royal_Grammar_School,User_talk:EvergreenFir,-1
Daayan,Angelokastro_(Corfu),4
William_Fairfax,Lawrence_Washington_(1718–1752),2
Ahmed_Ullah_Maizbhanderi,User_talk:Jaystriker748,-1
User_talk:Jaystriker748,User:Jaystriker748,-1
User:Jaystriker748,Ares_(Marvel_Comics),-1
Poison_dart_frog,Disney_Infinity,4
Disney_Infinity,Universe,3
Universe,User_talk:Aleksa_is_cool,-1
Elia_del_Medigo,Stampfer,-1
Geno_Smith,EJ_Manuel,1
Geno_Smith,Juan_Uribe,3
Geno_Smith,Brandon_Weeden,3
Talk:Main_Page,Dirty_Dancing,4
Pi_(letter),Wikipedia:Administrator_intervention_against_vandalism/TB2,-1
Wikipedia:Administrator_intervention_against_vandalism/TB2,Penis,4
Penis,User_talk:Bluecew,-1
Mike_Tyson,User_talk:Jasonj926,-1
User_talk:Jasonj926,Wladimir_Klitschko,-1
The_Hobbit:_An_Unexpected_Journey,List_of_Sherlock_episodes,3
The_Hobbit:_An_Unexpected_Journey,User_talk:Hobbitgenius,-1
Metalcore,User_talk:Widr,-1
Sam_Worthington,Stand_Up_and_Scream,4
Stand_Up_and_Scream,User_talk:Widr,-1
User_talk:Widr,User_talk:Cardboardbox1,-1
Bolton_Wanderers_F.C.,Liam_Feeney,1
User:Downhill12,User_talk:Downhill12,-1
Marrano,Millonarios_Fútbol_Club,3
User:Bluejay101984,New_York_Times_Co._v._Sullivan,3
New_York_Times_Co._v._Sullivan,Uttar_Sampark_Kranti_Express,5
Uttar_Sampark_Kranti_Express,Watt,4
Watt,User:Excirial,-1
User:Excirial,William_Blake,-1
Burnie_Burns,Yes_and_no,3
Yes_and_no,Paint,3
User:Appleboy64,User:Yunshui,-1
User:Yunshui,User_talk:Appleboy64,-1
Enrique_Arancibia_Clavel,Oracle_Team_USA,3
Oracle_Team_USA,HMS_Grasshopper_(T85),4
HMS_Grasshopper_(T85),User:Brunead34,-1
User:Brunead34,1943–44_Michigan_Wolverines_men's_basketball_team,-1
EdIT_(musician),User:Sexyhype69/sandbox,-1
Stanisław_Bohusz_Siestrzeńcewicz,Gareth_Southgate,3
VfB_Stuttgart,Marco_Kurz,2
Marco_Kurz,Daniel_Pacheco,3
Daniel_Pacheco,First-past-the-post_voting,3
First-past-the-post_voting,Proportional_representation,1
Ed_Miliband,User_talk:Saucygoat123,-1
Wakeland_High_School,"Santiago_High_School_(Corona,_California)",4
Carlos_(given_name),User:John_Cline,-1
User:John_Cline,Dick's_Drive-In,-1
Sam_Gagner,Nice_Jewish_boy_stereotype,3
Sam_Gagner,Nice_Jewish_boy_stereotype,3
Sam_Gagner,Nice_Jewish_boy_stereotype,3
Nice_Jewish_boy_stereotype,User_talk:Snowpants89,-1
Battle_of_Kletsk,Madras_Medical_Mission,4
User_talk:Escape_Orbit,User_talk:Puremagic67,-1
Fort_Knox_Gold_Mine,Sand,3
Toothpaste,Wikipedia:Sandbox,4
Patrick_Star,McMahon_family,3
McMahon_family,User_talk:Brooke8590,-1
Charlie_the_Unicorn,Water_cycle,3
India_Under-19_cricket_team,User_talk:Imvchoudhary,-1
Water_cycle,User_talk:Jiggawhat32,-1
The_Student_Room,User_talk:Brennsy5463,-1
User_talk:Brennsy5463,Malham,3
Malham,User_talk:Brennsy5463,-1
User_talk:Brennsy5463,Keighley,1
Talk:Old_Firm,User_talk:Magicson,-1
User_talk:Magicson,User_talk:Escape_Orbit,-1
User_talk:Escape_Orbit,User_talk:Magicson,-1
User_talk:Magicson,User:DoorsAjar,-1
User:DoorsAjar,User_talk:Magicson,-1
Upper_Canada_Rebellion,User:Blahblah12333/sandbox,-1
Ted_Jolliffe,Microsoft_Surface_Pro_2,4
Diana_Gomes,Tyson_Clabo,5
Antonie_van_Leeuwenhoek,R2C2,5
John_Moore_(1595?–1657),Hill_Ridware,4
Handsacre,User:Bearian,-1
MacArthur_Study_Bible,User_talk:Macarthurisafalseteacher,-1
Wikipedia:Edit_filter/False_positives/Reports,East_Valley_School_District_(Spokane),4
Men_of_Iron,Architecture_of_cathedrals_and_great_churches,3
East_Valley_School_District_(Spokane),Cigarette,2
List_of_Man_v._Food_episodes,List_of_countries_by_life_expectancy,3
Wikipedia:Edit_filter/False_positives/Reports,Ziggy_Marley,3
Honiton,Honiton_Community_College,1
Destiny_(video_game),Infinity_Ward,1
User:Ryeband,Mad_at_Gravity,-1
Mad_at_Gravity,User_talk:Ryeband,-1
User:Ryeband,Mad_at_Gravity,-1
User:Ryeband,Frank_Bell,-1
Ben_Affleck,User:DanielWhite,-1
User:DanielWhite,Todd_Helton,-1
Todd_Helton,Freedom_for_the_Thought_That_We_Hate,4
Freedom_for_the_Thought_That_We_Hate,Adolf_Hitler,3
User:Iftot,United_Plankton_Pictures,-1
United_Plankton_Pictures,Nickelodeon_Animation_Studio,1
Nickelodeon_Animation_Studio,Rolie_Polie_Olie,2
Rolie_Polie_Olie,SpongeBob_SquarePants_(season_8),4
SpongeBob_SquarePants_(season_8),United_Plankton_Pictures,1
United_Plankton_Pictures,List_of_SpongeBob_SquarePants_guest_stars,2
List_of_SpongeBob_SquarePants_guest_stars,The_SpongeBob_SquarePants_Movie,1
Catalysis,Cowbridge_Comprehensive_School,5
Contract,Wikipedia:Sandbox,4
X-Factor_(comics),User_talk:FactorFamNU,-1
Patient_Protection_and_Affordable_Care_Act,Pasta,3
Georges_Bizet,User_talk:EvergreenFir,-1
User_talk:EvergreenFir,Wikipedia:Edit_filter/False_positives/Reports,-1
Wikipedia:Edit_filter/False_positives/Reports,User_talk:Lord_flacco,-1
Nikki_Runeckles,Leigh_Griffiths,-1
Cumbernauld_Airport,Cumbernauld_Castle,3
Highland_Park_High_School_(Minnesota),User_talk:TheEvilRussian,-1
User_talk:TheEvilRussian,User:TheEvilRussian,-1
"Highland_Park,_Saint_Paul",User_talk:TheEvilRussian,-1
Carlos_(given_name),Francisco,3
User:MarcusMurrdic,Talk:Fat_Albert_and_the_Cosby_Kids,-1
Talk:Fat_Albert_and_the_Cosby_Kids,Corn_flakes,4
Caramel_corn,User_talk:Discospinster,-1
Treaty_of_Paris_(1783),User:Stickytack6969/sandbox,-1
User:MattTheGuardBoy,User_talk:MattTheGuardBoy,-1
User_talk:MattTheGuardBoy,User:MattTheGuardBoy/sandbox,-1
User:MattTheGuardBoy/sandbox,User_talk:MattTheGuardBoy,-1
User_talk:MattTheGuardBoy,User_talk:CambridgeBayWeather,-1
User_talk:CambridgeBayWeather,User:Michael_Bednarek/SandBox,-1
User:Michael_Bednarek/SandBox,User_talk:CambridgeBayWeather,-1
User_talk:CambridgeBayWeather,User_talk:MattTheGuardBoy,4
User:CowboyGamer,User_talk:CowboyGamer,-1
User_talk:CowboyGamer,Earthworm_Jim_3D,-1
Humongous_Entertainment,User:CowboyGamer/sandbox,-1
User:CowboyGamer/sandbox,Smile_of_a_Child_TV,-1
Smile_of_a_Child_TV,The_Adventures_of_Dudley_the_Dragon,2
User:CowboyGamer,User_talk:Thebestofall007,-1
User_talk:Thebestofall007,User_talk:Lugia2453,-1
Thracian_tomb_Helvetia,Juan_Mata,4
User:Spoocane/sandbox,Ratchet_&_Clank,-1
User_talk:The_Anome,User_talk:GOAT69,-1
User_talk:GOAT69,Jetsunma_Ahkon_Lhamo,-1
Postimees,T_in_the_Park_2003,5
T_in_the_Park_2003,Greek_War_of_Independence,3
Pterosaur,Geno_Smith,4
Geno_Smith,Quarterback,1
Quarterback,Wikipedia:Sandbox,4
Wikipedia:Sandbox,Kurt_Kittner,-1
Pac-Man,Pac-Man_(character),2
Joe_Montana,Taylor_Martinez,3
Mohamed_Ygerbuchen,"Barack_Obama_presidential_campaign,_2008",4
Attack_on_Titan,"Somers,_New_York",4
"Layton,_Blackpool",Sapphire_Battersea,4
Sapphire_Battersea,Matilda_(novel),3
Matilda_(novel),Riker_Lynch,4
Riker_Lynch,Dreamtime,4
Phil_Kessel,User_talk:WPsheep,-1
Phil_Kessel,User_talk:WPsheep,-1
User_talk:Playtime1208Kinz,Template:Taxonomy/Laurasiatheria,-1
Template:Taxonomy/Laurasiatheria,Template:Taxonomy/Placentalia,-1
Template:Taxonomy/Placentalia,Template:Taxonomy/Eukaryota,-1
Template:Taxonomy/Eukaryota,Template:Taxonomy/Grypania,-1
Template:Taxonomy/Grypania,Template:Taxonomy/Opisthokonta,-1
Template:Taxonomy/Opisthokonta,Template:Taxonomy/Unikonta,-1
Template:Taxonomy/Unikonta,Template:Taxonomy/Avialae,-1
Template:Taxonomy/Avialae,Template:Taxonomy/Amphibia/Reptilia,-1
Template:Taxonomy/Amphibia/Reptilia,Template:Taxonomy/Animalia,-1
Template:Taxonomy/Animalia,Template:Taxonomy/Eukaryota,-1
User:Sdavis47,User:Sdavis47/sandbox,-1
Fuckin'_Problems,Swag_(TV_series),4
Swag_(TV_series),Festoon,4
Slang,User_talk:KillerKenny11,-1
Josh_Bootsma,Aaron_Davey,3
"User:It's_Britney,_bitch","User_talk:It's_Britney,_bitch",-1
"User_talk:It's_Britney,_bitch",User_talk:Assboobsshit,-1
User_talk:Assboobsshit,"User_talk:It's_Britney,_bitch",-1
"User_talk:It's_Britney,_bitch",User_talk:Guru_studio,-1
User_talk:Guru_studio,User_talk:FuckingShitSince1980,-1
User_talk:FuckingShitSince1980,User_talk:Lugia2453,-1
User_talk:Lugia2453,Cowboy_hat,-1
Cowboy_hat,User_talk:Downunder1988,-1
User_talk:Downunder1988,User_talk:Assboobsshit,-1
Clément_Grenier,Emmanuel_Adebayor,3
John_Thompson_(American_football_tight_end),Kirby,4
Living_Church_of_God,Church_of_God_International_(United_States),2
Church_of_God_International_(United_States),Talk:World_Mission_Society_Church_of_God,3
Talk:World_Mission_Society_Church_of_God,Talk:Ahn_Sahng-hong,3
Zaza_people,Yo_dawg,3
Time_travel,Blessed_George_Napier_Roman_Catholic_School,4
Butter_cookie,User_talk:신속과_정확,-1
User_talk:신속과_정확,Beef,3
Beef,User_talk:신속과_정확,-1
Friar,Finnigan,5
Jai_(actor),H,4
Languages_of_the_Democratic_Republic_of_the_Congo,Ethnic_groups_in_Africa,2
Ethnic_groups_in_Africa,Religion_in_Rwanda,2
Overkill_Software,User:Adin118/sandbox,-1
Copperhead_(DC_Comics),Batman:_Arkham_Origins,2
Commonwealth_of_Nations,User_talk:Remco123456789,-1
User_talk:Remco123456789,Vessem,1
AFL_Grand_Final,User:Jevansen,-1
Rialto_Bridge,User_talk:Thewikiguru1,-1
Wii_U,Ted_Jolliffe,4
Caroline_Spelman,Talk:Caroline_Spelman,-1
Ross_County_F.C.,Julian_Draxler,3
Systems_simulation,Johnny_Herbert,4
User_talk:RealTimeLords1,User:RealTimeLords1,-1
User:RealTimeLords1,Talk:Total_War:_Rome_II,-1
Talk:Total_War:_Rome_II,Transformers:_Age_of_Extinction,4
Transformers:_Age_of_Extinction,User_talk:BBCGuy2,-1
User_talk:BBCGuy2,GoldenEye,5
User_talk:RealTimeLords1,User_talk:SchroCat,-1
User_talk:SchroCat,20th_Century_Fox,3
Pixar,Doctor_Who:_Series_7_(soundtrack),4
Doctor_Who:_Series_7_(soundtrack),User_talk:Jedi94,-1
User_talk:Jedi94,Paramount_Pictures,2
Talk_(magazine),User_talk:Carniolus,-1
User_talk:Carniolus,Timeline_of_human_prehistory,4
Daniel_Brière,David_Desharnais,2
David_Desharnais,Raphael_Diaz,3
Raphael_Diaz,Davis_Drewiske,3
Davis_Drewiske,Lars_Eller,2
Alexei_Emelin,Alex_Galchenyuk,2
Alex_Galchenyuk,Brendan_Gallagher,1
Brendan_Gallagher,Brian_Gionta,2
Brandon_Prust,P._K._Subban,2
P._K._Subban,Ryan_White_(ice_hockey),2
Climate_of_Massachusetts,Luigi's_Flying_Tires,4
Luigi's_Flying_Tires,Sexuality_and_gender_identity-based_cultures,4
Lake_Michigan_College,User_talk:EuroCarGT,-1
Marcus_Lattimore,Jarrett,5
Avicii,Dillon_Francis,3
Dillon_Francis,Moombahcore,2
Moombahcore,F-sharp_minor,3
Daft_Punk,Knife_Party,3
Taiwan_Major_League,Myron_Samuel,5
Myron_Samuel,Ryan_Leaf,4
Jim_Boeheim,Fab_Melo,2
Fab_Melo,Andrew_Wiggins,3
Andrew_Wiggins,Bill_Hader,3
Bill_Hader,Landry_Jones,3
Landry_Jones,Chad_Bradford,4
Chad_Bradford,MLB_11:_The_Show,3
MLB_11:_The_Show,List_of_National_Football_League_records_(individual),3
List_of_National_Football_League_records_(individual),List_of_career_achievements_by_Babe_Ruth,3
List_of_career_achievements_by_Babe_Ruth,Bugatti,4
Jack_Root,Florida_State_Fair,4
Florida_State_Fair,The_birds_and_the_bees,4
Call_of_Duty:_Ghosts,Titanfall,2
Call_of_Duty:_Ghosts,Xbox_One,1
Kristina_Mladenovic,Chan_Hao-ching,1
Chan_Hao-ching,Anastasia_Pavlyuchenkova,2
User:Pisconeri,Ashleigh_Barty,-1
User:Pisconeri,Garbiñe_Muguruza,-1
Swatch,User_talk:Loriendrew,-1
Motherboard,Traditional_African_masks,4
Traditional_African_masks,Central_processing_unit,3
Sunderland_A.F.C.,User:Joshbrownnn/sandbox,-1
User:Joshbrownnn/sandbox,Andy_Horton,-1
Stuffing,Jeep_Cherokee_(KL),4
Dead_or_Alive_(band),St._John's_Orphanage,4
St._John's_Orphanage,"Chifley,_Australian_Capital_Territory",4
Demographics_of_Australia,Demographics_of_Canberra,1
Demographics_of_Canberra,Demographics_of_Australia,3
Demographics_of_Australia,Demographics_of_Canberra,1
Demographics_of_Canberra,St._John's_Orphanage,3
St._John's_Orphanage,Demographics_of_Armenia,4
List_of_reportedly_haunted_locations,St._John's_Orphanage,3
St._John's_Orphanage,Demographics_of_Finland,4
Demographics_of_Finland,Hurricane_Sandy,3
Hurricane_Sandy,Norfolk_kaka,3
Norfolk_kaka,1950_United_States_Census,2
1950_United_States_Census,List_of_federal_agencies_in_the_United_States,2
List_of_federal_agencies_in_the_United_States,Till_Lindemann,4
Till_Lindemann,Wikipedia:Miscellany_for_deletion/User:Burkenburg,-1
Wikipedia:Miscellany_for_deletion/User:Burkenburg,A_Current_Affair,-1
A_Current_Affair,User:Burkenburg,-1
User:Burkenburg,User:Burkenburg/Jarrad_Burke,-1
User:Burkenburg/Jarrad_Burke,User:Burkenburg/Aaron_Roberts,-1
User:Burkenburg/Aaron_Roberts,User:Burkenburg/Jarrad_Burke,-1
User:Burkenburg/Jarrad_Burke,User:Burkenburg,-1
User:Burkenburg,User:Burkenburg/Aaron_Roberts,-1
User:Burkenburg/Aaron_Roberts,Myrmecia_vindex,-1
Myrmecia_vindex,Myrmecia_rowlandi,2
Myrmecia_rowlandi,Myrmecia_acuta,3
Myrmecia_acuta,Myrmecia_brevinoda,2
Myrmecia_brevinoda,Wikipedia:Articles_for_deletion/Burkenburg,-1
Association_for_the_Wellbeing_of_Children_in_Healthcare,Darren_Lockyer,3
Ghost_Cat,Sex_and_the_Single_Mom,2
Zurna,Powder_deaerator,-1
Powder_deaerator,Presentation_of_a_monoid,4
Presentation_of_a_monoid,Myopia_in_animals,4
Myopia_in_animals,Conrado_Colina_Tudtud,-1
Conrado_Colina_Tudtud,NetSuite,5
Neutral_level,Konde_Deshmukh,6
Konde_Deshmukh,"Franz_Park,_St._Louis",5
"Franz_Park,_St._Louis",Abdul_Ghani_Malik,6
Abdul_Ghani_Malik,Campo_Belo_River,5
Campo_Belo_River,Nasvė,-1
Nasvė,South_American_XV,4
South_American_XV,Triton_Digital,4
Triton_Digital,Dudes_(film),4
Dudes_(film),"256th_Battalion,_CEF",5
"256th_Battalion,_CEF",2010_IAAF_World_Indoor_Championships_–_Men's_heptathlon,4
2010_IAAF_World_Indoor_Championships_–_Men's_heptathlon,Jim_Duguid,5
Jim_Duguid,International_Society_for_Pharmaceutical_Engineering,4
Oliver_B._Bumble,User_talk:Thor143,-1
Hawthorne_(season_2),Tormásliget,4
Black_Belt_Jones,Hashtag,4
Hashtag,123,4
User:GMcFly,User_talk:Discospinster,-1
User_talk:Discospinster,Columbidae,-1
Heritage_Property_Act_(Saskatchewan),USS_Oxford,5
Liam,Malachy_(given_name),3
Malachy_(given_name),Rafting,4
Rafting,User_talk:NeilN,-1
Data_science,Celsius,2
Brunswick_Manifesto,D,3
Ramón_Emeterio_Betances,User:사구ㅏ,-1
Doctor_Who,User_talk:사구ㅏ,-1
Mike_Patton,David_Mitchell_(comedian),3
East_Germany,User:Jbrosh,-1
User:Jbrosh,Siberian_(disambiguation),-1
Siberian_(disambiguation),Straitjacket_(disambiguation),5
Eddsworld,The_Yogscast,3
The_Yogscast,Toby_Turner,3
Ayumi_Hamasaki,User:500₨_we_make,-1
The_New_Cities,User_talk:Discospinster,-1
Talk:Happy_Holiday(s),User_talk:Swag,-1
User_talk:Swag,Red_panda,-1
Monofixation_syndrome,Delayed_Gadolinium_Enhanced_Magnetic_Resonance_Imaging_of_Cartilage_(dGEMRIC),5
Effect_of_radiation_on_perceived_temperature,Pornography_in_India,5
AMBER_Alert,User_talk:Kilo0295,-1
User_talk:Kilo0295,Auburn_Tigers_football,4
Birdman_(rapper),User_talk:Kilo0295,-1
Juan_Martín_del_Potro,User:Martinthehackerlol,-1
Juan_Martín_del_Potro,User_talk:Martinthehackerlol,-1
Talk:Kim_Fox_(EastEnders),Talk:Walford,-1
Talk:Walford,List_of_EastEnders_characters_(2008),2
List_of_EastEnders_characters_(2008),Talk:Jim_Branning,-1
Talk:Jim_Branning,User:Tinamckintyre23,-1
User:Tinamckintyre23,Lloyd_Mullaney,-1
Dancing_on_Ice,Talk:Liam_Butcher,-1
Talk:Liam_Butcher,User_talk:Tinamckintyre23,-1
User_talk:Tinamckintyre23,Talk:Liam_Butcher,-1
Talk:Liam_Butcher,Tanya_Branning,-1
Tanya_Branning,List_of_EastEnders_characters,2
List_of_EastEnders_characters,Talk:List_of_EastEnders_characters,-1
Talk:List_of_EastEnders_characters,User:Tinamckintyre23,-1
User:Tinamckintyre23,The_British_Soap_Awards,-1
EastEnders,Talk:Liam_Butcher,-1
Talk:Liam_Butcher,User:Tinamckintyre23,-1
User:Tinamckintyre23,Alan_Turner_(Emmerdale),-1
Dot_Cotton,Talk:Liam_Butcher,-1
Talk:Liam_Butcher,Sonia_Fowler,-1
Alan_Turner_(Emmerdale),Talk:Martin_Fowler_(EastEnders),-1
Talk:Martin_Fowler_(EastEnders),User:Tinamckintyre23/sandbox,-1
User:Tinamckintyre23/sandbox,Talk:Sal_Martin,-1
Talk:Sal_Martin,Peggy_Mitchell,-1
Peggy_Mitchell,Talk:Martin_Fowler_(EastEnders),-1
Talk:Martin_Fowler_(EastEnders),User:Tinamckintyre23/sandbox,-1
User:Tinamckintyre23/sandbox,List_of_EastEnders_characters_(2013),2
List_of_EastEnders_characters_(2013),Talk:Liam_Butcher,-1
Talk:Liam_Butcher,User:Tinamckintyre23/sandbox,-1
User:Tinamckintyre23/sandbox,Nick_Wilton,1
Nick_Wilton,Talk:Liam_Butcher,-1
Talk:Liam_Butcher,User:Tinamckintyre23/sandbox,-1
User:Tinamckintyre23/sandbox,List_of_EastEnders_characters_(2013),2
List_of_EastEnders_characters_(2013),List_of_Coronation_Street_characters_(2013),2
List_of_Coronation_Street_characters_(2013),List_of_Coronation_Street_characters,2
Todd_Grimshaw,User:Tinamckintyre23/sandbox,-1
User:Tinamckintyre23/sandbox,User:Tinamckintyre23,-1
User:Tinamckintyre23,List_of_EastEnders_characters_(1998),-1
List_of_EastEnders_characters_(1998),Anthony_Moon,2
Anthony_Moon,Sonia_Fowler,2
Emma_Willis,Talk:Kat_Slater,-1
Talk:Kat_Slater,User:Tinamckintyre23/sandbox,-1
User:Tinamckintyre23/sandbox,List_of_EastEnders_characters_(2012),2
List_of_EastEnders_characters_(2012),List_of_past_EastEnders_characters,2
List_of_past_EastEnders_characters,List_of_EastEnders_characters,1
List_of_EastEnders_characters,List_of_EastEnders_characters_(2007),2
List_of_EastEnders_characters_(2007),List_of_EastEnders_characters,2
Tanya_Branning,Talk:List_of_EastEnders_characters_(2012),-1
Talk:List_of_EastEnders_characters_(2012),User:Tinamckintyre23/sandbox,-1
User:Tinamckintyre23/sandbox,Talk:Liam_Butcher,-1
Talk:Liam_Butcher,Talk:List_of_EastEnders_characters_(2012),-1
Talk:List_of_EastEnders_characters_(2012),Talk:Tanya_Branning,-1
Talk:Tanya_Branning,Tanya_Branning,5
Tanya_Branning,Anna_Windass,3
Anna_Windass,Tina_McIntyre,1
Deirdre_Barlow,Eddie_Windass,2
Eddie_Windass,File:Tanya_Branning.jpg,-1
File:Tanya_Branning.jpg,Abi_Branning,-1
Abi_Branning,User_talk:Tinamckintyre23,-1
User_talk:Tinamckintyre23,User:Tinamckintyre23/sandbox,-1
User:Tinamckintyre23/sandbox,User_talk:Tinamckintyre23/sandbox,-1
User_talk:Tinamckintyre23/sandbox,User:Tinamckintyre23/sandbox,-1
User:Tinamckintyre23/sandbox,List_of_EastEnders_characters_(2007),2
List_of_EastEnders_characters_(2007),Alan_Turner_(Emmerdale),3
Alan_Turner_(Emmerdale),Matt_Carter_(Coronation_Street),3
Matt_Carter_(Coronation_Street),Norris_Cole,2
Norris_Cole,User:Tinamckintyre23/sandbox,-1
User:Tinamckintyre23/sandbox,Talk:Kat_Slater,-1
Talk:Kat_Slater,Tessa_Wyatt,4
Tessa_Wyatt,List_of_EastEnders_characters_(2013),2
List_of_EastEnders_characters_(2013),Steve_McDonald_(Coronation_Street),3
Steve_McDonald_(Coronation_Street),List_of_EastEnders_characters_(2013),3
List_of_EastEnders_characters_(2013),Talk:Liam_Butcher,-1
Talk:Liam_Butcher,Anna_Windass,-1
Anna_Windass,Kate_Magowan,3
Kate_Magowan,User:Tinamckintyre23/sandbox,-1
User:Tinamckintyre23/sandbox,Peggy_Mitchell,2
Peggy_Mitchell,List_of_EastEnders_characters_(2012),2
List_of_EastEnders_characters_(2012),Talk:Peggy_Mitchell,-1
Talk:Peggy_Mitchell,Pauline_Fowler,2
Pauline_Fowler,User_talk:Tinamckintyre23/sandbox,-1
User_talk:Tinamckintyre23/sandbox,Tessa_Wyatt,-1
Tessa_Wyatt,Talk:Tessa_Wyatt,-1
Talk:Tessa_Wyatt,Tessa_Wyatt,-1
Tessa_Wyatt,Tessa_Wyatt_(actress),1
Tessa_Wyatt_(actress),Talk:Tessa_Wyatt,-1
Talk:Tessa_Wyatt,User_talk:Tinamckintyre23/sandbox,-1
User_talk:Tinamckintyre23/sandbox,User_talk:AnemoneProjectors,-1
User_talk:AnemoneProjectors,User_talk:Tinamckintyre23/sandbox,-1
User_talk:Tinamckintyre23/sandbox,User:Tinamckintyre23/sandbox,-1
User:Tinamckintyre23/sandbox,User_talk:Tinamckintyre23/sandbox,-1
User_talk:Tinamckintyre23/sandbox,Anna_Wing,-1
Anna_Wing,User_talk:Tinamckintyre23,-1
User_talk:Tinamckintyre23,User_talk:AnemoneProjectors,-1
User_talk:AnemoneProjectors,User:Tinamckintyre23,-1
User:Tinamckintyre23,User:Tinamckintyre23/sandbox,-1
User:Tinamckintyre23/sandbox,User_talk:Tinamckintyre23,-1
User_talk:Tinamckintyre23,Talk:Kurt_Benson,-1
Talk:Kurt_Benson,User_talk:AnemoneProjectors,-1
User_talk:AnemoneProjectors,User:Tinamckintyre23,-1
User:Tinamckintyre23,User_talk:AnemoneProjectors,-1
User_talk:AnemoneProjectors,User:Tinamckintyre23,-1
User:Tinamckintyre23,Janet_Mitchell,-1
Janet_Mitchell,List_of_EastEnders_characters,2
List_of_EastEnders_characters,User_talk:AnemoneProjectors,-1
User_talk:AnemoneProjectors,Abi_Branning,4
Abi_Branning,Talk:Abi_Branning,-1
Talk:Abi_Branning,Abi_Branning,-1
Pauline_Fowler,User_talk:AnemoneProjectors,-1
User_talk:AnemoneProjectors,User_talk:Tinamckintyre23,-1
User_talk:Tinamckintyre23,User_talk:AnemoneProjectors,-1
User_talk:AnemoneProjectors,User_talk:Tinamckintyre23,-1
User_talk:Tinamckintyre23,Talk:Janet_Mitchell,-1
Talk:Janet_Mitchell,Kurt_Benson,4
Kurt_Benson,List_of_Hollyoaks_characters,2
List_of_Hollyoaks_characters,User_talk:AnemoneProjectors,-1
User_talk:AnemoneProjectors,File:Eileen_Grimshaw_CS.jpg,-1
File:Eileen_Grimshaw_CS.jpg,User_talk:Tinamckintyre23,-1
User_talk:Tinamckintyre23,Talk:Janet_Mitchell,-1
Talk:Janet_Mitchell,User_talk:AnemoneProjectors,-1
User_talk:AnemoneProjectors,Talk:Janet_Mitchell,-1
Talk:Janet_Mitchell,User_talk:Raintheone,-1
User_talk:Raintheone,Talk:Peggy_Mitchell,-1
Talk:Peggy_Mitchell,Talk:Kevin_Webster,-1
Talk:Kevin_Webster,Talk:Kurt_Benson,-1
Talk:Kurt_Benson,Talk:Peggy_Mitchell,-1
Talk:Peggy_Mitchell,Sam_Mitchell_(EastEnders),2
Sam_Mitchell_(EastEnders),Talk:Peggy_Mitchell,-1
Talk:Peggy_Mitchell,Kurt_Benson,4
Cindy_Cunningham,Cunningham_family,1
Cunningham_family,Clare_Devine,1
Clare_Devine,User_talk:AnemoneProjectors,-1
User_talk:AnemoneProjectors,Talk:Janet_Mitchell,-1
Talk:Janet_Mitchell,User_talk:Raintheone,-1
User_talk:Raintheone,Tracy_Barlow,4
Tracy_Barlow,Talk:Mary_Taylor_(Coronation_Street),-1
Talk:Mary_Taylor_(Coronation_Street),Talk:Janet_Mitchell,-1
Talk:Janet_Mitchell,Wikipedia:Sockpuppet_investigations/Tinamckintyre23,-1
Wikipedia:Sockpuppet_investigations/Tinamckintyre23,User_talk:AnemoneProjectors,-1
User_talk:AnemoneProjectors,Talk:Peggy_Mitchell,-1
Talk:Peggy_Mitchell,User_talk:AnemoneProjectors,-1
User_talk:AnemoneProjectors,Wikipedia:Sockpuppet_investigations/Tinamckintyre23,-1
Wikipedia:Sockpuppet_investigations/Tinamckintyre23,User_talk:AnemoneProjectors,-1
User_talk:AnemoneProjectors,Wikipedia:Sockpuppet_investigations/Tinamckintyre23,-1
Wikipedia:Sockpuppet_investigations/Tinamckintyre23,User_talk:AnemoneProjectors,-1
User_talk:AnemoneProjectors,List_of_EastEnders_characters_(2013),4
List_of_EastEnders_characters_(2013),Talk:Janet_Mitchell,-1
Talk:Janet_Mitchell,Michelle_Connor,3
Michelle_Connor,Talk:Mo_Harris,-1
Talk:Mo_Harris,List_of_Coronation_Street_characters_(2008),3
List_of_Coronation_Street_characters_(2008),User_talk:AnemoneProjectors,-1
User_talk:AnemoneProjectors,User:Tinamckintyre23/sandbox,-1
User:Tinamckintyre23/sandbox,User_talk:AnemoneProjectors,-1
User_talk:AnemoneProjectors,Ronnie_Mitchell,3
Nancy_Hayton,List_of_Hollyoaks_characters,2
List_of_Hollyoaks_characters,User:Tinamckintyre23/sandbox,-1
User:Tinamckintyre23/sandbox,Darren_Osborne,3
Darren_Osborne,Jessica_Fox_(actress),1
Jessica_Fox_(actress),User_talk:AnemoneProjectors,-1
User_talk:AnemoneProjectors,Ronnie_Mitchell,3
Ronnie_Mitchell,User_talk:AnemoneProjectors,-1
User_talk:AnemoneProjectors,List_of_Coronation_Street_characters_(2012),4
List_of_Coronation_Street_characters_(2012),User:Tinamckintyre23,-1
User:Tinamckintyre23,Myra_McQueen,-1
Mercedes_McQueen,Doctor_Browning,1
Doctor_Browning,Shirley_Carter,3
Shirley_Carter,User:Tinamckintyre23/sandbox,-1
User:Tinamckintyre23/sandbox,User:AnemoneProjectors/Ayesha_Rana,-1
Players_Association,Chevrolet,3
Thomas_Kinkade,Geoff_Kinrade,3
Kemerovo_Institute_of_Food_Science_and_Technology,Geoff_Kinrade,4
Geoff_Kinrade,Thomas_Kinkade,4
Angstrem_(company),People's_Guardian,4
People's_Guardian,James_Nightall,5
James_Nightall,Info-Tech_Research_Group,4
Gerdau,Karkador,5
Karkador,User_talk:MusikAnimal/old_talkpage,-1
User_talk:MusikAnimal/old_talkpage,39th_New_York_Volunteer_Infantry_Regiment,6
39th_New_York_Volunteer_Infantry_Regiment,Talas_tuco-tuco,5
Talas_tuco-tuco,Kadir_Rakhimovich_Timergazin,4
Kadir_Rakhimovich_Timergazin,Iru_Malargal,5
Iru_Malargal,Nancy_Spain,4
Nancy_Spain,Molecular_diagnostics,4
Molecular_diagnostics,List_of_Chinese_martial_arts,4
Victor_Anichebe,User:Kolbasz,-1
User:Kolbasz,Alexander_Esswein,5
Benoît_Angbwa,User_talk:Angbwa22,-1
Arab_League,Television_in_the_United_Arab_Emirates,3
Television_in_the_United_Arab_Emirates,Nilesat,2
Nilesat,Emtek,4
Emtek,Who_Wants_to_Be_a_Millionaire?,4
Who_Wants_to_Be_a_Millionaire?,Idols_(TV_series),3
Idols_(TV_series),The_Voice_(TV_series),2
The_Voice_(TV_series),That's_Solent,2
That's_Solent,ITV_Meridian,2
MBC_Action,MBC_4_(Middle_East),1
MBC_4_(Middle_East),MBC_1_(Middle_East),1
MBC_1_(Middle_East),Al_Jazeera,3
Al_Jazeera,Fox_Series,3
Fox_Series,Nilesat,3
Nilesat,Visi_Media_Asia,4
Visi_Media_Asia,Central_European_Media_Enterprises,4
Central_European_Media_Enterprises,MBC_1_(Middle_East),3
MBC_1_(Middle_East),MBC_4_(Middle_East),1
MBC_4_(Middle_East),MBC_Action,1
Nilesat,MBC_1_(Middle_East),2
MBC_1_(Middle_East),MBC_4_(Middle_East),1
MBC_4_(Middle_East),MBC_Action,1
MBC_Action,Fox_Series,2
Fox_Series,Al_Jazeera,3
Al_Jazeera,Fox_Series,3
Fox_Series,MBC_Action,2
MBC_Action,Fox_Series,2
Fox_Series,MBC_4_(Middle_East),2
MBC_4_(Middle_East),MBC_1_(Middle_East),1
MBC_1_(Middle_East),Nilesat,2
Efforts_to_impeach_Barack_Obama,"Barack_Obama_presidential_campaign,_2012",2
"Barack_Obama_presidential_campaign,_2012",Barack_Obama_citizenship_conspiracy_theories,2
Efforts_to_impeach_Barack_Obama,Barack_Obama_citizenship_conspiracy_theories,1
Efforts_to_impeach_Barack_Obama,Barack_Obama_citizenship_conspiracy_theories,1
Barack_Obama_citizenship_conspiracy_theories,Bob_Menendez,3
Bob_Menendez,Barack_Obama_citizenship_conspiracy_theories,3
The_Big_Lebowski,9GAG,4
Gideon_Mantell,User_talk:Bountyhunter2001,-1
Love_the_Way_You_Lie,Yoda,2
Cherrelle,User_talk:Trollfacekillzu,-1
Talk:Rin_Tōsaka,Wikipedia:Wikipediholism_test,-1
Wikipedia:Arbitration/Requests,Wikipedia:Requests_for_comment,-1
Wikipedia:Requests_for_comment,Wikipedia_talk:Arbitration/Requests,-1
Wikipedia_talk:Arbitration/Requests,Novel,4
Novel,Talk:Novel,1
Talk:Novel,Wikipedia_talk:Requests_for_comment,-1
Wikipedia_talk:Requests_for_comment,Aphra_Behn,5
Aphra_Behn,Talk:Aphra_Behn,-1
Talk:Aphra_Behn,Suriname,1
Suriname,Talk:Suriname,-1
Talk:Suriname,South_America,1
South_America,Talk:South_America,1
Talk:South_America,Charles_II_of_England,3
English_language,Talk:Charles_II_of_England,-1
Talk:Charles_II_of_England,Espionage,4
Espionage,Talk:Espionage,-1
Talk:Espionage,Second_Anglo-Dutch_War,3
Second_Anglo-Dutch_War,Talk:Second_Anglo–Dutch_War,-1
Talk:Second_Anglo–Dutch_War,Talk:English_language,-1
Talk:English_language,England,2
England,Talk:England,-1
124104_Balcony,Wikipedia:Sandbox,5
Wikipedia:Sandbox,George_bush,-1
George_bush,User_talk:Billy_on_Heels_2.0,-1
Incubus_(2006_film),Leutwil,5
New_England_Colonies,Alloy,3
Alloy,Mechanical_fan,3
Matthew_Davis,The_Originals_(TV_series),1
The_Originals_(TV_series),Alain_Vigneault,4
John_Ortiz,Dominic_Toretto,3
Dominic_Toretto,Rita_Ora,3
Rita_Ora,The_Host_(2013_film),3
The_Host_(2013_film),Vasectomy,3
The_Vampire_Diaries,The_Originals_(TV_series),1
The_Originals_(TV_series),Susanna_Thompson,3
Susanna_Thompson,Candice_Accola,3
Candice_Accola,Nina_Dobrev,2
Stephen_Amell,List_of_The_Vampire_Diaries_episodes,2
List_of_The_Vampire_Diaries_episodes,The_Wanted,3
The_Wanted,Justin_Timberlake,2
Stephen_Amell,Emily_Bett_Rickards,2
Emily_Bett_Rickards,Cory_Monteith,3
Cory_Monteith,Glee_(season_5),1
Glee_(season_5),Cory_Monteith,1
Cory_Monteith,User_talk:Darkeclipse1,-1
User_talk:Darkeclipse1,Cory_Monteith,-1
Cory_Monteith,User_talk:Status,-1
User_talk:Status,User_talk:Darkeclipse1,-1
User_talk:Darkeclipse1,Cory_Monteith,-1
Cory_Monteith,User_talk:Darkeclipse1,-1
User_talk:Darkeclipse1,Lea_Michele,-1
Cory_Monteith,User_talk:Darkeclipse1,-1
User_talk:Darkeclipse1,Better_Together_(EP),-1
Better_Together_(EP),The_20/20_Experience,3
The_20/20_Experience,The_X_Factor_(U.S._TV_series),3
The_X_Factor_(U.S._TV_series),The_20/20_Experience_World_Tour,3
The_20/20_Experience_World_Tour,The_Voice_(U.S._TV_series),3
The_Voice_(U.S._TV_series),Legends_of_the_Summer,3
Legends_of_the_Summer,The_20/20_Experience_World_Tour,2
The_20/20_Experience_World_Tour,Michael_Bublé,2
Michael_Bublé,The_20/20_Experience_World_Tour,3
The_20/20_Experience_World_Tour,Legends_of_the_Summer,2
Legends_of_the_Summer,Arrow_(TV_series),3
Arrow_(TV_series),Legends_of_the_Summer,3
Legends_of_the_Summer,List_of_Days_of_Our_Lives_cast_members,4
List_of_Days_of_Our_Lives_cast_members,Arrow_(TV_series),2
Arrow_(TV_series),List_of_The_Vampire_Diaries_episodes,2
List_of_The_Vampire_Diaries_episodes,Arrow_(TV_series),2
Arrow_(TV_series),The_Originals_(TV_series),2
The_Originals_(TV_series),The_Vampire_Diaries,1
Michael_Bublé,Arrow_(TV_series),3
Arrow_(TV_series),The_Vampire_Diaries,1
The_Vampire_Diaries,List_of_The_Vampire_Diaries_episodes,2
List_of_The_Vampire_Diaries_episodes,The_Originals_(TV_series),2
The_Originals_(TV_series),Arrow_(TV_series),2
Arrow_(TV_series),The_20/20_Experience_World_Tour,3
The_20/20_Experience_World_Tour,Arrow_(TV_series),3
Arrow_(TV_series),The_Originals_(TV_series),2
DEN_Networks,User_talk:NCTANEWS,-1
Waffle,Japanese_swordsmithing,4
Japanese_swordsmithing,Sheldon_Cooper,4
Toonami_(UK_&_Ireland),Talk:Toonami_(UK_&_Ireland),1
Talk:Toonami_(UK_&_Ireland),Jetix,2
Jetix,Disney_Channel_(UK_and_Ireland),2
Disney_Channel_(UK_and_Ireland),Cartoonito,2
Cartoonito,Nickelodeon_(UK_and_Ireland),2
Nickelodeon_(UK_and_Ireland),Disney_XD_(Europe),3
Disney_XD_(Europe),UKTV,3
UKTV,Blurred_Lines,3
Blurred_Lines,Disney_Channel_(UK_and_Ireland),3
Disney_Channel_(UK_and_Ireland),Disney_XD_(Europe),-1
Disney_XD_(Europe),User:David_Jetix,-1
User:David_Jetix,Disney_Channel_(UK_and_Ireland),-1
Disney_Channel_(UK_and_Ireland),User_talk:David_Jetix,-1
Lesser_mole-rat,Gray_dwarf_hamster,-1
"Canal_Fulton,_Ohio",Our_Song_(Taylor_Swift_song),5
Annie_(given_name),Alexander,3
Thomas_(name),Morten,5
Morten,Dick_(surname),4
User:Coolboyliz,Elizabeth_Canning,-1
Rahul_Gandhi,Digvijaya_Singh,2
Digvijaya_Singh,Telangana_Rashtra_Samithi,2
User_talk:168.184.14.11,User_talk:64.24.84.5,-1
User_talk:64.24.84.5,User_talk:164.58.180.21,-1
User_talk:164.58.180.21,User_talk:217.61.50.34,-1
User_talk:217.61.50.34,User_talk:207.161.117.120,-1
User_talk:207.161.117.120,User_talk:74.216.102.7,-1
User_talk:74.216.102.7,User_talk:74.216.49.31,-1
User_talk:74.216.49.31,User_talk:207.161.11.249,-1
User_talk:207.161.11.249,User:ControItheDogs,-1
User:ControItheDogs,User_talk:Gottabecrazy,-1
Wikipedia:Article_traffic_jumps,Shangguan_Yunzhu,5
Shangguan_Yunzhu,Elizabeth_Canning,4
Blurred_Lines,Philosophy_(disambiguation),4
Richard_Codey,Barack_Obama_citizenship_conspiracy_theories,3
Barack_Obama_citizenship_conspiracy_theories,Bob_Menendez,3
User:Darthstripe,User_talk:Darthstripe,-1
User:Darthstripe,"Fried,_Frank,_Harris,_Shriver_&_Jacobson",-1
Stop_(Spice_Girls_song),User_talk:Lugia2453,-1
User_talk:Lugia2453,User_talk:Darthstripe,-1
User:Darthstripe,User_talk:Darthstripe,-1
Physical_education,Wikipedia:Edit_filter/False_positives/Reports,-1
Portal_talk:Biography/Intro,Portal:Contents/Indices/Intro,-1
Portal:Contents/Indices/Intro,Portal:Contents/Overviews/Intro,-1
Portal:Contents/Overviews/Intro,Portal:Contents/Portals/Intro,-1
Portal:Contents/Portals/Intro,User_talk:Marvinugorji,-1
UFO:_Aftermath,Xbox_(console),3
Xbox_(console),PlayStation,2
NFL_Europe,New_United_States_Football_League,2
New_United_States_Football_League,Akron_Fire,3
Akron_Fire,New_United_States_Football_League,2
New_United_States_Football_League,Akron_Fire,3
Akron_Fire,New_United_States_Football_League,2
New_United_States_Football_League,Frontier_League,3
Frontier_League,New_United_States_Football_League,3
New_United_States_Football_League,Template:Las_Vegas_Locomotives,4
Template:Las_Vegas_Locomotives,Spokane_Shock,-1
Arena_Football_League,Charlotte_Speed,3
Charlotte_Speed,Arena_Football_League,2
Arena_Football_League,Houston_Stallions,3
Houston_Stallions,Washington_Commandos,3
Spokane_Shock,ShoWare_Center,2
ShoWare_Center,The_Palace_of_Auburn_Hills,3
BankUnited_Center,Dallas_Vigilantes,4
Dallas_Vigilantes,Dallas_Desperados,1
World's_Largest_Outdoor_Cocktail_Party,User_talk:FuckingShitSince1980,-1
User_talk:FuckingShitSince1980,User_talk:IHateLucyVanPeltSoDamnMuch,-1
Dragonair,User_talk:Secretdude1234,-1
User_talk:Secretdude1234,Wikipedia:Sandbox,5
Wikipedia:Sandbox,Asiana_Airlines_Flight_214,-1
Asiana_Airlines_Flight_214,China_Airlines,2
Japan_Airlines,User_talk:Secretdude1234,-1
John_Worgan,Festa_Literária_Internacional_de_Paraty,4
Festa_Literária_Internacional_de_Paraty,Wikipedia:Edit_filter/False_positives/Reports,-1
Walter_Panas_High_School,Lakeland_High_School_(New_York),2
Walter_Panas_High_School,Lakeland_High_School_(New_York),2
SystemVerilog,Bullying_in_information_technology,4
Misu_(drink),Sweet_potato,3
Misu_(drink),Milkshake,3
Sweet_potato,User_talk:동국제약,-1
Charlie_McDonnell,Dan_Howell,2
"Lumen_Christi_College,_Derry",The_Hunger_Games_trilogy,4
The_Hunger_Games_trilogy,ARK_Music_Factory,3
ARK_Music_Factory,Amanda_Bynes,3
Amanda_Bynes,Spring_Breakers,2
"Lumen_Christi_College,_Derry",The_Hunger_Games_trilogy,4
"Lumen_Christi_College,_Derry",ARK_Music_Factory,4
Rural_Okresi,Tucking_mill,-1
Stratosphere_Las_Vegas,Electricidad,5
Electricidad,Up_(film_score),4
Newark_Liberty_International_Airport,Hartsfield–Jackson_Atlanta_International_Airport,2
Hartsfield–Jackson_Atlanta_International_Airport,Ben_Gurion_Airport,2
Ben_Gurion_Airport,User:Serious_Back_Scratch,-1
User:Serious_Back_Scratch,User:Two_Cheeseburgers_Meal,-1
User:Two_Cheeseburgers_Meal,User:Channel_4_News_at_6_O'Clock,-1
User:Channel_4_News_at_6_O'Clock,User:Juan_Daker,-1
User:Juan_Daker,User:Little_Mack_Attack,-1
User:Little_Mack_Attack,User:EnvoyClass,-1
User:EnvoyClass,User:Summer_Schemes,-1
User:Summer_Schemes,User:Buy_A_Vowel,-1
User:Buy_A_Vowel,Hartsfield–Jackson_Atlanta_International_Airport,-1
Tap_dance,File:Bojangles_&_Shirley_Temple.jpg,-1
File:Bojangles_&_Shirley_Temple.jpg,Raccoon,4
Tendaguria,Madonna:_An_Intimate_Biography,4
Madonna:_An_Intimate_Biography,Chest_hair,3
Reddit,User:EpicPieGuy,-1
User:EpicPieGuy,Justin_Bieber,4
Electronic_cigarette,Crystal_Harris,4
Hugo_Boss_Prize,David_Horvitz,3
David_Horvitz,User:Tbhotch,-1
User:Tbhotch,User_talk:Joebunkeo,-1
User_talk:Joebunkeo,David_Horvitz,1
David_Horvitz,User_talk:Theredproject,-1
User_talk:Theredproject,User_talk:Joebunkeo,-1
User_talk:Joebunkeo,Talk:David_Horvitz,-1
Talk:David_Horvitz,User_talk:Tbhotch,-1
User_talk:Tbhotch,Wikipedia:Articles_for_deletion/Log/2013_September_13,-1
Wikipedia:Articles_for_deletion/Log/2013_September_13,User_talk:Joebunkeo,-1
User_talk:Joebunkeo,Wikipedia:Articles_for_deletion/David_Horvitz,-1
Wikipedia:Articles_for_deletion/David_Horvitz,David_Horvitz,1
David_Horvitz,User_talk:DGG,-1
User_talk:DGG,Wikipedia:Articles_for_deletion/David_Horvitz,-1
Wikipedia:Articles_for_deletion/David_Horvitz,User_talk:Joebunkeo,-1
User_talk:Joebunkeo,Wikipedia:Articles_for_deletion/David_Horvitz,-1
Wikipedia:Articles_for_deletion/David_Horvitz,User_talk:Joebunkeo,-1
Brooke_Adams_(wrestler),User_talk:Quitlying,-1
Abu_Usamah,Usman_Malik,-1
Muhammad_Tahir-ul-Qadri,User_talk:The_Devil's_Advocate,-1
User_talk:The_Devil's_Advocate,Muhammad_Tahir-ul-Qadri,4
Fab_Melo,Dirk_Nowitzki,2
We_Are_Marshall,Ted_(film),3
Ted_(film),Insidious:_Chapter_2,3
Insidious:_Chapter_2,Ted_(film),3
Ed_Woodward,AOL,2
AdventureQuest_Worlds,Jordan_Maron,3
Jordan_Maron,User:Fuzball01,-1
User:Fuzball01,Jessie_(TV_series),-1
Talk:Mobile_virus,User:WadeSimMiser,-1
User:WadeSimMiser,User_talk:WadeSimMiser,-1
Arabs,Wikipedia:Sandbox,4
User:Crazypotato99/sandbox,Andy_Warhol,-1
Spam_(food),User_talk:Crazypotato99,-1
User_talk:Crazypotato99,Snail,1
Snail,New_England_Colonies,3
Talk:Rock_Band_(video_game),Talk:Ōkami,-1
Talk:Ōkami,Talk:BioShock,-1
Talk:BioShock,Talk:Crazy_Taxi_(series),-1
Talk:Crazy_Taxi_(series),Talk:Gears_of_War,-1
Talk:Gears_of_War,Talk:Potato_Sack,-1
Talk:Potato_Sack,Talk:List_of_Sonic_the_Hedgehog_characters,-1
Talk:List_of_Sonic_the_Hedgehog_characters,"User_talk:Poppa_""Pet_Boy""_Soreanal",-1
Goo_Goo_Cluster,Kendall_Schmidt,4
Kendall_Schmidt,"Carlos_Pena,_Jr.",2
"Carlos_Pena,_Jr.",Alexa_Vega,2
Chigurida_Kanasu,Michael_Meeks_(basketball),4
1971_Pan_American_Games_medal_table,Colonel,3
Scott_v._Harris,Ruthanne_Lum_McCunn,5
List_of_WWE_pay-per-view_events,2013–14_Premier_League,3
2013–14_Premier_League,List_of_WWE_World_Heavyweight_Champions,4
List_of_WWE_pay-per-view_events,Night_of_Champions_(2013),2
Night_of_Champions_(2013),Minecraft,3
Minecraft,Night_of_Champions_(2013),4
Mr_Monkey's_Banana_Ride,"Willington,_Kent",5
Tavon_Austin,List_of_historically_significant_college_football_games,2
List_of_historically_significant_college_football_games,Vitaly_Zdorovetskiy,3
Vitaly_Zdorovetskiy,Rocky_Johnson,3
Nitro_High_School,User_talk:Drmies,-1
Halloween_(wrestler),George_Watsky,4
George_Watsky,Live_action_role-playing_game,3
Live_action_role-playing_game,User:Abce2,-1
User:Abce2,User:Thomas.W,-1
User:Thomas.W,User:DVdm,-1
Miķeļbāka,Mead,3
User_talk:Kingbinsauage90,World's_largest_cities,1
"Jennie_Lee,_Baroness_Lee_of_Asheridge",Samuel_Parker_(bishop_of_Oxford),4
Filter_Room,Rugby_football,3
Pro_Evolution_Soccer_2014,Erasto_Nyoni,4
Erasto_Nyoni,Tuzla,4
Tuzla,Erasto_Nyoni,4
Sierra_Kay,Scarlett_Johansson,3
Sacred_Cows,Sacred_cow_(idiom),2
Post_Office_Squirrel_savings_account,Boyd_Lake_(Nova_Scotia),6
Boyd_Lake_(Nova_Scotia),Perrusse,5
Perrusse,Ţunţuni'r_Boi,5
Ţunţuni'r_Boi,Antonio_Riccianti,-1
Red,User_talk:Discospinster,-1
User:Otisfrog,Schindler_Elevator_Corporation,-1
Schindler_Elevator_Corporation,Palm_Beach_Outlets,4
Palm_Beach_Outlets,John_A._MacNaughton,4
John_A._MacNaughton,Mr._Brown_(album),5
Otis_Elevator_Company,Montgomery_Elevator,4
Montgomery_Elevator,Margaret_Peterson_Haddix,4
Gotye,Justin_Bieber,2
Justin_Bieber,Wasalu,2
Wasalu,Zane,4
Zane,John_(given_name),2
John_(given_name),We_Got_This,5
We_Got_This,Mercedes_(name),5
Mercedes_(name),Mercedes,2
Mercedes,Talk:Mercedes_(name),-1
Talk:Mercedes_(name),T._J.'s_(Newport),-1
T._J.'s_(Newport),T._J.'s,0
T._J.'s,Julian_C._Day,4
Julian_C._Day,Edward_Lampert,2
Edward_Lampert,Barbara_Ninde_Byfield,5
Barbara_Ninde_Byfield,Julian_C._Day,4
User:Otisfrog,Kane,-1
Christina_Hendricks,Cross_County_Mall,4
Cross_County_Mall,Talk:Cross_County_Mall,-1
Talk:Cross_County_Mall,Cross_County_Mall,-1
Cross_County_Mall,Kmart,1
Kmart,Margaret_L._Anderson,3
Margaret_L._Anderson,Margaret_Peterson_Haddix,4
Clifford_Smith,Clifford_Smith_(rapper),1
Clifford_Smith_(rapper),Nicholas,4
Nicholas,Nicholas_(name),1
Nicholas_(name),Nicholas,1
Nicholas,Nicholas_(disambiguation),1
Nicholas_(disambiguation),Clifford_Smith,6
Big_N'_Tasty,Rio_(2011_film),3
Rio_(2011_film),Oakwood_Plaza,4
Oakwood_Plaza,Template:Broward_County_Malls,1
Template:Broward_County_Malls,K-Rob,-1
K-Rob,Kathy_Ireland,4
List_of_hospitals_in_Florida,Good_Samaritan_Medical_Center,2
Good_Samaritan_Medical_Center,Amar'e_Stoudemire,4
Amar'e_Stoudemire,Amare_Stoudemire,1
Macy's,Mack_Bernard,5
Mack_Bernard,Mindflayer_(band),5
Margaret_George,Mack_Bernard,5
Mack_Bernard,Margaret_George,5
Margaret_George,User_talk:Writ_Keeper,-1
User_talk:Writ_Keeper,Margaret_George,-1
Margaret_George,"Good_Samaritan_Medical_Center_(West_Palm_Beach,_Florida)",5
"Good_Samaritan_Medical_Center_(West_Palm_Beach,_Florida)",Total_Recall_(2012_film),5
Total_Recall_(2012_film),KM,4
Kmart,Chapter_V_(Trey_Songz_album),4
Chapter_V_(Trey_Songz_album),World_Trade_Center,3
User:Otisfrog,User:Otisfrog/Elton_John,-1
User:Otisfrog,User:Aranho/Userbox/Maroon5MakesMeWonder,-1
User:Otisfrog,Gangnam_Style,-1
Gangnam_Style,Myspace,2
User:Otisfrog,Wikipedia:Userboxes/Music/Artists,-1
Wikipedia:Userboxes/Music/Artists,User:Otisfrog/Paul_Simon,-1
User:Otisfrog,Radio_(2003_film),-1
Radio_(2003_film),Here_Comes_the_Boom,4
Here_Comes_the_Boom,Westlife,3
Cisco_Systems,Richard_Parsons_(businessman),2
Richard_Parsons_(businessman),File:KissOnMyListHall&Oates.jpg,-1
File:KissOnMyListHall&Oates.jpg,Kmart,4
Kmart,File:Guap_-_Big_Sean.jpg,-1
File:Guap_-_Big_Sean.jpg,Guap,-1
Guap,Makro,4
Makro,Old_HB,4
Old_HB,Parental_Advisory,3
George_Gray_(Pennsylvanian),Talk:George_Gray_(Pennsylvanian),-1
Talk:George_Gray_(Pennsylvanian),File:Humanalogo.jpg,-1
File:Humanalogo.jpg,File:Bee_Gees'_wordmark_logo_(1975-1981).gif,-1
File:Bee_Gees'_wordmark_logo_(1975-1981).gif,Mario_Winans,-1
Bob_Saget,Margaret_Hamburg,3
Margaret_Hamburg,Margaret_A._Hamburg,1
Margaret_A._Hamburg,Talk:Margaret_A._Hamburg,-1
Talk:Margaret_A._Hamburg,Talk:Margaret_Hamburg,-1
Talk:Margaret_Hamburg,Margaret_Hamburg,-1
Margaret_Hamburg,OfficeMax,3
Ja_Rule,Poetic_Justice_(song),2
Poetic_Justice_(song),List_of_public_corporations_by_market_capitalization,3
List_of_public_corporations_by_market_capitalization,Maxwell_(musician),4
Maxwell_(musician),Walmart_Market,4
Walmart_Market,Tupac,4
User:Otisfrog,Movie_43,-1
Movie_43,Charles_Conaway,4
Charles_Conaway,Black_(disambiguation),5
Target_Corporation,User:Otisfrog/MSOffice,-1
User:Otisfrog,File:Yazoo-Upstairs-At-Erics.jpg,-1
File:Yazoo-Upstairs-At-Erics.jpg,Mario_Winans,4
Mario_Winans,Charles_Conaway,4
Charles_Conaway,User_talk:C.Fred,-1
User_talk:C.Fred,Target_Corporation,4
Target_Corporation,Gregg_Steinhafel,2
Gregg_Steinhafel,John_Mulligan_(businessman),1
John_Mulligan_(businessman),Target_Corporation,0
Target_Corporation,Argo_(2012_film),3
Argo_(2012_film),User_talk:C.Fred,-1
User_talk:C.Fred,John_Mulligan_(businessman),4
John_Mulligan_(businessman),Target_Corporation,0
Target_Corporation,Gregg_Steinhafel,2
Gregg_Steinhafel,User_talk:Grahambrunk,-1
User_talk:Grahambrunk,Pour_It_Up,4
Pour_It_Up,File:ColeWorld.jpeg,-1
User:Otisfrog,User:Nickoso,-1
User:Otisfrog,User:Otisfrog/Usrboxes,-1
User:Otisfrog,User:Otisfrog/Photos,-1
User:Otisfrog/Photos,User:Otisfrog/Contributions,-1
User:Otisfrog,Target_Corporation,-1
Margaret_Chung,Sean_Michael_Anderson,3
Sean_Michael_Anderson,File:The_Road_Home_(Heart_album)_coverart.jpg,-1
File:The_Road_Home_(Heart_album)_coverart.jpg,Dell,-1
Elevator,Waldorf_Astoria_New_York,2
Waldorf_Astoria_New_York,User:Otisfrog/Photos,-1
User:Otisfrog/Photos,Waldorf_Astoria_New_York,-1
Waldorf_Astoria_New_York,User:Otisfrog/Photos,-1
User:Otisfrog/Photos,J._C._Penney,-1
J._C._Penney,User:Otisfrog/Photos,-1
User:Otisfrog/Photos,Richway,-1
Jodie_Marsh,Palm_Beach_Outlets,3
Palm_Beach_Outlets,User:Otisfrog/Photos,-1
User:Otisfrog/Photos,User:Otisfrog/Photos/Places,-1
User:Otisfrog/Photos/Places,Jodie_Marsh,-1
Old_Navy,Schuylkill_Mall,4
Schuylkill_Mall,Tricia_Marwick,3
Tricia_Marwick,Some_Nights,4
Some_Nights,Hanzala_Malik,4
Hanzala_Malik,Heart_(band),4
Roger_Ebert,Talk:Roger_Ebert,-1
Talk:Roger_Ebert,Roger_Ebert,4
Roger_Ebert,Open_Letter_(Jay-Z_song),3
Open_Letter_(Jay-Z_song),Lori_Berman,4
Lori_Berman,Margaret_McCulloch,4
Margaret_McCulloch,Lori_Berman,5
Lori_Berman,Myron_E._Ullman,4
Myron_E._Ullman,J._C._Penney,1
J._C._Penney,Talk:Myron_E._Ullman,-1
Talk:Myron_E._Ullman,Anthony_Fisher_(Target),-1
Anthony_Fisher_(Target),Vicks,4
Vicks,Open_Letter_(Jay-Z_song),4
Open_Letter_(Jay-Z_song),Bieber_(disambiguation),3
Bieber_(disambiguation),Talk:Joe_Francis,-1
Talk:Joe_Francis,Ja_Rule,4
Ghetto_(rapper),Ghetts,1
African_American,Exposé_(group),2
User:Otisfrog,User:Otisfrog/Usrboxes,-1
User:Otisfrog/Usrboxes,User:Otisfrog/WindowsMS,-1
User:Otisfrog/WindowsMS,User:Otisfrog/Usrboxes,-1
User:Otisfrog/Usrboxes,CVS_(disambiguation),-1
Microsoft_Windows,User_talk:Otisfrog,-1
User_talk:Otisfrog,Walgreens,3
Sears,Oakwood_Plaza,3
Oakwood_Plaza,Walgreens,2
CVS_Pharmacy,User_talk:Otisfrog,-1
San_Francisco,Category:Mathematics_books,5
Category:Mathematics_books,Belt,-1
Home_fries,User_talk:Potato_muncher72,-1
Sandown_Bay_Academy,2007_Cricket_World_Cup,4
George_Willis,Stepping_Out_(UK_TV_series),4
Stepping_Out_(UK_TV_series),IPhone_4S,4
IPhone_4S,Bembridge,3
Bembridge,User:Forteblast,-1
Malta,User:ILuvWheat,-1
User:ILuvWheat,Hulk,-1
Talk:Pool_(cue_sports),Pool,1
Bouncy_ball,User_talk:NewEnglandYankee,-1
User_talk:NewEnglandYankee,User:NewEnglandYankee,-1
User:NewEnglandYankee,User_talk:Kirachinmoku,-1
"Mountainburg,_Arkansas",User:Shadesrhea,-1
Sam_Hutchinson,User_talk:GiantSnowman,-1
Jackass_Presents:_Bad_Grandpa,Gun_politics_in_Canada,3
Jai_Ho_(film),Boss_(2013_Hindi_film),2
Boss_(2013_Hindi_film),Happy_New_Year_(2014_film),3
Jai_Ho_(film),Once_Upon_ay_Time_in_Mumbai_Dobaara!,2
Once_Upon_ay_Time_in_Mumbai_Dobaara!,PK_(film),3
User_talk:Suttle_Address_17,User:Did_I_break_your_concentration?,-1
User:Did_I_break_your_concentration?,Talk:Orizuru_Osen,-1
Talk:Orizuru_Osen,Wikipedia:Administrators'_noticeboard/Incidents,5
Wikipedia:Administrators'_noticeboard/Incidents,User_talk:Toddy1,-1
User_talk:Toddy1,Talk:Orizuru_Osen,-1
Talk:Orizuru_Osen,User_talk:Mister_nine_millimetre,-1
User_talk:Mister_nine_millimetre,User_talk:Did_I_break_your_concentration?,-1
User_talk:Did_I_break_your_concentration?,User_talk:Wangedgar,-1
Ann_Curry,Talk:Ann_Curry,1
Tyler_Posey,Dylan_O'Brien,1
Dylan_O'Brien,Crystal_Reed,1
Crystal_Reed,Holland_Roden,2
Holland_Roden,Charlie_Carver,3
Charlie_Carver,Max_Carver,1
Max_Carver,Adelaide_Kane,2
George_H._Gurler_House,Superluv!,5
Superluv!,Michael_Corcoran_(musician),2
Michael_Corcoran_(musician),Amanda_Bynes,1
User:Skyrim_man/sandbox,User_talk:Skyrim_man,-1
User_talk:Skyrim_man,User:Skyrim_man,-1
User:Skyrim_man,User_talk:Skyrim_man,-1
Panini_Comics,Black_Butler,3
Makhdoom_clan,Royal_Bengal_Airline,4
Royal_Bengal_Airline,Messina_Denaro_Mafia_clan,5
Messina_Denaro_Mafia_clan,Revolt_of_Tianshui,4
Molly_Wood,User_talk:NeilN,-1
User_talk:NeilN,Molly_Wood,4
Singapore_Changi_Airport,São_Paulo–Guarulhos_International_Airport,2
São_Paulo–Guarulhos_International_Airport,Phuket_International_Airport,2
Mandu_(dumpling),Misu_(drink),3
Misu_(drink),User_talk:두드러기,-1
2013_FIVB_Girls_Youth_World_Championship,European_Volleyball_Confederation,1
European_Volleyball_Confederation,Gruppo_Sportivo_Oratorio_Villa_Cortese,3
"St_Paul's_College,_Adelaide",Ryan_Schoenmakers,1
River_Song_(Doctor_Who),User_talk:LOBOphelps,-1
Wobble_(song),Peter_Hannan_(producer),4
Charlie_Adler,Tom_Kenny_filmography,3
Tom_Kenny_filmography,June_Foray,2
Grand-balé,Paola_del_Medico,4
Paola_del_Medico,1968_All-Ireland_Senior_Hurling_Championship_Final,5
1968_All-Ireland_Senior_Hurling_Championship_Final,Demi_Lovato:_Live_in_Concert,5
Demi_Lovato:_Live_in_Concert,Michelle_Menzies,4
WRBD-LP,Black-casqued_hornbill,5
Black-casqued_hornbill,Gertrude's_Bird,5
Gertrude's_Bird,Apiomerus_crassipes,6
Apiomerus_crassipes,2013_BMW_Open,5
2013_BMW_Open,Psychotria_clarendonensis,5
Brickleberry,Anthony_Jeselnik,2
Anthony_Jeselnik,Evil,3
Evil,User_talk:God's_brain_surgeon,-1
User_talk:God's_brain_surgeon,Ridin',-1
Ridin',User_talk:God's_brain_surgeon,-1
User_talk:Jjdon,User:O0pandora0o,-1
User:O0pandora0o,User_talk:O0pandora0o,-1
Wikipedia:Notability_(music),Edge_pull,5
Wikipedia:Notability_(music),User:I_JethroBT,-1
Race_and_ethnicity_in_the_United_States_Census,Wikipedia:Edit_filter/False_positives/Reports,-1
Nathan_Kress,Good_Luck_Charlie,2
Good_Luck_Charlie,A.N.T._Farm,2
A.N.T._Farm,Noah_Munck,3
Noah_Munck,Skai_Jackson,3
Renault_RE20,Mitsubishi_Aluminum_Co.,3
Mitsubishi_Aluminum_Co.,Madan_Singh-class_tugboat,4
Madan_Singh-class_tugboat,"Pedro_Sarmiento,_3rd_Marquis_of_Mancera",5
"Pedro_Sarmiento,_3rd_Marquis_of_Mancera","Bloomfield,_Vermont",4
Erythrococca_molleri,Samuli,-1
Samuli,Oxycirrhites_typus,5
Oxycirrhites_typus,Menterwolde,5
Menterwolde,Bythiospeum_gloriae,7
Bythiospeum_gloriae,Direct.h,5
Direct.h,And_We_Wept_the_Black_Ocean_Within,6
And_We_Wept_the_Black_Ocean_Within,El_Pecado_más_lindo_del_mundo,-1
El_Pecado_más_lindo_del_mundo,Better_Together_(song),4
Better_Together_(song),Red-backed_mannikin,5
Red-backed_mannikin,Atlacomulco,4
Atlacomulco,Talk:Atlacomulco,-1
Talk:Atlacomulco,Atlacomulco,-1
Renault_RE20,And_We_Wept_the_Black_Ocean_Within,6
And_We_Wept_the_Black_Ocean_Within,Samuli,-1
Samuli,El_Pecado_más_lindo_del_mundo,-1
El_Pecado_más_lindo_del_mundo,Oxycirrhites_typus,5
Oxycirrhites_typus,Bythiospeum_gloriae,6
Bythiospeum_gloriae,Direct.h,5
Erythrococca_molleri,"Pedro_Sarmiento,_3rd_Marquis_of_Mancera",5
"Pedro_Sarmiento,_3rd_Marquis_of_Mancera",Menterwolde,4
Menterwolde,Red-backed_mannikin,5
Red-backed_mannikin,Shorewall,4
Shorewall,Sunset_at_Montmajour,4
Sunset_at_Montmajour,Equestrian_at_the_1972_Summer_Olympics_–_Team_jumping,4
Equestrian_at_the_1972_Summer_Olympics_–_Team_jumping,125th_IOC_Session,3
125th_IOC_Session,Talk:125th_IOC_Session,-1
Talk:125th_IOC_Session,Fictional_character,-1
Fictional_character,Talk:Fictional_character,-1
Talk:Fictional_character,2013_G-20_Saint_Petersburg_summit,5
2013_G-20_Saint_Petersburg_summit,Talk:2013_G-20_Saint_Petersburg_summit,-1
Talk:2013_G-20_Saint_Petersburg_summit,2020,5
2020,Talk:2020,-1
Talk:2020,User_talk:LukePearsons,-1
Kotak_(band),IEEE_Vehicular_Technology_Society,4
IEEE_Vehicular_Technology_Society,International_Commission_on_Large_Dams,5
International_Commission_on_Large_Dams,WEQR,4
WEQR,WERO,2
Lumbee,Kirill_Ivanovich_Shchelkin,5
Kirill_Ivanovich_Shchelkin,Yves_Vanderhaeghe,5
Masashi_Kishimoto,List_of_Rock_Lee_&_His_Ninja_Pals_episodes,2
List_of_Rock_Lee_&_His_Ninja_Pals_episodes,The_Yogscast,4
List_of_people_who_disappeared_mysteriously,The_Ren_&_Stimpy_Show,3
The_Bugs_Bunny_Birthday_Blowout,Authorship_of_the_Bible,4
Kingdom_Hearts_(video_game),U.S._Route_192,3
Punch-Out!!_(NES),Ronald_Coase,3
Snowden_on_Ice,Mauricio_Robles,4
Mauricio_Robles,1948,4
1935_in_music,Talk:Korean_War,-1
Talk:Korean_War,Disney_family,4
Disney_family,User_talk:SlimVirgin,-1
User_talk:SlimVirgin,"Calvary_Cemetery,_East_Los_Angeles",4
Banjo-Tooie,Super_Mario_3D_World,2
Scream_4,Locations_of_College_GameDay_(football),3
Bhanushali,User:Nandaparesh,-1
Bhanushali,User_talk:Nandaparesh,-1
Z,X,2
X,D,2
D,G,1
Rooster,User_talk:Klilidiplomus,-1
User_talk:Klilidiplomus,User_talk:Anonymous77721,-1
John_Wertheim,Liberian_Premier_League_1993,5
Liberian_Premier_League_1993,User:A17171717A/sandbox,-1
User:A17171717A/sandbox,User:A17171717A,-1
User:A17171717A,Russian_Morse_code,-1
Russian_Morse_code,User_talk:A17171717A,-1
User_talk:A17171717A,Marseille_turn,-1
Marseille_turn,User:Loriendrew,-1
Hypolycaena_hatita,Electromagnetic,4
Electromagnetic,Rafael_Zamarripa,6
James_O._Conway_Memorial,Frank_Stella,3
Ore,User:Unknownbot1,-1
User:Unknownbot1,Stargazer,-1
Stanislav_Radonjić,Gina_Rinehart,4
Human_spaceflight,List_of_astronauts_educated_at_the_United_States_Military_Academy,4
List_of_astronauts_educated_at_the_United_States_Military_Academy,Robert_S._Kimbrough,1
Conjoined_twins,User_talk:J341933,-1
User_talk:J341933,Conjoined_twins,4
Tomb_of_the_Unknown_Soldier,Abraham_Chill,4
Abraham_Chill,United_States_Armed_Forces,3
United_States_Armed_Forces,Talk:United_States_Armed_Forces,-1
Talk:United_States_Armed_Forces,United_States_Armed_Forces,1
Anti-psychiatry,Redemption_(theology),3
Redemption_(theology),HIV/AIDS,3
Peugeot_207,207_CC,1
207_CC,Datsun_510,3
United_States_Military_Academy,User_talk:Jmh649,-1
User_talk:Jmh649,Paliperidone,3
Paliperidone,List_of_people_with_bipolar_disorder,2
Peugeot_207,List_of_people_with_bipolar_disorder,4
List_of_people_with_bipolar_disorder,User_talk:Elizium23,-1
User_talk:Elizium23,User_talk:J341933,-1
User_talk:J341933,Fredric_N._Busch,6
Fredric_N._Busch,Historical_Jesus,4
Historical_Jesus,Fredric_N._Busch,4
Fredric_N._Busch,Historical_Jesus,4
Historical_Jesus,User_talk:J341933,-1
User_talk:J341933,United_States_Military_Academy,4
Reuven_Shiloah,User_talk:John_Cline,-1
User_talk:John_Cline,Cub_Scouting_(Boy_Scouts_of_America),-1
Cub_Scouting_(Boy_Scouts_of_America),William_Eivind_Hall,5
William_Eivind_Hall,Risperidone,3
Risperidone,William_Eivind_Hall,5
William_Eivind_Hall,User_talk:Sionk,-1
User_talk:Sionk,Talk:William_Eivind_Hall,-1
Talk:William_Eivind_Hall,Sohail_Castle,-1
Sohail_Castle,Fuengirola,1
Risperidone,Abraham_Chill,4
Abraham_Chill,DARPA,3
Gibraltar,User_talk:Jmh649,-1
User_talk:Jmh649,Wikipedia:Articles_for_deletion/William_Eivind_Hall,-1
Wikipedia:Articles_for_deletion/William_Eivind_Hall,Cub_Scouting_(Boy_Scouts_of_America),5
Cub_Scouting_(Boy_Scouts_of_America),William_Eivind_Hall,5
William_Eivind_Hall,Zenith_Data_Systems,4
Douglas_Hall,User_talk:Jmh649,-1
User_talk:Jmh649,William_Eivind_Hall,6
William_Eivind_Hall,Douglas_Hall,5
Douglas_Hall,User_talk:Ishdarian,-1
User_talk:Ishdarian,Cub_Scouting_(Boy_Scouts_of_America),4
Cub_Scouting_(Boy_Scouts_of_America),List_of_post-Vietnam_Medal_of_Honor_recipients,4
List_of_post-Vietnam_Medal_of_Honor_recipients,User_talk:Ishdarian,-1
User_talk:Ishdarian,Medal_of_Valor_(Israel),4
Medal_of_Valor_(Israel),User_talk:Ishdarian,-1
User_talk:Ishdarian,Elijah,3
Old_Billy,Barge,3
Barge,Portal:Miley_Cyrus/Intro,-1
The_Sims,Housos,4
Housos,Balloon,3
Clash_of_Clans,Crew_sock,4
Razer_Inc,User:EvergreenFir,-1
Talk:Hoda_Kotb,Talk:Full_House,-1
Talk:Full_House,Kathie_Lee_Gifford,-1
Locations_of_College_GameDay_(football),Wikipedia:Administrator_intervention_against_vandalism,5
José_de_San_Martín,Category:Cartoon_Network,4
Category:Cartoon_Network,Windows_XP,3
Futurama,Template:Comedy_Central_programming,2
Template:Comedy_Central_programming,List_of_programs_broadcast_by_Fox,-1
List_of_programs_broadcast_by_Fox,Animation_Domination,1
Animation_Domination,List_of_programs_broadcast_by_Comedy_Central,2
The_X's,User_talk:Gabucho43,-1
User_talk:Gabucho43,User:Davejohnsan,-1
User:Davejohnsan,User:Mark_Arsten,-1
User:Mark_Arsten,User:Davejohnsan,-1
User:Davejohnsan,The_Cleveland_Show,-1
Bruce_Almighty,User_talk:SFK2,-1
User_talk:SFK2,Wikipedia:Sandbox,5
Wikipedia:Sandbox,User_talk:Joshmetlol,-1
Bruce_Almighty,User_talk:Joshmetlol,-1
Johnny_Depp,User_talk:Joshmetlol,-1
Estate_jewelery,Not_Always_Sexy,6
Dick_(surname),Amazon_river_dolphin,3
Nishibessho_Station,World_Tour_2009,5
World_Tour_2009,Białobłoty,6
Białobłoty,User_talk:Hi._Where_you_comin'_from?,-1
User:Chris_troutman,John_Wayne,3
Ben_Rothwell,User_talk:153_belfast,-1
User_talk:153_belfast,Ben_Rothwell,-1
NSYNC,Library_of_Birmingham,3
2013_Formula_One_season,User_talk:TukTukTalk,-1
User_talk:TukTukTalk,2013_Italian_Grand_Prix,-1
Alex_Sanabia,Crag_Mountain,6
Benwell_Nature_Park,Bernard_Kaanjuka,4
Bernard_Kaanjuka,Cruiserweight_(professional_wrestling),5
Rikki-Tikki-Tavi,Matt_Anderson_(disambiguation),5
Matt_Anderson_(disambiguation),FIFA_World_Player_of_the_Year,4
FIFA_World_Player_of_the_Year,2008_FIFA_World_Player_of_the_Year,1
Atimi_Software_Inc,Wikipedia:Articles_for_deletion/Log/2013_September_6,-1
Wikipedia:Articles_for_deletion/Log/2013_September_6,Merrill_Lynch,-1
Merrill_Lynch,User_talk:EvergreenFir,-1
User_talk:EvergreenFir,User:EvergreenFir,-1
User:EvergreenFir,User_talk:EvergreenFir,-1
User_talk:EvergreenFir,Talk:Scientology,-1
Talk:Scientology,User_talk:Ser_Amantio_di_Nicolao,6
User_talk:Ser_Amantio_di_Nicolao,User:Anders.Warga,-1
User:Anders.Warga,User_talk:MelbourneStar,-1
User_talk:MelbourneStar,User:Sjö,-1
User:Sjö,User_talk:Rolloffle78,-1
FedEx_Cup,Adam_Scott_(golfer),1
Adam_Scott_(golfer),Kate_Upton,4
Kate_Upton,Adam_Scott_(golfer),3
Adam_Scott_(golfer),Budweiser_Made_in_America_Festival,3
Budweiser_Made_in_America_Festival,Philadelphia_Phillies,2
Philadelphia_Phillies,Adam_Scott_(golfer),3
Adam_Scott_(golfer),"Catherine,_Duchess_of_Cambridge",3
"Catherine,_Duchess_of_Cambridge",Keri_Smith,5
Keri_Smith,Wikipedia:Sandbox,4
Wikipedia:Sandbox,Ray_William_Johnson,-1
Ray_William_Johnson,Kate_Upton,3
Charles_P._Nelson,Jean_Aubert_the_Elder,5
Jean_Aubert_the_Elder,Ice_cube,4
Ice_cube,Zeke_Steggall,4
Zeke_Steggall,User_talk:Realwikifacts,-1
DWEC,DXPS,2
DXPS,DWTL-TV,3
DWTL-TV,DXVD-TV,2
DXVD-TV,DYLY-TV,3
DYLY-TV,DYXS-TV,2
DYXS-TV,DXJT-TV,2
DXJT-TV,DWAD-TV,2
DWAD-TV,DZIS-TV,2
DZIS-TV,DWBG-TV,2
Ghostbusters,Defy_Media,3
Defy_Media,Alan_Wilkins_(playwright),5
Alan_Wilkins_(playwright),Clouds_(film),5
Clouds_(film),2012_Guerrero–Oaxaca_earthquake,5
2012_Guerrero–Oaxaca_earthquake,Electricidad,4
Electricidad,Up_(film_score),4
Up_(film_score),List_of_accolades_received_by_Up,1
List_of_accolades_received_by_Up,User_talk:Kre45oi,-1
User_talk:Kre45oi,Defy_Media,-1
Defy_Media,Alan_Wilkins_(playwright),5
Alan_Wilkins_(playwright),Clouds_(film),5
Clouds_(film),User_talk:Kre45oi,-1
User_talk:Kre45oi,Clouds_(film),-1
Clouds_(film),User_talk:WikiDan61,-1
User_talk:WikiDan61,User_talk:Kre45oi,-1
User_talk:Kre45oi,2012_Guerrero–Oaxaca_earthquake,-1
2012_Guerrero–Oaxaca_earthquake,Electricidad,4
Electricidad,Up_(film_score),4
Up_(film_score),List_of_accolades_received_by_Up,1
List_of_accolades_received_by_Up,Electricidad,4
Electricidad,User_talk:Kre45oi,-1
User_talk:Kre45oi,Up_(film_score),-1
Up_(film_score),List_of_accolades_received_by_Up,1
List_of_accolades_received_by_Up,User_talk:Kre45oi,-1
User_talk:Kre45oi,Up_(film_score),-1
Up_(film_score),Electricidad,4
Electricidad,User_talk:Kre45oi,-1
User_talk:Kre45oi,Up_(film_score),-1
Up_(film_score),List_of_accolades_received_by_Up,1
List_of_accolades_received_by_Up,User_talk:Kre45oi,-1
User_talk:Kre45oi,Electricidad,-1
Electricidad,User_talk:Kre45oi,-1
Today_(U.S._TV_program),Natalie_Morales,1
Full_House,User_talk:Tbhotch,-1
User_talk:Tbhotch,Natalie_Morales,3
Today_(U.S._TV_program),Natalie_Morales,1
Today_(U.S._TV_program),Natalie_Morales,1
Today_(U.S._TV_program),Natalie_Morales,1
Bagpipe_Museum_(United_States),Kid_Rock,3
Big_Bird,Cody_Simpson,3
Cody_Simpson,Kurt_Angle,3
Kurt_Angle,Wikipedia:Sandbox,4
Wikipedia:Sandbox,Wallace_&_Gromit:_The_Curse_of_the_Were-Rabbit_(video_game),-1
Wallace_&_Gromit:_The_Curse_of_the_Were-Rabbit_(video_game),Chad_Muska,4
Urban75,Wikipedia:Articles_for_deletion/Urban75,-1
Wikipedia:Articles_for_deletion/Urban75,Wikipedia:Articles_for_deletion/Log/2005_June_1,-1
Wikipedia:Articles_for_deletion/Log/2005_June_1,Wikipedia:Articles_for_deletion/Urban75,-1
Urban75,Wikipedia:Requests_for_investigation,-1
Urban75,Wikipedia:Requests_for_investigation,-1
Urban75,User:Ernestolynch,-1
Urban75,Wikipedia:Articles_for_deletion/Urban75,-1
Urban75,Talk:Urban75,-1
Urban75,User:Ernestolynch,-1
User:Ernestolynch,User_talk:Ernestolynch,-1
Urban75,Talk:Urban75,-1
Urban75,Talk:Urban75,-1
Urban75,User:Ernestolynch,-1
Urban75,Talk:Urban75,-1
Talk:Urban75,User_talk:Fridgemagnet,-1
User_talk:Fridgemagnet,Talk:Urban75,-1
Talk:Urban75,Wikipedia:Administrators'_noticeboard/3RRArchive9,-1
Wikipedia:Administrators'_noticeboard/3RRArchive9,User_talk:Fridgemagnet,-1
User_talk:Fridgemagnet,Wikipedia:Administrators'_noticeboard/3RRArchive9,-1
Urban75,Talk:Urban75,-1
Urban75,User_talk:Madashell,-1
Urban75,Talk:Urban75,-1
Talk:Urban75,Abandoned_railway_station,5
Urban75,User_talk:Ernestolynch,-1
User_talk:Ernestolynch,Talk:Urban75,-1
Talk:Urban75,Black_billionaires,5
T._D._Mischke,User_talk:Mikhailov_Kusserow,-1
User_talk:Mikhailov_Kusserow,Gary_Anderson_(placekicker),4
Gary_Anderson_(placekicker),Minnesota_Vikings,1
Nathan_Kress,The_Legend_of_Korra_(season_2),3
The_Legend_of_Korra_(season_2),The_Legend_of_Korra,1
Nathan_Kress,Sam_&_Cat,2
Fat_Albert_and_the_Cosby_Kids,Nyan_Cat,4
Nyan_Cat,Gengar,4
Corn_flakes,User_talk:Lugia2453,-1
2000,Template:Bowlers_who_have_taken_300_wickets_in_Test_cricket,3
Template:Bowlers_who_have_taken_300_wickets_in_Test_cricket,Template:All-rounders,-1
Template:All-rounders,Template:ODI_All-rounders,-1
Template:ODI_All-rounders,Template:400_Test_wickets_club,-1
Template:400_Test_wickets_club,Template:All-rounders-Double,-1
Template:All-rounders-Double,Template:Batsmen_who_have_scored_10000_Runs_in_ODI_Cricket,-1
Template:Batsmen_who_have_scored_10000_Runs_in_ODI_Cricket,Template:Batsmen_who_have_scored_10000_Runs_in_Test_Cricket,-1
Template:Batsmen_who_have_scored_10000_Runs_in_Test_Cricket,Template:Batsmen_with_a_ODI_batting_average_above_40,-1
Template:Batsmen_with_a_ODI_batting_average_above_40,Template:Batsmen_with_a_Test_batting_average_above_50,-1
Template:Batsmen_with_a_Test_batting_average_above_50,Template:Bowlers_who_have_taken_300_wickets_in_ODI_Cricket,-1
Template:Bowlers_who_have_taken_300_wickets_in_ODI_Cricket,Template:Bowlers_who_have_taken_5_wickets_in_a_ODI_innings_5_times,-1
Template:Bowlers_who_have_taken_5_wickets_in_a_ODI_innings_5_times,Template:Bowlers_who_have_taken_5_wickets_in_a_Test_innings_25_times,-1
Template:Bowlers_who_have_taken_5_wickets_in_a_Test_innings_25_times,Template:PCA_Player_of_the_Year,-1
Template:PCA_Player_of_the_Year,March_14,-1
March_14,PCA_Player_of_the_Year,3
Catalan's_conjecture,User_talk:Russellrado13,-1
Runji_Gautampura,Stanley_Park_High_School,5
Stanley_Park_High_School,Wrestling_at_the_2002_Asian_Games_–_Men's_freestyle_55_kg,6
Wrestling_at_the_2002_Asian_Games_–_Men's_freestyle_55_kg,I_See_Things_Upside_Down,6
I_See_Things_Upside_Down,Landy_(surname),4
Landy_(surname),Osthelderiella,6
Osthelderiella,Tyrone_Pau,5
Tyrone_Pau,Soviet_Wings,7
NABC_Defensive_Player_of_the_Year,Saif_Khan_Barha,6
Saif_Khan_Barha,Saloninus,3
User:Coolmarioruiz1,Dick_Figures,-1
Dick_Figures,Eddsworld,3
Eddsworld,Edd_Gould,1
Edd_Gould,Dick_Figures,3
Dick_Figures,Little_Bill_(TV_series),3
Little_Bill_(TV_series),Dermatophytosis,3
Molecule,Crete-Monee_High_School,5
User:FreeRangeFrog,Internet_celebrity,-1
Internet_celebrity,Dance_party,3
Dance_party,"Namie,_Fukushima",4
User:FreeRangeFrog,Backpack,-1
Satchel_Paige,2_Chainz,3
Pakistan_Army,Afghanistan–Pakistan_relations,2
Afghanistan–Pakistan_relations,Afghan_Air_Force,2
Feline,2_Chainz,4
"University_of_Nevada,_Reno",2_Chainz,3
2_Chainz,User_talk:Hellomynameisyomama,-1
Jedi,H,3
Squid_(food),User_talk:채널_11번과_22번은_에스비에스입니다,-1
User:Tokyogirl79,Aircel,4
Aircel,User:Origin_of_Heaven,-1
User:Origin_of_Heaven,User_talk:Bisswajit,-1
User_talk:Bisswajit,User_talk:Asarkarsaheb,-1
User_talk:Asarkarsaheb,User:Discospinster,-1
Religion_in_Japan,User:Kloppy52/sandbox,-1
User:Kloppy52/sandbox,Religion_in_Japan,-1
Carol_Alt,User_talk:RadicalDame,-1
Nathan_Craig,FC_Torrevieja,4
Sophie_Anderton,Nev_Schulman,4
Mehmet_Ekici,Mario_Götze,2
Mario_Götze,Beagle,4
Beagle,Emre_Can,4
Emre_Can,Vincent_Kompany,2
The_Legend,User_talk:Fatsk8er18,-1
Kid,Chastin_West,4
Outhouse,Wizard_of_Oz_(character),4
Maple_syrup,User_talk:Transcendence,-1
User_talk:Transcendence,User_talk:Flyguy2040,-1
Berkeley,User_talk:Guuguugdrugs,-1
"Woe,_Is_Me","Numbers_(Woe,_Is_Me_album)",1
Grady_McWhiney,"Dunkard_Township,_Greene_County,_Pennsylvania",3
"Dunkard_Township,_Greene_County,_Pennsylvania",Postage_stamps_and_postal_history_of_Greece,4
Alexandru_Ioan_Cuza,Talk:Alexandru_Ioan_Cuza,1
Talk:Alexandru_Ioan_Cuza,Jimmy_Smith_(musician),4
Jimmy_Smith_(musician),Talk:Jimmy_Smith_(musician),-1
Talk:Jimmy_Smith_(musician),"Mount_Martha,_Victoria",-1
Hincmar,Springfield/Ozark_Mountain_Ducks,5
Springfield/Ozark_Mountain_Ducks,The_Secret_History_of_the_Mongols,4
Progress_of_the_State,"Buena_Vista,_Mariposa_County,_California",4
"Buena_Vista,_Mariposa_County,_California",Second_Swedish_Crusade,3
Wheel,Talk:Web_2.0,4
Talk:Web_2.0,Talk:Wheel,5
Talk:Wheel,Talk:Myspace,4
Talk:Myspace,Emo,3
Emo,Talk:Emo,-1
Talk:Emo,Emo_(album),3
Emo_(oil),Talk:Emo_(album),-1
Talk:Emo_(album),Emo_Philips,-1
"Emo,_County_Laois",Talk:Emo_Philips,-1
Talk:Emo_Philips,Eric_Moulds,-1
Eric_Moulds,"Talk:Emo,_Ontario",-1
"Talk:Emo,_Ontario",Talk:Eric_Moulds,-1
Talk:Eric_Moulds,Keith_Emerson,-1
Keith_Emerson,Talk:Keith_Emerson,1
Talk:Keith_Emerson,Elephants_Dream,4
Villa_Emo,Talk:Elephants_Dream,-1
Talk:Elephants_Dream,User:Kloy1334,-1
User:Kloy1334,User_talk:Kloy1334,-1
User_talk:Kloy1334,Cornell_University,-1
"East_Moriches,_New_York",Talk:Cornell_University,5
Talk:Cornell_University,Emo's,4
Squidbillies,User_talk:Jimbo_Wales,-1
Wikipedia:Articles_for_deletion,Wikipedia:Community_portal,4
Wikipedia:Community_portal,User_talk:Willy_on_wheels!,-1
Rolling,Talk:François_Darlan,-1
Talk:François_Darlan,Moses_Malone,4
Henri_Cole,Talk:Henri_Cole,-1
Talk:Henri_Cole,Mickey_Tettleton,-1
"Underberg,_KwaZulu-Natal","Talk:Underberg,_KwaZulu-Natal",-1
"Talk:Underberg,_KwaZulu-Natal",Luna_Sea,-1
Luna_Sea,QF_4.5-inch_Mk_I_–_V_naval_gun,4
QF_4.5-inch_Mk_I_–_V_naval_gun,Talk:QF_4.5-inch_Mk_I_–_V_naval_gun,-1
Talk:QF_4.5-inch_Mk_I_–_V_naval_gun,Vladimir_Sosnovsky,-1
Organic_lawn_management,Takasue's_Daughter,5
Takasue's_Daughter,History_of_women_in_the_United_States,4
History_of_women_in_the_United_States,Talk:History_of_women_in_the_United_States,-1
Talk:History_of_women_in_the_United_States,SNECMA_Atar,4
Lake_Ohrid,History_of_cycling_in_New_Zealand,5
History_of_cycling_in_New_Zealand,Talk:History_of_cycling_in_New_Zealand,-1
Talk:History_of_cycling_in_New_Zealand,Turtling_(gameplay),-1
Turtling_(gameplay),Alexander_Bulygin,5
Alexander_Bulygin,Associative_visual_agnosia,4
Associative_visual_agnosia,Division_of_Sydney,4
Division_of_Sydney,John_Monroe_(lawyer),4
John_Monroe_(lawyer),Belinda_Lee,4
Welsh_people,Talk:Welsh_people,-1
Talk:Welsh_people,Little_Cheverell,5
Gillian_McKeith,Talk:Gillian_McKeith,-1
Talk:Gillian_McKeith,Jean-Paul_Rabaut_Saint-Étienne,5
213,Talk:213,-1
Talk:213,List_of_state_leaders_in_1460,7
List_of_state_leaders_in_1460,Bugsy_(Pokémon),4
RollerCoaster_Tycoon_(series),Talk:RollerCoaster_Tycoon_(series),-1
Talk:RollerCoaster_Tycoon_(series),Harald_Fairhair,4
Event-driven_programming,Wikipedia:Sandbox,4
Death,User:ZEJAYKAY,-1
User:ZEJAYKAY,Angry_mob,-1
Angry_mob,User:ZEJAYKAY,-1
Event-driven_programming,Toby_Turner,4
Bawani_Khera,User_talk:Materialscientist,-1
Frank_Forde,User:Urstupidx99/sandbox,-1
User_talk:Rickbro271,Emmanuel_Emenike,-1
User_talk:Rickbro271,DVD,-1
Benedict_of_Nursia,User:Messupindrama,-1
"San_Jose,_California",User_talk:Mars3900,-1
User_talk:Mars3900,"San_Jose,_California",-1
"San_Jose,_California",User_talk:Mars3900,-1
New_England_Colonies,Southern_Colonies,1
Pitch_Perfect,Good,4
Ali_Khamenei,"File:Ali_Khamenei,.jpg",-1
What's_past_is_prologue,"Colegio_Franklin_Delano_Roosevelt,_The_American_School_of_Lima",4
List_of_Billboard_Hot_100_number-one_singles_of_1988,List_of_Billboard_Hot_100_number-one_singles_of_1989,2
List_of_Billboard_Hot_100_number-one_singles_of_1989,List_of_sovereign_states,3
List_of_sovereign_states,Mixed_Emotions_(The_Rolling_Stones_song),3
Mixed_Emotions_(The_Rolling_Stones_song),List_of_Hot_100_Airplay_number-one_singles_of_the_1990s,4
List_of_Hot_100_Airplay_number-one_singles_of_the_1990s,Blurred_Lines,2
Blurred_Lines,List_of_Billboard_Hot_100_number-one_singles_of_2013,2
List_of_Billboard_Hot_100_number-one_singles_of_2013,Talk:List_of_Billboard_Hot_100_number-one_singles_of_2013,-1
Talk:List_of_Billboard_Hot_100_number-one_singles_of_2013,To-shima,5
To-shima,Virident_Systems,4
Virident_Systems,German_submarine_U-4_(1935),4
German_submarine_U-4_(1935),Antillophos_dedonderi,6
Antillophos_dedonderi,Cirsonella_floridensis,5
Cirsonella_floridensis,Riverside_(train_station),5
Riverside_(train_station),Walter_Jost,5
Walter_Jost,Regina_Regina_(album),-1
Regina_Regina_(album),Sonomyn_Luvsan,4
Shinedown,Temper_Temper_(Bullet_for_My_Valentine_album),3
User:CharlesWhiteUSA,User_talk:CharlesWhiteUSA,-1
User_talk:CharlesWhiteUSA,Emirates_Foundation,5
Emirates_Foundation,Wikipedia:Articles_for_deletion/Emirates_Foundation,-1
Wikipedia:Articles_for_deletion/Emirates_Foundation,Wikipedia:Articles_for_deletion/Log/2013_September_3,-1
Wikipedia:Articles_for_deletion/Log/2013_September_3,Sky-Sailor,-1
Sky-Sailor,Wikipedia:Articles_for_deletion/Sky-Sailor_(Martian_UAV),-1
Wikipedia:Articles_for_deletion/Sky-Sailor_(Martian_UAV),Wikipedia:Articles_for_deletion/Log/2013_September_3,-1
Wikipedia:Articles_for_deletion/Log/2013_September_3,Mediation_Support_Unit,-1
Mediation_Support_Unit,Wikipedia:Articles_for_deletion/Mediation_Support_Unit,-1
Wikipedia:Articles_for_deletion/Mediation_Support_Unit,Wikipedia:Articles_for_deletion/Log/2013_September_3,-1
Wikipedia:Articles_for_deletion/Log/2013_September_3,Wikipedia:Articles_for_deletion/Sky-Sailor_(Martian_UAV),-1
Wikipedia:Articles_for_deletion/Sky-Sailor_(Martian_UAV),Wikipedia:Articles_for_deletion/Emirates_Foundation,-1
Wikipedia:Articles_for_deletion/Emirates_Foundation,List_of_Justices_of_the_Kansas_Supreme_Court,5
List_of_Justices_of_the_Kansas_Supreme_Court,Wikipedia:Articles_for_deletion/List_of_Justices_of_the_Kansas_Supreme_Court,-1
Wikipedia:Articles_for_deletion/List_of_Justices_of_the_Kansas_Supreme_Court,Wikipedia:Articles_for_deletion/Log/2013_September_3,-1
Wikipedia:Articles_for_deletion/Log/2013_September_3,Wikipedia:Articles_for_deletion/Lamin-x_Protective_Films,-1
Wikipedia:Articles_for_deletion/Lamin-x_Protective_Films,Wikipedia:Articles_for_deletion/Log/2013_September_3,-1
Wikipedia:Articles_for_deletion/Log/2013_September_3,Emily_Windsnap_and_the_Castle_in_the_Mist,-1
Emily_Windsnap_and_the_Castle_in_the_Mist,Wikipedia:Articles_for_deletion/Emily_Windsnap_and_the_Castle_in_the_Mist,-1
Wikipedia:Articles_for_deletion/Emily_Windsnap_and_the_Castle_in_the_Mist,Wikipedia:Articles_for_deletion/Log/2013_September_3,-1
Wikipedia:Articles_for_deletion/Log/2013_September_3,Wikipedia:Teahouse/Guests/Left_column,-1
Wikipedia:Teahouse/Guests/Left_column,Wikipedia:Teahouse/Host_landing,-1
Wikipedia:Teahouse/Host_landing,Wikipedia:Administrators'_noticeboard/Incidents,-1
Wikipedia:Administrators'_noticeboard/Incidents,User_talk:I_JethroBT,-1
User_talk:I_JethroBT,User_talk:CharlesWhiteUSA,-1
International_Financial_Reporting_Standards,List_of_International_Financial_Reporting_Standards,1
List_of_International_Financial_Reporting_Standards,International_Financial_Reporting_Standards_requirements,2
International_Financial_Reporting_Standards_requirements,List_of_International_Financial_Reporting_Standards,2
International_Financial_Reporting_Standards,International_Financial_Reporting_Standards_requirements,1
International_Financial_Reporting_Standards_requirements,IFRS_Foundation,2
IFRS_Foundation,International_Financial_Reporting_Standards_requirements,2
International_Financial_Reporting_Standards_requirements,IFRS_Foundation,2
IFRS_Foundation,International_Financial_Reporting_Standards_requirements,2
International_Financial_Reporting_Standards_requirements,IFRS_Foundation,2
IFRS_Foundation,List_of_International_Financial_Reporting_Standards,2
List_of_International_Financial_Reporting_Standards,International_Financial_Reporting_Standards_requirements,2
International_Financial_Reporting_Standards_requirements,IFRS_Foundation,2
IFRS_Foundation,International_Financial_Reporting_Standards_requirements,2
Islamic_architecture,Cyber-attack,4
User:Donghyuncoconut,Diary_of_a_Wimpy_Kid_(film),-1
User:Donghyuncoconut,User:Ultraexactzz,-1
User:Ultraexactzz,Swamp,3
User:Donghyuncoconut,Myeong-dong,-1
Troll_(Internet),User_talk:Donghyuncoconut,-1
T._S._Eliot,David_Oh,4
Derp,User_talk:Gogo_Dodo,-1
Book_of_Revelation,The_Yogscast,3
Daisy_(given_name),Princess_Daisy_(character),1
Princess_Daisy_(character),Melanie_Iglesias,4
Melanie_Iglesias,Melanie_Safka,3
Melanie_Safka,Princess_Daisy_(character),4
Talk:Leizu,Leizu,-1
Leizu,Poop:_A_Natural_History_of_the_Unmentionable,5
Poop:_A_Natural_History_of_the_Unmentionable,User_talk:Seanboyle11,-1
Greek_mythology,User:Danno_uk,-1
User:Danno_uk,User:EuroCarGT,-1
TAFLIR,Bowser_(character),4
TAFLIR,User_talk:Kmg90,-1
User_talk:Kmg90,Untitled_(R._Kelly_album),-1
Untitled_(R._Kelly_album),Abbud_al-Zumar,4
Abbud_al-Zumar,Tales_of_a_Traveller,4
Tales_of_a_Traveller,Abbud_al-Zumar,4
Abbud_al-Zumar,User:Kmg90,-1
User:Kmg90,Abbud_al-Zumar,-1
Abbud_al-Zumar,Ectopsocidae,5
CeeLo_Green,Squidward_Tentacles,3
Squidward_Tentacles,List_of_Pokémon_(202–251),3
List_of_Pokémon_(202–251),List_of_Ben_10_aliens,3
List_of_Ben_10_aliens,List_of_Pokémon_(320–386),3
List_of_Pokémon_(320–386),Fat_Albert_and_the_Cosby_Kids,3
Fat_Albert_and_the_Cosby_Kids,Nyan_Cat,4
Bar_Rescue,David_Duchovny,3
User_talk:Petererere5666,Air_France_Flight_447,-1
User_talk:Petererere5666,Fifth_Harmony,-1
Johnny_Kapahala:_Back_on_Board,1st_Armored_Car_Squadron_(United_States_Marines),6
1st_Armored_Car_Squadron_(United_States_Marines),Sundae,4
User_talk:Nf_f_c_d,Wikipedia:Administrator_intervention_against_vandalism,-1
Mr_Blobby,Loch_Lomond_RFC,4
Loch_Lomond_RFC,User_talk:Loriendrew,-1
User_talk:Loriendrew,Scotland,3
HitClips,Hulk_Hogan,3
Hulk_Hogan,Toby_Turner,3
Toby_Turner,Zubaz,3
Vic_Fuentes,Tonight_Alive,2
Tonight_Alive,Warped_Tour,2
Warped_Tour,Mike_Fuentes_(musician),3
Mike_Fuentes_(musician),Cassadee_Pope,3
Cassadee_Pope,Mike_Fuentes_(musician),3
Vic_Fuentes,Lights_(musician),3
Digimon_Data_Squad,Digimon_Fusion,1
Digimon_Fusion,DWKX,4
DWKX,User:Hamham31,-1
User:Hamham31,User_talk:Blakegripling_ph,-1
User_talk:Blakegripling_ph,User_talk:Hamham31,-1
User_talk:Hamham31,User:Closedmouth,-1
User:Closedmouth,User_talk:Lenticel,-1
Creswell_High_School_(Oregon),"Creswell,_Oregon",1
User:PizzaCity1999,User:MatthewHoobin,-1
User:MatthewHoobin,User_talk:Kingsetharion,-1
User_talk:Kingsetharion,User:MatthewHoobin,-1
Dove_Cameron,Benjamin_King_(actor),2
Benjamin_King_(actor),Austin_&_Ally,3
Peter_Crouch,Lucas_Moura,2
Lucas_Moura,George_Elokobi,3
George_Elokobi,North_Liverpool_Academy,4
North_Liverpool_Academy,Lucas_Moura,4
Lucas_Moura,Danny_Graham_(footballer),3
Danny_Graham_(footballer),David_de_Gea,2
David_de_Gea,Alex_Song,2
Alex_Song,Romelu_Lukaku,2
Romelu_Lukaku,FC_Seoul,3
FC_Seoul,Jordan_Henderson,3
Jordan_Henderson,Stéphane_Sessègnon,2
Stéphane_Sessègnon,Charlie_Adam,2
Charlie_Adam,Cristian_Tello,3
Cristian_Tello,Christian_Eriksen,3
Christian_Eriksen,James_McCarthy_(footballer),3
One_Pound_Fish,Crazy_Frog,2
Anthony_Jeselnik,Michael_Sorrentino,2
Romain_Grosjean,Esteban_Gutiérrez,2
Esteban_Gutiérrez,Pure_(Baggott_novel),5
Pure_(Baggott_novel),Mika_Häkkinen,5
Thor:_The_Dark_World,Nintendo_2DS,3
Nintendo_2DS,PlayStation_Network,3
Newgrange,Cormac_Burke,4
Jinxx,The_Vaccines,3
Egon_Spengler,Macklemore,2
Macklemore,James_Crossley,4
Nick_Redfern,"Francis,_Duke_of_Brunswick-Lüneburg",4
"Francis,_Duke_of_Brunswick-Lüneburg","Climate_of_Anchorage,_Alaska",4
R_U_Still_Down?_(Remember_Me),Take_Care_(album),3
Take_Care_(album),Thank_Me_Later,1
Thank_Me_Later,Take_Care_(album),2
Take_Care_(album),Take_Care_(song),1
Take_Care_(song),"Northwood,_Irvine,_California",4
Macklemore,Lil_B,2
Japanese_kitchen,User:Tentinator/CSD_log,-1
User:Tentinator/CSD_log,User:Tentinator,-1
User:Tentinator,Anthony_O'Sullivan,-1
Anthony_O'Sullivan,Portal:Contents/Religion_and_belief_systems/Intro,-1
Portal:Contents/Religion_and_belief_systems/Intro,Bedroom,3
Real_Irish_Republican_Army,Ander_Herrera,3
Fiji_goshawk,Small_Asian_mongoose,3
Fiji_goshawk,Introduced_species,3
Introduced_species,Greenland's_Grand_Canyon,3
Greenland's_Grand_Canyon,Introduced_species,3
City_of_Lost_Souls_(Mortal_Instruments),City_of_Bones_(Mortal_Instruments),2
City_of_Bones_(Mortal_Instruments),Agents_of_S.H.I.E.L.D.,3
Hay_Green,"Hotel_Francis,_Hikkaduwa",4
"Hotel_Francis,_Hikkaduwa",Reginald_Punnett,4
Reginald_Punnett,Matt_Cardle,4
Matt_Cardle,Armando_Salati,5
Armando_Salati,Aleksander_Szczygło,4
The_Reverse_Peephole,Ballacobb,5
Ballacobb,Toby_Jenkins,-1
Toby_Jenkins,Colleen_Peterson_Songwriting_Award,5
Colleen_Peterson_Songwriting_Award,List_of_television_series_considered_the_worst,5
Swift_(disambiguation),Wikipedia:Wikipedia_essays,-1
Wikipedia:Wikipedia_essays,Template:GPL/doc,-1
Template:GPL/doc,Multiplayer_video_game,-1
John_Jay,User:Dee59/sandbox,-1
User:Dee59/sandbox,Wikipedia:WikiProject_Google/to_do,-1
Wikipedia:WikiProject_Google/to_do,JavaScript,-1
Something_(Beatles_song),User_talk:Assasinator24,-1
"Fulda,_Minnesota","Wolf_(Tyler,_The_Creator_album)",4
"Wolf_(Tyler,_The_Creator_album)",Hassan_Nasrallah,4
Spanking_Machine,School_corporal_punishment,4
Cowboy_hat,Wii_U,4
Wii_U,User_talk:ClueBot_Commons,-1
User_talk:ClueBot_Commons,User_talk:WeHateLucyVanPelt1,-1
User_talk:Xy7,User:Applelib,-1
User:Applelib,Wikipedia:Hatnote,-1
Wikipedia:Hatnote,User:Applelib,-1
User:Applelib,Bibtex,-1
Bibtex,User:Applelib,-1
User:Applelib,User_talk:Applelib,-1
User_talk:Applelib,Wikipedia:FurMe,-1
Wikipedia:FurMe,User_talk:SQL,-1
User_talk:SQL,User:ClueBot_III/Master_Detailed_Indices/User_talk:SQL,-1
User:ClueBot_III/Master_Detailed_Indices/User_talk:SQL,User:Applelib/sandbox/,-1
User:Applelib/sandbox/,Help:Userspace_draft,-1
Help:Userspace_draft,User:Applelib,-1
User:Applelib,User_talk:SQL,-1
User_talk:SQL,User_talk:Applelib,-1
Northern_Cyprus,Northern_Cypriot_passport,2
Northern_Cypriot_passport,Cyprus_Turkish_Football_Federation,3
Windows_8,User_talk:Miros_0571,-1
User_talk:Miros_0571,User_talk:Vosk_01,-1
User_talk:Vosk_01,Larry_Page,1
Chalk_River_Laboratories,Wikipedia:Sandbox,4
Wikipedia:Sandbox,Book_of_Judges,-1
Book_of_Judges,Fiorello_H._LaGuardia_High_School,4
Fiorello_H._LaGuardia_High_School,Professional_Performing_Arts_School,1
Redfoo,Nicole_Kidman,2
Gabriel_Grégoire,Gardsjönäs,-1
Gardsjönäs,Somewhere_Along_the_Way,4
Amy_Schumer,Anthony_Jeselnik,1
Sand,Gonesh,-1
American_Nazi_Party,User_talk:DJfish1995,-1
User_talk:DJfish1995,User:Orangemike,-1
