Lucy_Pargeter,Fraser_Forster,4
Fraser_Forster,Hibernian_F.C.,1
David_Brainerd_Christian_School,List_of_programs_broadcast_by_Nicktoons,3
List_of_programs_broadcast_by_Nicktoons,Kim_Clijsters_career_statistics,4
Kim_Clijsters_career_statistics,User_talk:WangsDaringsFun,-1
User_talk:WangsDaringsFun,List_of_programs_broadcast_by_Nicktoons,-1
List_of_programs_broadcast_by_Nicktoons,James_Scudamore_(veterinarian),4
Shuriken_School,Too_Much_on_My_Heart,5
Too_Much_on_My_Heart,Mazibaleh-ye_Sofla,6
Mazibaleh-ye_Sofla,Skyland,5
Lesli_Kay,Lecidella,5
Lecidella,Antoniówka_Świerżowska,6
Antoniówka_Świerżowska,All_Grown_Up!,4
All_Grown_Up!,Mobile_Campaign_Union_order_of_battle,5
Mobile_Campaign_Union_order_of_battle,Legally_dead,4
Legally_dead,Medical_definition_of_death,2
Medical_definition_of_death,The_X's,4
Aaron_North,Luigi_Mostacci,5
Luigi_Mostacci,User_talk:WangsDaringsFun,-1
User_talk:Onorem,User_talk:Onoremsucks,-1
New_York_Rangers,Learning_Express_Toys,4
Learning_Express_Toys,User_talk:Jjfun,-1
User:GMTV_Sunshine,Disney_Junior_(international),-1
Disney_Junior_(international),Jetix,2
Jetix,CBBC_(TV_channel),3
CBBC_(TV_channel),Toonami_(UK_&_Ireland),2
Boomerang_(TV_channel),User_talk:GMTV_Sunshine,-1
User:GMTV_Sunshine,User:GMTV_Sunshine/TWA/Earth/2,-1
User:GMTV_Sunshine/TWA/Earth/2,User_talk:GMTV_Sunshine,-1
User_talk:GMTV_Sunshine,User_talk:AxG,-1
User_talk:AxG,Disney_XD_(Europe),3
Disney_XD_(Europe),Nick_Jr._2,2
Nick_Jr._2,Disney_XD_(Europe),3
Disney_XD_(Europe),CBBC_(TV_channel),3
CBBC_(TV_channel),Disney_XD_(Europe),3
Disney_XD_(Europe),Toonami_(UK_&_Ireland),2
Toonami_(UK_&_Ireland),Toon_Disney_(UK_and_Ireland),3
Toon_Disney_(UK_and_Ireland),Disney_XD_(Europe),2
Disney_XD_(Europe),User:C0re1980,-1
User:C0re1980,User_talk:Uncle_Milty,-1
User_talk:Uncle_Milty,Disney_XD_(Europe),4
Disney_XD_(Europe),CBBC_(TV_channel),3
CBBC_(TV_channel),User_talk:GMTV_Sunshine,-1
User_talk:GMTV_Sunshine,Nick_Jr._(UK_and_Ireland),-1
Nick_Jr._(UK_and_Ireland),4seven,2
4seven,Cartoonito,2
Cartoonito,User_talk:GMTV_Sunshine,-1
Kelly_Brook,Iggy_Azalea,3
Iggy_Azalea,Laura_Whitmore,2
Laura_Whitmore,Iggy_Azalea,3
Iggy_Azalea,Thor_(Marvel_Comics),3
Bay_Psalm_Book,"Maya_Devi_Temple,_Lumbini",4
"Maya_Devi_Temple,_Lumbini",Crimean_War,3
Saskatchewan_Roughriders,Straw-necked_ibis,4
Straw-necked_ibis,1999_Seattle_WTO_protests,4
1999_Seattle_WTO_protests,Talk:Jimmy_Carter,-1
Talk:Jimmy_Carter,Crimean_War,4
Crimean_War,World_Trade_Organization_Ministerial_Conference_of_1999,3
Southern_Poverty_Law_Center,User_talk:Clarkcj12,-1
Template:Noodle,User_talk:진도검정쌀,-1
User_talk:DaGrape,User:DaGrape,-1
User:DaGrape,User_talk:Mr_Trollz_123,-1
User_talk:Mr_Trollz_123,Swimming_at_the_1948_Summer_Olympics_–_Men's_1500_metre_freestyle,-1
Paul_Kenneth_Keller,Geoffrey_Radcliffe,4
Geoffrey_Radcliffe,Swimming_at_the_1948_Summer_Olympics_–_Men's_1500_metre_freestyle,4
Swimming_at_the_1948_Summer_Olympics_–_Men's_1500_metre_freestyle,User_talk:Bloonstdfan360,-1
User_talk:Bloonstdfan360,User_talk:Mr_Trollz_123,-1
User_talk:Mr_Trollz_123,User_talk:Bloonstdfan360,-1
User_talk:Bloonstdfan360,User_talk:DaGrape,-1
Information_Quality_Level,Kaman_HH-43_Huskie,4
Kaman_HH-43_Huskie,HVM_Racing,4
HVM_Racing,Khyber_Pakhtunkhwa,3
Khyber_Pakhtunkhwa,Sertraline,3
Sertraline,"Maya_Devi_Temple,_Lumbini",3
Andrew,Spencer_(given_name),5
Spencer_(given_name),Walsh_(surname),4
Wikipedia:Requests_for_undeletion,User_talk:Israjan,-1
User_talk:Israjan,User_talk:Jni,-1
User_talk:Jni,User_talk:Israjan,-1
Beam_Breakers,Panda_(disambiguation),4
Barney,Nickelodeon_(disambiguation),4
User:Smileyfacerobynlieslol,Wand,-1
Wand,User:Smileyfacerobynlieslol/sandbox,-1
User:Smileyfacerobynlieslol,House,-1
Colombian_cuisine,User:Chase45119/sandbox,-1
User:Chase45119/sandbox,Computer_repair_technician,-1
Manchester_United_F.C.,2013–14_Premier_League,2
2013–14_Premier_League,Wayne_Rooney,1
Coneheads_(film),Grown_Ups_(film),2
Grown_Ups_(film),Godzilla,3
Nissan_Skyline,Wikipedia:Edit_filter/False_positives/Reports,-1
Jonathan_Williams_(footballer),Dog_aggression,5
Daughtry,Intergluteal_cleft,4
Intergluteal_cleft,FART,-1
Fort_Severn,Samuel_Johnson_(New_Zealand_editor),5
Samuel_Johnson_(New_Zealand_editor),List_of_Mario_educational_games,4
List_of_Mario_educational_games,Benedictine_High_School_of_Pannonhalma,4
Hurricane_Isabel,Nyimang_people,4
Nyimang_people,User:Georgeswag69,-1
User:Georgeswag69,List_of_classical_music_composers_by_era,-1
List_of_classical_music_composers_by_era,User_talk:Cheves27,-1
User_talk:Cheves27,User_talk:Georgeswag69,-1
Mike_Tyson_vs._Danny_Williams,Hatred,4
Psychological_first_aid,Parmigiana,4
Parmigiana,This_Way_(song),5
This_Way_(song),Shemlan,4
La_Cité_de_la_peur,User_talk:Cheves27,-1
Wellpark,Canadian_classical_music,4
User:SlothyBau5/sandbox,Shi_Jingtang,-1
Phir_Subah_Hogi_(TV_series),Robert_Ettinger,5
Daniel_Ilabaca,Environment,4
Zhu_Quan,Keio_Flying_Squadron_(series),5
Ted_Bundy,Timeline_of_the_Casey_Anthony_case,4
Timeline_of_the_Casey_Anthony_case,Murder_of_Travis_Alexander,2
Murder_of_Travis_Alexander,"New_Jersey_gubernatorial_election,_2013",4
"New_Jersey_gubernatorial_election,_2013","United_States_presidential_election,_2012",2
Bob_McDonnell,State_of_Florida_v._George_Zimmerman,3
State_of_Florida_v._George_Zimmerman,"United_States_presidential_election,_2012",2
"United_States_presidential_election,_1996",Timeline_of_the_Casey_Anthony_case,4
Timeline_of_the_Casey_Anthony_case,Murder_of_Travis_Alexander,2
Murder_of_Travis_Alexander,Elizabeth_Smart_kidnapping,2
Elizabeth_Smart_kidnapping,"New_Jersey_gubernatorial_election,_2013",4
"New_Jersey_gubernatorial_election,_2013","United_States_presidential_election,_2012",2
"United_States_presidential_election,_2008",Timeline_of_the_Casey_Anthony_case,4
Timeline_of_the_Casey_Anthony_case,Virginia_Tech_shooting,2
Talk:Thanksgiving,User_talk:Holdenbearypants,-1
User_talk:Holdenbearypants,Northwest_Missouri−Pittsburg_State_football_rivalry,-1
Northwest_Missouri−Pittsburg_State_football_rivalry,User_talk:Holdenbearypants,-1
Tokyo,Talk:Rapping,-1
S_Club_8,Alex_Davis,4
S_Club_8,Alex_Davis,4
Tokugawa_Ieyasu,Space_Chimps_2:_Zartog_Strikes_Back,4
Space_Chimps_2:_Zartog_Strikes_Back,Sen_no_Rikyū,4
Pearl_Harbor_(film),The_Walking_Dead_(TV_series),3
Kyrie_Irving,Darko_Miličić,2
Michigan,User:SQGibbon,-1
Diarmuid_Marsden,Gary_Cooper,4
Gary_Cooper,El_Camino_(Adriana_Evans_album),5
El_Camino_(Adriana_Evans_album),Chief_Hunter_Jack,4
Castle_Crashers,User:Clarkcj12,-1
User:Clarkcj12,User:Peanuthardness/sandbox,-1
User:Peanuthardness/sandbox,User:Clarkcj12,-1
"Wikipedia:Go_ahead,_vandalize",Wikipedia:WikiJanitor,-1
Lumiere_Brothers_Center_for_Photography,Binghamton_Bearcats_men's_basketball,4
Binghamton_Bearcats_men's_basketball,Adiantum_viridimontanum,5
Adiantum_viridimontanum,Dealu_Morii,4
Galdogob,List_of_Somali_cities_by_population,3
List_of_Somali_cities_by_population,Garoowe,1
Galdogob,List_of_Somali_cities_by_population,3
List_of_Somali_cities_by_population,Wikipedia:Sandbox,4
Wikipedia:Sandbox,Garoowe,-1
Garoowe,User_talk:Filibiin,-1
Dagger_compact_category,Talk:Westbury-on-Trym,-1
Talk:Westbury-on-Trym,Keith_Duffy,-1
Shane_Richie,User_talk:3+3+2-1=7GPG632V,-1
User_talk:3+3+2-1=7GPG632V,Shane_Richie,-1
Shane_Richie,Lewis_MacLeod_(actor),1
Lewis_MacLeod_(actor),User_talk:3+3+2-1=7GPG632V,-1
User_talk:3+3+2-1=7GPG632V,User_talk:CanadianLinuxUser,-1
User_talk:CanadianLinuxUser,User_talk:3+3+2-1=7GPG632V,-1
User_talk:3+3+2-1=7GPG632V,The_Album_(Shane_Richie_album),-1
The_Album_(Shane_Richie_album),User_talk:CanadianLinuxUser,-1
User_talk:CanadianLinuxUser,Talk:Filling_station,-1
Talk:Filling_station,Sonic_the_Hedgehog_3,4
Sonic_the_Hedgehog_3,Talk:Filling_station,-1
Talk:Filling_station,User_talk:3+3+2-1=7GPG632V,-1
Alain_Rolland,Pneumodesmus,4
Lavabo,2004_Oregon_State_Beavers_football_team,5
2004_Oregon_State_Beavers_football_team,Mike_Stone_(musician),4
Mike_Stone_(musician),2012_Tulane_Green_Wave_football_team,4
2012_Tulane_Green_Wave_football_team,College_Heights_Herald,3
Omar_Abdulrahman,Mesut_Özil,2
Pojangmacha,User_talk:채널_11번과_22번은_에스비에스입니다_시즌2,-1
"Billerica,_Massachusetts",Twin_Peaks_(restaurant_chain),4
Twin_Peaks_(restaurant_chain),"Franklin,_Massachusetts",4
Free_love,Cohabitation_in_the_United_States,2
Cohabitation_in_the_United_States,Sexual_revolution,3
Sexual_revolution,Cohabitation_in_the_United_States,3
Cohabitation_in_the_United_States,Free_love,3
British_America,Polish_brothers,4
Polish_brothers,Tom_Szaky,5
Harry_Lindgren,English-language_spelling_reform,2
English-language_spelling_reform,Noah_Webster,1
Allusion,Call_of_Duty:_Ghosts,3
"Montenotte,_Cork",Glanmire,2
Joe_Satriani,Kill_the_King_(song),2
Kill_the_King_(song),Long_Live_Rock_'n'_Roll,1
Guns_N'_Roses,User_talk:ChakaKong,-1
Wikipedia:Featured_topics/John_Edward_Brownlee,Wikipedia:Featured_topics/Hurricane_Isabel,-1
Wikipedia:Featured_topics/Hurricane_Isabel,Portal:Contents/Religion_and_belief_systems/Intro,-1
Portal:Contents/Religion_and_belief_systems/Intro,Abraham_Zacuto,3
Abraham_Zacuto,Portal:Contents/Religion_and_belief_systems/Intro,-1
Penelope_Heyns,Saints_Row:_The_Third,4
Saints_Row:_The_Third,Jelly,4
Clitoral_erection,Twink_(gay_slang),3
Onion,Same_Love,4
Same_Love,Oreo_(novel),4
SPC_ECO,Fire_hydrant,4
Saint_George_and_the_Dragon,Wikipedia:Disruptive_editing,4
Tory,Wikipedia:Edit_filter/False_positives/Reports,-1
Wikipedia:Edit_filter/False_positives/Reports,Bosnian,4
User:Jamal_Ahmed_GM,Genetically_modified_food_controversies,-1
Genetically_modified_food_controversies,The_Non-GMO_Project,2
The_Non-GMO_Project,Genetic_code,3
Algae,User_talk:Discospinster,-1
User_talk:Discospinster,User_talk:Bigzero0123,-1
User_talk:Bigzero0123,User_talk:Discospinster,-1
User_talk:Discospinster,User_talk:Sportsguy17,-1
User_talk:Sportsguy17,User_talk:Discospinster,-1
User_talk:Discospinster,User_talk:Stormmeteo,-1
User_talk:Stormmeteo,User_talk:Discospinster,-1
User_talk:Discospinster,User_talk:Stormmeteo,-1
User_talk:Stormmeteo,User_talk:Bigzero0123,-1
Mode_of_a_linear_field,Scheduled_monument,4
Paulina_Rubio,User_talk:Altaïr,-1
User_talk:Altaïr,Jason_Dolley,5
Alexander_Fleming,User_talk:Cheesehead9692,-1
Reichskommissariat_Ukraine,History_of_Poland_(1939–45),2
History_of_Poland_(1939–45),Ost-Arbeiter,2
Ost-Arbeiter,Holocaust_victims,2
Piotrków_Trybunalski,World_War_II_casualties_of_the_Soviet_Union,2
World_War_II_casualties_of_the_Soviet_Union,Ukraine,1
Lenje_language,Willy_Brandt_School_of_Public_Policy,4
Willy_Brandt_School_of_Public_Policy,"Roseau,_Minnesota",4
"Roseau,_Minnesota",Comanche_Point,5
Comanche_Point,Edward_Backwell,5
Edward_Backwell,Davide_Malacarne,4
Davide_Malacarne,"Baglan,_Neath_Port_Talbot",4
Tuck_Stainback,"Bisheh,_Lorestan",5
"Bisheh,_Lorestan",User_talk:Pigsheadbeer,-1
Robert_Plant,Deaths_in_2012,3
Deaths_in_2012,"User:5,000_foot_skyscraper",-1
"User:5,000_foot_skyscraper",Nyan_Cat,-1
Nyan_Cat,The_Polar_Express_(soundtrack),4
The_Polar_Express_(soundtrack),Talk:The_Polar_Express_(soundtrack),-1
Talk:The_Polar_Express_(soundtrack),The_Polar_Express_(soundtrack),-1
The_Polar_Express_(soundtrack),Talk:The_Polar_Express_(soundtrack),-1
Talk:The_Polar_Express_(soundtrack),Iran,-1
Magnus_Carlsen,Suit_&_Tie,-1
Suit_&_Tie,Diadema_savignyi,5
Diadema_savignyi,Maurice_Vachon,4
Karl_Benz,Boo_(dog),4
Boo_(dog),Bogeyman,3
Austin_Mahone,Dan_and_Phil,3
Marathonbet,Tropical_Storm_Keith_(1988),4
Tropical_Storm_Keith_(1988),Pale-yellow_robin,4
Pale-yellow_robin,SS_Exodus,4
SS_Exodus,Vagina,3
Vagina,User:Liutg/sandbox,-1
User:Liutg/sandbox,13th_Airborne_Division_(United_States),-1
Life_of_Brian_(Family_Guy),Irish,4
Irish,User_talk:Imessupwiki12,-1
User:C.Fred,User_talk:C.Fred,-1
Instagram,Sherman's_March_to_the_Sea,3
"Hollywood,_County_Wicklow",Mattia_Destro,4
Mattia_Destro,Diego_Costa,2
Bigotry,"Ben_Watson_(footballer,_born_July_1985)",4
"McAllen,_Texas",Opera_Mobile_Store,3
Opera_Mobile_Store,OGame,4
Ray_J,User_talk:Mexicanharvardguy,-1
Qezel_Hesar-e_Pain,1993_Ýokary_Liga,5
1993_Ýokary_Liga,Pierre_Michaud,5
Pierre_Michaud,Death_and_funeral_of_Otto_von_Habsburg,5
Death_and_funeral_of_Otto_von_Habsburg,Helene_Mayer,2
Veronica_Stallwood,Mikkelsen_Harbor,6
Mikkelsen_Harbor,Division_of_Braddon,5
Division_of_Braddon,Olympia_52,5
Olympia_52,Olin_Smith,5
Olin_Smith,"26th_(2nd_Württemberg)_Dragoons_""King""",6
"26th_(2nd_Württemberg)_Dragoons_""King""",Rain_in_the_Mountains,-1
Rain_in_the_Mountains,Blue-water_navy,4
Gone_(novel_series),Melissa,3
Shawn_Johnson,User_talk:Killykyle,-1
User_talk:Killykyle,Priest_Holmes,3
South_Hampstead_High_School,User:ChrisbXD,-1
Benjamin_Britten,Dargeh-ye_Khalifeh_Qoli,4
Dargeh-ye_Khalifeh_Qoli,Tetragrammaton,3
Ginger_Ale_Afternoon,User_talk:Wikipelli,-1
User_talk:Wikipelli,New_Fast_Automatic_Daffodils,-1
New_Fast_Automatic_Daffodils,User_talk:Swagggy987654,-1
User_talk:Swagggy987654,Joseph_Glynn,5
Peter_Playford,User_talk:Ian_C._Lumpkin,-1
Vateria_indica_oil,"Boone,_Iowa",4
"Boone,_Iowa",User:Turtleman22,-1
Armenians_in_Surabaya,User:Killer_kittens,-1
User:Killer_kittens,List_of_most_popular_given_names,-1
List_of_most_popular_given_names,Talk:Main_Page,-1
Talk:Main_Page,Talk:Satan,5
Talk:Satan,User:Killer_kittens,-1
User:Killer_kittens,Chris_Speyer,-1
Chris_Speyer,User_talk:Deb,-1
User_talk:Deb,Aztec,4
Chepstow_School,Fancott,4
Fancott,Asian_mussel,5
Asian_mussel,List_of_horror_films_of_the_1900s,4
Chepstow_School,User_talk:Ghmyrtle,-1
User_talk:Ghmyrtle,Wikipedia:Barnstars,4
Life_of_Brian_(Family_Guy),User_talk:Discospinster,-1
User_talk:Discospinster,American_Dad!,-1
Reddit,User_talk:LarryFrance34,-1
User:WirelessBook,Talk:Toronto,-1
Talk:Toronto,User_talk:WirelessBook,-1
User_talk:WirelessBook,Union_Montreal,3
Union_Montreal,Richard_Deschamps,1
Richard_Deschamps,"LaSalle,_Quebec",1
"LaSalle,_Quebec",Municipal_political_parties_in_Montreal,2
Municipal_political_parties_in_Montreal,Progressive_Conservative_Party_of_Canada,3
People's_Voice,Politics_of_Montreal,2
Politics_of_Montreal,Carlos_Latuff,4
"Strongsville,_Ohio",T._J._Ward,4
Wikipedia_talk:Changing_username,Wikipedia:Changing_username/Usurpations,-1
Wikipedia:Changing_username/Usurpations,User:G_DHONDARE/sandbox,-1
User:G_DHONDARE/sandbox,Portal:History/Featured_article/3,-1
Portal:History/Featured_article/3,User:G_DHONDARE/sandbox,-1
User:G_DHONDARE/sandbox,User_talk:G_DHONDARE/sandbox,-1
User_talk:G_DHONDARE/sandbox,Philosophy_of_mind,-1
Belgaum_district,Wikipedia:Your_first_article,4
Modern_language,Peebles_High_School_(Peeblesshire),4
Peebles_High_School_(Peeblesshire),Ka_(Cyrillic),4
Battle_of_Carrhae,Siege_of_Caesarea_(260),1
Siege_of_Caesarea_(260),Alexandria_(disambiguation),3
Caligula,User:Soham,-1
Deshdrohi,Aaj_Tak,3
Aaj_Tak,Jai_Ho_(film),3
Jai_Ho_(film),Sohail_Khan,1
Aashish_Chaudhary,Hum_Pardesi_Ho_Gaye,1
Deshdrohi,Krrish_3,3
Talk:James_Bond_007:_Nightfire,James_Bond_007:_Nightfire,2
James_Bond_007:_Nightfire,Talk:Great_Wall_of_China,-1
Talk:Great_Wall_of_China,James_Bond_007:_Nightfire,5
Mike_the_Knight,Treehouse_TV,1
Treehouse_TV,BBC_World_News_(TV_series),3
BBC_World_News_(TV_series),List_of_This_Is_Emily_Yeung_episodes,5
List_of_programs_broadcast_by_CBC_Television,List_of_Teletoon_original_series,2
List_of_Teletoon_original_series,Chuggington,2
Chuggington,Toopy_and_Binoo,2
Kapunda,User_talk:LoserBoy123,-1
Strong_Bad,User_talk:Just_Chilling/Archive_7,-1
Taichung,New_Taipei_City,1
Richard,LMFAO,3
LMFAO,Richard_Cartwright_(bishop),4
Richard_Cartwright_(bishop),Ricardo_La_Volpe,4
Rhona_Simpson,User_talk:C.Fred,-1
Rhona_Simpson,Wikipedia:Changing_username/Simple,-1
Opera_Mobile,Category:Mobile_web_browsers,-1
User:Snebula/Sandbox,Green_Acres,-1
Green_Acres,User_talk:Snebula,-1
User_talk:Snebula,User:Snebula,-1
User:Snebula,Tom_Hiddleston,-1
Shuttlecock,Clyde_Worthen,8
Wikipedia:Reference_desk/Humanities,User_talk:Medeis,-1
User_talk:YinYangWar,History_of_slavery,1
User_talk:YinYangWar,Yellow_Turban_Rebellion,3
Yellow_Turban_Rebellion,User_talk:Bongwarrior,-1
Owl,Despicable_Me,3
Despicable_Me,Pitbull_(rapper),3
Saskatoon_Blades,User:Jvinieclow/Birtle_Collegiate_Croquet_Team,-1
User:Jvinieclow/Birtle_Collegiate_Croquet_Team,Jacob_Trouba,-1
Jacob_Trouba,St._John's_IceCaps,3
St._John's_IceCaps,Dustin_Byfuglien,2
Phil_Kessel,St._John's_IceCaps,2
St._John's_IceCaps,Phil_Kessel,3
Phil_Kessel,St._John's_IceCaps,2
Angelo_Savoldi,Dan_McLeod_(wrestler),3
Dan_McLeod_(wrestler),Joan_Crawford,3
Gen¹³_(film),US_Climate_Reference_Network,4
US_Climate_Reference_Network,Panachikkadu_Temple,4
Panachikkadu_Temple,Lossy_compression,4
Lossy_compression,343_Industries,3
343_Industries,Benjamin_Britten,3
Benjamin_Britten,World_Chess_Championship_2013,4
Jai_ho,RAF_Langar,5
User:Jasontheherooflifeanddeath,Talk:Abraham_Lincoln,-1
Talk:Abraham_Lincoln,Busy_work,5
Busy_work,User:Jasontheherooflifeanddeath/sandbox,-1
User:Jasontheherooflifeanddeath/sandbox,Busy_work,-1
Busy_work,Triplophysa_intermedia,6
Triplophysa_intermedia,Busy_work,5
Take_Me_Home_(One_Direction_album),Scotty_McCreery,2
Scotty_McCreery,Babysitting,3
TARDIS,Grand_rhabdornis,5
Grand_rhabdornis,Walk_cycle,5
Anal_Cunt,User_talk:KKKlarence,-1
User_talk:KKKlarence,Anal_Cunt,-1
Anal_Cunt,User_talk:DVdm,-1
User_talk:DVdm,User_talk:KKKlarence,-1
User_talk:KKKlarence,Seth_Putnam,-1
Seth_Putnam,User_talk:KKKlarence,-1
Template:PBB/6007,RHD_(gene),-1
Template:PBB/6007,RHD_(gene),-1
Fish_Legal,Island_arc,3
José_de_San_Martín,User_talk:Jeo444,-1
User_talk:Jeo444,"Camillo_Benso,_Count_of_Cavour",2
User:Sabbott15,Tropic_Thunder,-1
Toothpick,User:Sabbott15/sandbox,-1
User:Sabbott15/sandbox,ESPNcricinfo,-1
ESPNcricinfo,"Pelee,_Ontario",4
Doyles_Room,BronyCon,4
BronyCon,Orange_juice,3
Orange_juice,User:Pr1nnyraid/sandbox,-1
User:Pr1nnyraid/sandbox,Wycombe_Wanderers_F.C.,-1
Sunderland_A.F.C.,"Chris_Armstrong_(footballer,_born_1982)",3
User:Medomonen,Kapunda,-1
Cult,Yoshiyahu_Yosef_Pinto,4
Yoshiyahu_Yosef_Pinto,Rabbi_Meir,3
Ricky_Gervais,User_talk:Barek/alternate,-1
User_talk:Barek/alternate,User_talk:Honghavokconroy,-1
Bat,User:Thatsmyname123,-1
Where_Is_Fred?,Template:Episode_needed,-1
LSU_Tigers_football,Braxton_Miller,2
Braxton_Miller,Arizona_Cardinals,2
Infestation:_Survivor_Stories,Terraria,3
Ben_Howard,Louis_H._Watson,4
Louis_H._Watson,Rizzle_Kicks,4
User:Catlover3.0,"West_Hills,_New_York",-1
User:Catlover2.0,VHS_or_Beta,-1
User:Catlover2.0,Catalonia,-1
"Ballard,_County_Clare",Saint_Sebastian,3
User:Cillohealy/sandbox,James_McClean,-1
John_Johns,Mark_Barrington-Ward,4
Mark_Barrington-Ward,Mian_Ijaz_ul_Hassan,4
Mian_Ijaz_ul_Hassan,Mustafa_Zaidi,4
Levante_UD,Jens_Lapidus,4
Greater_Sudbury,Adanac_Ski_Hill,2
Adanac_Ski_Hill,Global_warming,3
Talk:Halo_(series),Halo_4,2
Anthony,User_talk:T16simpkins,-1
Mondo_Media,User_talk:22222222YOLOSWAG2222222,-1
Fear,The_Scare,4
Pat_Mora,Austin_Mahone,4
Austin_Mahone,User_talk:Rosa_loveee,-1
User_talk:Rosa_loveee,Austin_Mahone,1
P._K._Yonge_Developmental_Research_School,Internet_Explorer,3
Internet_Explorer,Wizard101,3
Wizard101,List_of_Mortal_Kombat_characters,3
List_of_Mortal_Kombat_characters,User_talk:Antiqueight,-1
P._K._Yonge_Developmental_Research_School,Wikipedia:Sandbox,4
P._K._Yonge_Developmental_Research_School,"Gainesville,_Florida",1
Love–hate_relationship,Humour,3
Polygon_(website),Gene_Chizik,4
Galeru,User:Antiqueight,-1
User:Antiqueight,Contiguous_United_States,-1
El_Dorado_High_School_(Arkansas),User_talk:Elektronikz,-1
Talk:France,National_Service_Act_1964,3
National_Service_Act_1964,Print&Share,5
Print&Share,User_talk:Fhqwhgads1337,-1
Pattern_1853_Enfield,French_ironclad_Gloire,2
French_ironclad_Gloire,Pattern_1853_Enfield,3
Wikipedia:Edit_filter/False_positives/Reports,Sadness,3
1960_Valdivia_earthquake,Lists_of_earthquakes,2
List_of_Greek_and_Latin_roots_in_English,File:Epic_(2013_film)_poster.jpg,-1
List_of_Greek_and_Latin_roots_in_English,File:Epic_(2013_film)_poster.jpg,-1
File:Epic_(2013_film)_poster.jpg,User_talk:Fruitwarrior,-1
User_talk:Fruitwarrior,Wikipedia_talk:WikiProject_Articles_for_creation,-1
Wikipedia_talk:WikiProject_Articles_for_creation,Wikipedia:WikiProject_Articles_for_creation/Help_desk,-1
Wikipedia:WikiProject_Articles_for_creation/Help_desk,Ontario_Genealogical_Society,5
Ontario_Genealogical_Society,Wikipedia:Bots,4
Wikipedia:Bots,User:Cncmaster,-1
User:Cncmaster,User:StevenD99/Status,-1
User:StevenD99/Status,Ontario_Genealogical_Society,-1
Ontario_Genealogical_Society,User:Aleksa_Lukic,-1
User:ClayClay123,Cheeseburger,-1
Naked_Lunch_(film),Role_of_automobiles_in_the_1920s,4
Role_of_automobiles_in_the_1920s,The_Roaring_Twenties,2
User_talk:Madjabuds,User_talk:71.183.133.71,-1
User_talk:71.183.133.71,User_talk:BaSH_PR0MPT,-1
User_talk:Madjabuds,User_talk:Ddllds,-1
User:Bacharo,Rabat,-1
List_of_records_of_the_Philippines,Henri_de_Toulouse-Lautrec,4
"Monsters,_Inc.",Monsters_University,1
"Jigalong_Community,_Western_Australia",Mining,3
Mining,User:Oom1ngmach5,-1
R5_(band),With_Ears_to_See_and_Eyes_to_Hear,4
With_Ears_to_See_and_Eyes_to_Hear,Selfish_Machines,3
Wafah_Dufour,Murat_Yıldırım_(actor),4
Murat_Yıldırım_(actor),Kyle_Richards,4
Matthew_Wright,User_talk:Halalhafsa,-1
User_talk:Halalhafsa,Natalie_Cassidy,1
User:Noq,"California_State_University,_Monterey_Bay",-1
JaVale_McGee,User_talk:Thanksfor1984,-1
Golla_(company),User_talk:StarOfSagittarius1,-1
User_talk:StarOfSagittarius1,System_justification,6
System_justification,Expeditionary_economics,3
Expeditionary_economics,Internet_service_provider,3
Endocrinology,User:Clarkcj12,-1
User:Clarkcj12,User_talk:Clarkcj12,-1
User_talk:MrX,User_talk:Gilo1969,-1
User_talk:Gilo1969,User_talk:Madman,-1
User_talk:Madman,WikiAnswers,-1
WikiAnswers,User_talk:Risperdal_Consta,-1
User_talk:Risperdal_Consta,User_talk:Alexf,-1
Bluejuice,"Wingham,_New_South_Wales",3
Bluejuice,"Wingham,_New_South_Wales",3
"John_Charles_Upton,_Jr.",Talk:Roblox,5
Talk:Roblox,User_talk:Link199,-1
User_talk:Link199,The_Football_League,-1
Talk:Kenitra,"Kenitra,_Morocco",2
User:JamesGaming,Jungle,-1
Dustin_Fox,User:EurekaLott,-1
Dustin_Fox,User:EurekaLott,-1
Minnow,Twerking,5
Snowballing,Polyanthos,8
Polyanthos,User_talk:Funnyfarmofdoom,-1
User_talk:Funnyfarmofdoom,Bee_Movie,-1
Wikipedia:Articles_for_deletion/Pavel_Karoukin,User_talk:Dloury,-1
User_talk:Kross,User_talk:Drmies,-1
User_talk:Drmies,Leon_Fleisher,4
Leon_Fleisher,User_talk:Twofortnights,-1
User_talk:Twofortnights,User_talk:Angela,-1
User_talk:Angela,User_talk:Angr,-1
User_talk:Angr,Sophie_B._Hawkins,4
Made_in_Chelsea,João_Pereira_(Portuguese_footballer),4
User:Superkid761/sandbox,List_of_World_War_II_firearms,-1
List_of_World_War_II_firearms,Wikipedia:Orphan,5
Wikipedia:Orphan,User_talk:Velella,-1
User_talk:Velella,Miami,3
Miami,User_talk:Superkid761,-1
Pac-Man,Ray_Rizzo,4
Ray_Rizzo,Swedish_Fish,4
Awa_Tanuki_Gassen,Pgeezy,5
Protest,User:Michael484,-1
User:Michael484,User_talk:Michael484,-1
User_talk:Michael484,Talk:Great_Depression,-1
Talk:Great_Depression,Talk:World_War_II,-1
Talk:World_War_II,Talk:Pocahontas_(1995_film),-1
Talk:Pocahontas_(1995_film),User:Michael484,-1
User:Michael484,Neutral_powers_during_World_War_II,-1
Michael_Carroll,User:Michael484,-1
User:Michael484,Michael_Carroll_(author),-1
Peacocks_(clothing),Tanki_Online,5
Tanki_Online,Morman,4
Morman,Rush_(video_gaming),4
User:Bawrai,Empire_of_Japan,4
Empire_of_Japan,Forbes_list_of_The_World's_Most_Powerful_People,3
Forbes_list_of_The_World's_Most_Powerful_People,Phagwara,4
Regalia_of_the_Netherlands,Lambeosaurus,4
Lambeosaurus,16th_Madras_Native_Infantry,-1
Mahima_Makwana,Sanjeeda_Sheikh,3
Cinderella_(1950_film),The_Little_Nyonya,4
"User:Nope,_that's_a_pronoun",Porkbelly_(fictional_town),-1
Porkbelly_(fictional_town),Johnny_Test_(season_4),2
Johnny_Test_(season_4),Fur-bearing_trout,4
Fur-bearing_trout,Category:Wikipedia_vandalism,-1
Category:Wikipedia_vandalism,A11,-1
A11,Wikipedia:Sandbox,5
Wikipedia:Sandbox,Luxo_Jr.,-1
Luxo_Jr.,Category:Fictional_lamps,-1
Category:Fictional_lamps,Thomson's_lamp,-1
Thomson's_lamp,The_Lamp_(2011_film),4
The_Lamp_(2011_film),Category:Fictional_lamps,-1
Category:Fictional_lamps,Gumball_(fictional_cat),-1
Gumball_(fictional_cat),Darwin_(fictional_fish),1
Darwin_(fictional_fish),Anais_(fictional_rabbit),1
Anais_(fictional_rabbit),List_of_fictional_rabbits_and_hares,4
List_of_fictional_rabbits_and_hares,Richard_(fictional_rabbit),1
Richard_(fictional_rabbit),Nicole_(fictional_cat),1
Nicole_(fictional_cat),The_Amazing_World_of_Gumball,1
The_Amazing_World_of_Gumball,Talk:Phineas_and_Ferb,-1
Talk:Phineas_and_Ferb,"User_talk:Nope,_that's_a_pronoun",-1
"User_talk:Nope,_that's_a_pronoun","Wikipedia:Unusual_articles/Technology,_inventions_and_products",-1
"Wikipedia:Unusual_articles/Technology,_inventions_and_products",Stainless_steel_soap,1
Dr._Heinz_Doofenshmirtz,Skylanders:_Swap_Force,3
Skylanders:_Swap_Force,Wikipedia:Deleted_articles_with_freaky_titles,-1
Wikipedia:Deleted_articles_with_freaky_titles,"Talk:List_of_fictional_elements,_materials,_isotopes_and_atomic_particles",-1
"Talk:List_of_fictional_elements,_materials,_isotopes_and_atomic_particles","List_of_fictional_elements,_materials,_isotopes_and_atomic_particles",1
List_of_fictional_spacecraft,List_of_fictional_space_stations,1
List_of_fictional_space_stations,Sackboy,3
Sackboy,Category:Fictional_games,-1
Category:Fictional_games,List_of_fictional_beverages,-1
List_of_fictional_beverages,Avalonia_(fictional_city),3
Avalonia_(fictional_city),Avalonia,3
Avalonia,Avalonia_(fictional_city),1
Avalonia_(fictional_city),Sackboy,1
List_of_fictional_diseases,Category:Fictional_parapsychologists,-1
Category:Fictional_parapsychologists,Category:Fictional_alchemists,-1
Category:Fictional_alchemists,Peter_Venkman,-1
Peter_Venkman,List_of_fictional_firearms,4
List_of_fictional_firearms,List_of_fictional_pulse_rifles,2
List_of_fictional_pulse_rifles,List_of_magical_weapons,2
List_of_fictional_swords,List_of_fictional_pulse_rifles,1
List_of_fictional_pulse_rifles,Talk:List_of_superhuman_features_and_abilities_in_fiction,-1
Talk:List_of_superhuman_features_and_abilities_in_fiction,X-ray_vision,-1
X-ray_vision,The_Croods,3
The_Croods,Hermes_Trismegistus,3
"List_of_fictional_elements,_materials,_isotopes_and_atomic_particles","Talk:List_of_fictional_elements,_materials,_isotopes_and_atomic_particles",-1
"Talk:List_of_fictional_elements,_materials,_isotopes_and_atomic_particles","List_of_fictional_elements,_materials,_isotopes_and_atomic_particles",1
"List_of_fictional_elements,_materials,_isotopes_and_atomic_particles","Talk:List_of_fictional_elements,_materials,_isotopes_and_atomic_particles",-1
"Talk:List_of_fictional_elements,_materials,_isotopes_and_atomic_particles",Wikipedia:Deleted_articles_with_freaky_titles,-1
"User:Nope,_that's_a_pronoun",Wikipedia:Deleted_articles_with_freaky_titles,-1
Wikipedia:Deleted_articles_with_freaky_titles,"User_talk:Nope,_that's_a_pronoun",-1
Andrea_Portera,Mount_Fuji,3
217,User:Gregdesu,-1
User:Gregdesu,Conrado_Colina_Tudtud,-1
Conrado_Colina_Tudtud,List_of_murders,4
File:One_direction_up_all_night_albumcover.jpg,Up_All_Night_(One_Direction_album),-1
Take_Me_Home_(One_Direction_album),Up_All_Night_(One_Direction_album),1
Bursalı_İsmail_Hakkı,Leewood_Elementary_School,5
Up_All_Night_(One_Direction_album),Take_Me_Home_(One_Direction_album),1
Pizza_Hut,Fifth_Harmony,4
Fifth_Harmony,Emblem3,2
Emblem3,Midnight_Memories,2
Midnight_Memories,Take_Me_Home_(One_Direction_album),1
Take_Me_Home_(One_Direction_album),Up_All_Night_(One_Direction_album),1
Up_All_Night_(One_Direction_album),Take_Me_Home_(One_Direction_album),1
Take_Me_Home_(One_Direction_album),Up_All_Night_(One_Direction_album),1
Up_All_Night_(One_Direction_album),Take_Me_Home_(One_Direction_album),1
Take_Me_Home_(One_Direction_album),Up_All_Night_(One_Direction_album),1
Up_All_Night_(One_Direction_album),Up_All_Night:_The_Live_Tour,2
Up_All_Night:_The_Live_Tour,Up_All_Night_(One_Direction_album),2
Up_All_Night_(One_Direction_album),Up_All_Night:_The_Live_Tour,2
Midnight_Memories,Up_All_Night_(One_Direction_album),1
Up_All_Night_(One_Direction_album),Take_Me_Home_(One_Direction_album),1
Midnight_Memories,Up_All_Night_(One_Direction_album),1
Up_All_Night_(One_Direction_album),"Westlake_Village,_California",3
Midnight_Memories,Up_All_Night_(One_Direction_album),1
Midnight_Memories,Up_All_Night_(One_Direction_album),1
Up_All_Night_(One_Direction_album),Big_Time_Rush_(band),1
Big_Time_Rush_(band),One_Time_(song),3
Anorexia_nervosa,What_Makes_You_Beautiful,3
Soup,What_Makes_You_Beautiful,4
What_Makes_You_Beautiful,Ginger,3
Midnight_Memories,Take_Me_Home_(One_Direction_album),1
Take_Me_Home_(One_Direction_album),What_Makes_You_Beautiful,1
Take_Me_Home_Tour_(One_Direction),Percy_Jackson:_Sea_of_Monsters,3
Take_Me_Home_Tour_(One_Direction),Word_of_Mouth_(The_Wanted_album),3
Midnight_Memories,Take_Me_Home_Tour_(One_Direction),1
Midnight_Memories,One_Direction:_This_Is_Us,2
The_Wanted_Life,One_Direction:_This_Is_Us,3
File:One_Direction_Midnight_Memories_(Official_Album_Cover).png,Midnight_Memories,-1
File:One_Direction_Midnight_Memories_(Official_Album_Cover).png,Midnight_Memories,-1
Midnight_Memories,File:One_Direction_Midnight_Memories_(Official_Album_Cover).png,-1
File:One_Direction_Midnight_Memories_(Official_Album_Cover).png,Up_All_Night_(One_Direction_album),-1
Take_Me_Home,Story_of_My_Life_(One_Direction_song),2
Midnight_Memories,Take_Me_Home,-1
Take_Me_Home,Story_of_My_Life_(One_Direction_song),2
Up_All_Night_(One_Direction_album),Take_Me_Home,-1
Take_Me_Home,Midnight_Memories,2
Rock_Me_(One_Direction_song),Take_Me_Home_(One_Direction_album),1
Take_Me_Home_(One_Direction_album),Syco_Music,2
Midnight_Memories,Best_Song_Ever_(song),1
Best_Song_Ever_(song),Take_Me_Home,-1
Take_Me_Home,User:AwhhItsZiall,-1
User:AwhhItsZiall,Story_of_My_Life_(One_Direction_song),-1
Story_of_My_Life_(One_Direction_song),Gotta_Be_You_(One_Direction_song),2
Midnight_Memories,Take_Me_Home_(One_Direction_album),1
Midnight_Memories,Take_Me_Home,-1
Midnight_Memories,User_talk:Bubblygummi,-1
User_talk:Bubblygummi,Take_Me_Home,-1
Take_Me_Home,Take_Me_Home_(One_Direction_album),1
Take_Me_Home_(One_Direction_album),Take_Me_Home,-1
Take_Me_Home,Up_All_Night_(One_Direction_album),2
Take_Me_Home,Up_All_Night_(One_Direction_album),2
Butts,My_Sister,5
My_Sister,Wealth,4
Take_Me_Home,User:Romancestagram,-1
Schoolboy_Q,Faggot_(unit),3
Jamba_Juice,User_talk:Missy2325,-1
Up_All_Night_(One_Direction_album),Word_of_Mouth_(The_Wanted_album),3
Word_of_Mouth_(The_Wanted_album),Syco_Music,2
Syco_Music,Word_of_Mouth_(The_Wanted_album),3
Up_All_Night_(One_Direction_album),Battleground_(album),3
Fifth_Harmony,Word_of_Mouth_(The_Wanted_album),3
Word_of_Mouth_(The_Wanted_album),The_Wanted_(album),2
The_Wanted_(album),Better_Together_(EP),3
Better_Together_(EP),Battleground_(album),4
What_Makes_You_Beautiful,One_Thing_(One_Direction_song),1
One_Thing_(One_Direction_song),The_Neighbourhood,3
What_Makes_You_Beautiful,One_Thing_(One_Direction_song),1
Heart_Vacancy,Show_Me_Love_(America),2
Show_Me_Love_(America),Red_(Taylor_Swift_album),3
Midnight_Memories,Talk:Midnight_Memories,-1
Midnight_Memories,Talk:Midnight_Memories,-1
Talk:Midnight_Memories,Up_All_Night_(One_Direction_album),-1
User:CamillaAyyyeee,Talk:Midnight_Memories,-1
Talk:Midnight_Memories,Francis_Scott_Key,-1
Midnight_Memories,Talk:Midnight_Memories,-1
Talk:Midnight_Memories,Live_While_We're_Young,-1
Midnight_Memories,Take_Me_Home_Tour_(One_Direction),1
Take_Me_Home_Tour_(One_Direction),Take_Me_Home,-1
Take_Me_Home,Take_Me_Home_Tour_(One_Direction),2
Take_Me_Home_Tour_(One_Direction),Take_Me_Home,-1
Take_Me_Home_(One_Direction_album),Red_(Taylor_Swift_album),1
File:One_Direction_Midnight_Memories_(Official_Album_Cover).png,Take_Me_Home,-1
Take_Me_Home,File:One_direction_up_all_night_albumcover.jpg,-1
Midnight_Memories,Story_of_My_Life_(One_Direction_song),1
Story_of_My_Life_(One_Direction_song),What_Makes_You_Beautiful,1
Best_Song_Ever_(song),Story_of_My_Life_(One_Direction_song),2
Story_of_My_Life_(One_Direction_song),What_Makes_You_Beautiful,1
What_Makes_You_Beautiful,Story_of_My_Life_(One_Direction_song),2
Up_All_Night_(One_Direction_album),Moth,3
Tha_Carter_III,Call_of_Duty:_Modern_Warfare_2,3
Cx4,The_Sun_Also_Shines_at_Night,5
Midnight_Memories,Battleground_(album),2
Battleground_(album),Take_Me_Home,-1
Take_Me_Home,Word_of_Mouth_(The_Wanted_album),4
Midnight_Memories,Talk:5_Seconds_of_Summer,-1
Talk:5_Seconds_of_Summer,Take_Me_Home_(One_Direction_album),2
Up_All_Night_(One_Direction_album),Take_Me_Home_(One_Direction_album),1
Take_Me_Home_(One_Direction_album),Best_Song_Ever_(song),2
Best_Song_Ever_(song),User_talk:Zenfeeldepayne,-1
James_Arthur_(singer),Word_of_Mouth_(The_Wanted_album),3
Midnight_Memories,User_talk:Prettyteacuplou,-1
User_talk:Prettyteacuplou,File:The_Wanted_-_Chasing_The_Sun.jpg,-1
File:The_Wanted_-_Chasing_The_Sun.jpg,Chasing_the_Sun_(The_Wanted_song),-1
Story_of_My_Life_(One_Direction_song),Up_All_Night_(One_Direction_album),2
Talk:Midnight_Memories,Take_Me_Home_(One_Direction_album),-1
Paul_Hanley_(tennis),User:Rectify1233,-1
User:Rectify1233,Greg_Maddux,-1
Pecan,Wikipedia:Sandbox,4
Wikipedia:Sandbox,Sexual_dimorphism,-1
Sexual_dimorphism,User_talk:Jackmcbarn,-1
User_talk:Jackmcbarn,User_talk:CpESDFed,-1
User_talk:CpESDFed,User_talk:Jackmcbarn,-1
User_talk:Jackmcbarn,User_talk:CpESDFed,-1
Louis_Washington,Colin_Niven,5
Colin_Niven,Jack_Wilshere,4
Talk:Adolf_Hitler,Wikipedia:Requests_for_page_protection,4
Wikipedia:Requests_for_page_protection,Nazi_salute,4
Reunion_Tour_with_Head,Convection,3
Ten_Years_of_Toys,Andy_(film),5
Andy_(film),Costas_Georgiou,4
Artins,Manitoba_Provincial_Road_311,5
Manitoba_Provincial_Road_311,Daigoro_Timoncini,-1
Daigoro_Timoncini,Robert_McKnight,5
Charles_Bray_(glass_artist),Nestor_Binabo,4
Nestor_Binabo,"Grabianowo,_Śrem_County",6
"Grabianowo,_Śrem_County",John_O'Brien_(outfielder),6
User:SupDuc/sandbox,Daft_Punk,-1
Daft_Punk,User_talk:Jhsounds/Archive_13,-1
User:SupDuc/sandbox,User_talk:Jhsounds/Archive_13,-1
User_talk:Jhsounds/Archive_13,Flag_of_Lesotho,4
User:Monkey_man's_foul_smell,Presence_(album),4
Sonic_the_Hedgehog_(TV_series),User_talk:Turds_in_a_1983_BMW_Sedan,-1
User_talk:Turds_in_a_1983_BMW_Sedan,User_talk:Orangemike,-1
World_of_Tanks,World_of_Warplanes,1
Necro_(rapper),User_talk:Jmcafee25,-1
Necro_(rapper),User_talk:Jmcafee25,-1
Necro_(rapper),User_talk:Jmcafee25,-1
Necro_(rapper),User_talk:Jmcafee25,-1
Necro_(rapper),User_talk:Jmcafee25,-1
Necro_(rapper),User_talk:Jmcafee25,-1
Necro_(rapper),User_talk:Jmcafee25,-1
What_Is_This?,User:Piercekid123/sandbox,-1
User:Piercekid123/sandbox,Computer_keyboard,-1
Battle_of_the_Alamo,User_talk:Piercekid123,-1
Cantor's_theorem,User_talk:FinallyAUsernameICanUse,-1
Jay_Treaty,User_talk:Winkerdinker,-1
Toby_Flood,Chad_le_Clos,4
Bryan_Callen,User_talk:Alexanderaikas,-1
Bryan_Callen,Chris_D'Elia,1
Chris_D'Elia,User_talk:Alexanderaikas,-1
Survivor_Series_(2001),SummerSlam_(2013),2
Darren_Young,"TLC:_Tables,_Ladders_&_Chairs_(2011)",2
"TLC:_Tables,_Ladders_&_Chairs_(2011)",Talk:Notorious_(2009_film),-1
Talk:Notorious_(2009_film),Notorious_(2009_film),2
Survivor_Series_(2001),Talk:Tupac_Shakur,-1
Talk:Tupac_Shakur,WrestleMania_23,-1
WrestleMania_23,Hell_in_a_Cell_(2013),2
Hell_in_a_Cell_(2013),The_Shield_(professional_wrestling),1
The_Shield_(professional_wrestling),User_talk:ClueBot_Commons,-1
Cheerleading_Philippines,House_of_Anubis,4
House_of_Anubis,Talk:Periyakudal,-1
Talk:Periyakudal,Wikipedia_talk:General_disclaimer,-1
Wikipedia_talk:General_disclaimer,Talk:Antisindris,-1
Talk:Antisindris,Talk:Rigor_mortis,-1
Talk:Rigor_mortis,Talk:Main_Page,-1
Holly_Matthews,U-boat,3
Swaging,User:Weedsmoker247,-1
User:Weedsmoker247,YOLO_(song),-1
YOLO_(song),Gay_bar,3
Helloween,User_talk:Weedsmoker247,-1
Bali,User_talk:DRGENITALIA,-1
User_talk:DRGENITALIA,User:DRGENITALIA,-1
User:DRGENITALIA,User_talk:EvergreenFir,-1
User_talk:EvergreenFir,User_talk:DRGENITALIA,-1
User_talk:DRGENITALIA,User_talk:Dougweller,-1
User_talk:Dougweller,User_talk:EvergreenFir,-1
User_talk:EvergreenFir,User_talk:Dougweller,-1
User_talk:Dougweller,User_talk:DRGENITALIA,-1
Geordie_Shore,Skins_(UK_TV_series),3
Skins_(UK_TV_series),Of_Mice_and_Men_(1939_film),3
Geordie_Shore,Matthew_Fosh,5
Matthew_Fosh,Skins_(UK_TV_series),4
After_Earth,"Monsters,_Inc.",2
"Monsters,_Inc.",Monsters_University,1
Monsters_University,Monsters_vs._Aliens,2
Teardrop_tattoo,Hardcore_Gamer,4
Brooke_Hogan,DeWayne_Bruce,3
DeWayne_Bruce,Luther_Reigns,2
Jack_Sparrow,Fancies,4
Fancies,Ben_Croft,5
Ben_Croft,Mustafa_Zaidi,5
Mustafa_Zaidi,Ben_Croft,5
Robert_VanderLaan,Jerred_Smithson,4
Robert_VanderLaan,User:Goleafs2014,-1
Robert_VanderLaan,September_11_attacks,2
Scary_Monsters_and_Nice_Sprites,The_E.N.D,3
The_E.N.D,Bob_the_Builder,3
Justin_Medlock,User_talk:Bongwarrior,-1
User_talk:Bongwarrior,User_talk:ChangeAllTheInfo,-1
Resistance:_Burning_Skies,Indian_palm_squirrel,4
Indian_palm_squirrel,User:Thedigitalabe/sandbox,-1
User:Thedigitalabe/sandbox,Plutonium,-1
Spirit_Lake,User_talk:DragonRider1337,-1
User_talk:DragonRider1337,User:DragonRider1337,-1
Category:Domain_name_system,List_of_DNS_record_types,-1
Ek_Veer_Ki_Ardaas...Veera,Jiah_Khan,4
Ek_Veer_Ki_Ardaas...Veera,Poland_Spring,4
Template:POTD/2012-01-19,Template:POTD/2012-01-20,-1
Template:POTD/2012-01-19,Klonoa_Heroes:_Densetsu_no_Star_Medal,5
Klonoa_Heroes:_Densetsu_no_Star_Medal,User:Put_your_body_upside-down,-1
User:Put_your_body_upside-down,Adventures_of_Sonic_the_Hedgehog,-1
Adventures_of_Sonic_the_Hedgehog,Break_the_Ice_(Britney_Spears_song),4
Break_the_Ice_(Britney_Spears_song),Klonoa,4
Tufail_Niazi,Trams_in_Brno,4
Trams_in_Brno,Nzinga_of_Ndongo_and_Matamba,4
"Wawa,_Ontario",User_talk:199.176.226.193,-1
User_talk:199.176.226.193,User_talk:Crispy1989,-1
User_talk:Crispy1989,User_talk:KreanMek,-1
Saint_Patrick,Template:Dallas_Cowboys_roster,4
Andrew_Armstrong,"Resolute,_Nunavut",4
"Resolute,_Nunavut",User_talk:Sam_Sailor,-1
Alex_Smith,Geno_Smith,2
Geno_Smith,Chad_Henne,2
Carson_Palmer,EJ_Manuel,2
EJ_Manuel,Leodis_McKelvin,2
Super_Bowl_XLVII,2012_San_Francisco_49ers_season,2
2012_San_Francisco_49ers_season,2012_Baltimore_Ravens_season,2
2012_Baltimore_Ravens_season,Super_Bowl_XLVII,1
Oggy_and_the_Cockroaches,User_talk:ThanksforwatchingyourclassicsonVHS,-1
User_talk:ThanksforwatchingyourclassicsonVHS,Strong_Bad,1
Strong_Bad,User_talk:ThanksforwatchingyourclassicsonVHS,-1
User_talk:ThanksforwatchingyourclassicsonVHS,Strong_Bad,1
Lenny_Henry,Robert_Luff,1
Assassins,User_talk:Wtmitchell,-1
Ernest_Shackleton,User_talk:!LIKETHEPOP!,-1
Will_Wolford,List_of_The_Grim_Adventures_of_Billy_&_Mandy_characters,4
List_of_The_Grim_Adventures_of_Billy_&_Mandy_characters,Funeral_director,2
Ronan_Parke,Conor_Maynard,2
Rosetta_Stone,Coleophora_atlanti,6
Coleophora_atlanti,Water_rail,4
Genghis_Khan,Coleophora_atlanti,5
Coleophora_atlanti,User_talk:GregorB,5
User_talk:GregorB,User_talk:Eyesnore,-1
User_talk:Eyesnore,User_talk:GregorB,-1
User_talk:GregorB,Profanity,3
Mixed-sex_education,"Wikipedia:Go_ahead,_vandalize",-1
"Wikipedia:Go_ahead,_vandalize",Heidi_Game,5
Ellie_Goulding,Eddie_Burns,4
Eddie_Burns,Ben_Robertson_(footballer),5
Ben_Robertson_(footballer),Pint,3
Truck,2012_Boeing_727_crash_experiment,4
2012_Boeing_727_crash_experiment,User:Scarbraa,-1
User:Scarbraa,"Scarborough,_North_Yorkshire",-1
"Scarborough,_North_Yorkshire",User_talk:Jinkinson,-1
No_Shoes_Nation_Tour,Kenny_Chesney,1
Tim_McGraw,User_talk:C0untry213,-1
Bali_Nusra_Tangi,You,4
WTKK,User_talk:Thor'sBrother,-1
User_talk:Thor'sBrother,UU,1
Estonia,User_talk:Thor'sBrother,-1
Wikipedia:Help_desk,Template:School-stub,-1
Template:School-stub,User_talk:Sdhajasdhjaskhjaskd,-1
Tropical_cyclone,User_talk:Wwwwwwwwnadadad,-1
User_talk:Wwwwwwwwnadadad,Insect,-1
Template:NCAA_Season_89_men's_basketball,Template:NCAA_Season_89_juniors'_basketball,2
Template:NCAA_Season_89_men's_basketball,Template:NCAA_Season_89_juniors'_basketball,2
Template:NCAA_Season_89_men's_basketball,Template:NCAA_Season_89_juniors'_basketball,2
Template:NCAA_Season_89_men's_basketball,Template:NCAA_Season_89_juniors'_basketball,2
Template:NCAA_Season_89_men's_basketball,Template:NCAA_Season_89_juniors'_basketball,2
Template:NCAA_Season_89_men's_basketball,Template:NCAA_Season_89_juniors'_basketball,2
Template:NCAA_Season_89_men's_basketball,User_talk:0909ki,-1
Little_Mix,James_Arthur_(singer),2
Detective,Wikipedia:Edit_filter/False_positives/Reports,-1
Pipes_(surname),"Gosan_Seowon,_Andong",5
Wikipedia:Articles_for_creation/Redirects/2010,Slender,-1
Slender,User_talk:Slenderchick,-1
User_talk:Slenderchick,Walter_de_Coutances,1
Walter_de_Coutances,User_talk:Yoe,-1
User_talk:Yoe,User:Slenderchick/UserProfileIntro,-1
User:Slenderchick/UserProfileIntro,User_talk:Slenderchick,-1
Egg,Egg_(disambiguation),1
K._Rajagopal,Mohd_Safiq_Rahim,2
Mohd_Safiq_Rahim,Mohd_Badhri_Mohd_Radzi,2
Mohd_Badhri_Mohd_Radzi,Khairul_Fahmi_Che_Mat,2
Khairul_Fahmi_Che_Mat,Faizal_Tahir,3
Faizal_Tahir,Dave_Days,4
Dave_Days,Cardiff_City_F.C.,3
Cardiff_City_F.C.,Kelantan_Football_Association,2
FIFA_(video_game_series),Electronic_Arts,1
Adventure_Time:_Hey_Ice_King!_Why'd_You_Steal_Our_Garbage?!,User:Ubercaden,-1
User:Ubercaden,User:Zntrip,-1
User:Zntrip,The_Legend_of_Zelda:_The_Wind_Waker,3
Mango,User:Discospinster,-1
Sonic_the_Hedgehog_(1991_video_game),Sonic_the_Hedgehog_2,1
User_talk:Cyphoidbomb,User_talk:Bonusballs,-1
User_talk:Bonusballs,User_talk:2013_Owner,-1
"Seal_Beach,_California",Yasiel_Puig,3
Yasiel_Puig,Buster_Posey,2
User_talk:Austjord,User:Austjord,-1
User_talk:LogX,User:LogX,-1
List_of_leaders_of_North_Korea,EastEnders,3
User:Church_of_India,User_talk:Church_of_India,-1
User:Church_of_India,User_talk:Church_of_India,-1
Augusto_Pinochet,User_talk:Burtreynolds69,-1
Michael_Nutter,Nick_Foles,3
Nuke,User_talk:Amcshane,-1
User_talk:Amcshane,Leukemia,1
A*_search_algorithm,User:Amcshane/sandbox,-1
User:Amcshane/sandbox,Abbotsford_Heat,-1
Bedrock,Brennan_(surname),5
User:Assason,Burj_Khalifa,-1
Burj_Khalifa,Iceberg,3
Iceberg,User_talk:Assason,-1
User_talk:Mark_Arsten,User_talk:DVdm,-1
User_talk:DVdm,User_talk:Chicken_Dickface,-1
User_talk:Chicken_Dickface,Ted_Wong,-1
Ted_Wong,User_talk:DVdm,-1
User_talk:DVdm,Peter_Campus,5
Peter_Campus,Reuben_Chesang,4
Reuben_Chesang,User_talk:XxVao,-1
Marcus_Junius_Brutus_the_Younger,"Los_Fresnos,_Texas",4
"Los_Fresnos,_Texas",Matamoros–Brownsville_Metropolitan_Area,1
Kanadukathan,Alma_River_(Crimea),4
Alma_River_(Crimea),User_talk:Pratyya_Ghosh,-1
Beshalach,National_Center_for_Geographic_Information_and_Analysis,4
National_Center_for_Geographic_Information_and_Analysis,Jefferson_nickel,3
George_Brown_(Canadian_politician),User:Blake19999/sandbox,-1
Holden,Greece_runestones,3
Greece_runestones,Sexual_harassment,3
No,Wikipedia:Assume_good_faith,4
Wikipedia:Assume_good_faith,What,5
Talk:China,Kazakhstan,2
Thigh,2013_Grand_Prix_motorcycle_racing_season,5
2013_Grand_Prix_motorcycle_racing_season,User_talk:Loki4545,-1
User:Angas04,Talk:Turtle,-1
Talk:Turtle,User:Angas04/sandbox,-1
User:Angas04/sandbox,Angas,-1
John_Ribot,Goychay_District,4
Goychay_District,Hybodontiformes,4
Hybodontiformes,Lifting_stone,4
Arthur_L._Liman,Fiber_optic_filter,-1
Fiber_optic_filter,David_Sommeil,5
Portrait_of_the_Duchess_of_Alba,Serendipaceratops,5
Serendipaceratops,Bozeman_Watch_Company,5
Bozeman_Watch_Company,Albert_Turnbull,-1
Albert_Turnbull,Now!_(Italy),5
Now!_(Italy),Steve_King,4
Steve_King,Persicula_persicula,5
Persicula_persicula,List_of_European_stadiums_by_capacity,3
Anglican_Diocese_of_Johannesburg,Damian_Lillard,4
Damian_Lillard,Clayton_Richard,4
Double_pendulum,User:Blackberry_Sorbet,-1
"Atlantic,_Iowa",User_talk:Cordellperson,-1
User:Mcarp20/sandbox,User_talk:Mcarp20/sandbox,-1
User_talk:Mcarp20/sandbox,Belarus,-1
Capitan_Tifus,Vaishnavism,3
Jennifer_Winget,Gautam_Rode,2
Gautam_Rode,Dani_Harmer,4
Fluffernutter,User_talk:Fluffernutter,-1
User_talk:Fluffernutter,Grumpy_Cat,5
Assassin's_Creed_(book_series),Tom_Daley,4
List_of_video_game_developers,Johnny_Appleseed,3
Tomb_of_the_Lizard_King,Editor_(disambiguation),4
Editor_(disambiguation),Change,5
Tomb_of_the_Lizard_King,User_talk:AnthonyGooser,-1
David_Moyes,Tottenham_Mandem,3
Olojo_festival,Wikipedia:Arbitration_Committee_Elections_December_2013,-1
Wikipedia:Arbitration_Committee_Elections_December_2013,Wikipedia_talk:Paid_editing_policy_proposal,-1
Sylvia_Earle,User:K-Shanky,-1
Jessie_Rogers,User_talk:ItsElGato,-1
User_talk:ItsElGato,User_talk:Thomas.W,-1
Jessie_Rogers,User_talk:ItsElGato,-1
User:Shadzar,Outback_Steakhouse,-1
Outback_Steakhouse,Talk:List_of_Rugrats_characters,-1
Tony_Hawk,Halo_4,3
Chicken_salad,User_talk:보건복지부,-1
Muddebihal,Hellenic_Federation_Of_Historic_Vehicles_Clubs_E.O.O.E.,-1
Hellenic_Federation_Of_Historic_Vehicles_Clubs_E.O.O.E.,Talk:Main_Page,-1
Talk:Main_Page,User_talk:Catsarefluffy,-1
Sam_Walton,List_of_Houston_rappers,4
Sahara,Deforestation_of_the_Amazon_rainforest,3
User_talk:Lee_Daniel_Crocker,Evolution,3
Evolution,User_talk:Eyesnore,-1
User_talk:Eyesnore,User:Eyesnore,-1
Erich_Paulun,User:Haltell/sandbox,-1
User:Haltell/sandbox,Chocolate_milk,-1
History_of_Papua_New_Guinea,Wikipedia:Sandbox,5
Wikipedia:Sandbox,Papua_New_Guinea,-1
Papua_New_Guinea,User_talk:Warmachinerox197,-1
The_Legend_of_Zelda:_The_Wind_Waker,User_talk:Derpaherpaderp1,-1
Public_toilet,User:Royce_bolton,-1
User:Royce_bolton,Wikipedia:Deletion_process,-1
Wikipedia:Deletion_process,Whassup?,6
Whassup?,Wikipedia:Deletion_process,5
Wikipedia:Deletion_process,User_talk:Royce_bolton,-1
"Veni,_vidi,_vici",Marcus_Junius_Brutus_the_Younger,2
"Garrison,_North_Dakota",Side_cap,4
Side_cap,Garry_Kasparov,3
Talk:Lil_Wayne,User_talk:Frans_Shikulo,-1
Alphabet,Mark_Gormley,4
Education_in_England,User:Huesy69er,-1
User:Huesy69er,Upper_Shirley_High_School,-1
Upper_Shirley_High_School,User_talk:Huesy69er,-1
International_School_of_the_Gothenburg_Region,Wikipedia:IP_block_exemption,5
Orchestra,User_talk:Jsprocks101,-1
User_talk:Jsprocks101,Oboes_in_popular_music,-1
Oboes_in_popular_music,User_talk:Jsprocks101,-1
User_talk:Jsprocks101,User:Jsprocks101,-1
User:Jsprocks101,International_School_of_the_Gothenburg_Region,-1
International_School_of_the_Gothenburg_Region,User:Jsprocks101,-1
User:Jsprocks101,Mölndal,-1
Mölndal,User:Jsprocks101,-1
User:Jsprocks101,International_School_of_the_Gothenburg_Region,-1
International_School_of_the_Gothenburg_Region,Talk:International_School_of_the_Gothenburg_Region,-1
Talk:International_School_of_the_Gothenburg_Region,Howarth_of_London,-1
Next_United_Kingdom_general_election,User_talk:Jsprocks101,-1
User_talk:Jsprocks101,Next_United_Kingdom_general_election,-1
Next_United_Kingdom_general_election,User_talk:Jsprocks101,-1
User_talk:Jsprocks101,Talk:Next_United_Kingdom_general_election,-1
Talk:Next_United_Kingdom_general_election,Shoplifting,4
International_School_of_the_Gothenburg_Region,Talk:International_School_of_the_Gothenburg_Region,-1
Talk:International_School_of_the_Gothenburg_Region,Stena_Line,-1
Stena_Line,User_talk:Jsprocks101,-1
User_talk:Jsprocks101,Codsall_Community_High_School,-1
Archimedes,Talk:Fraser_Island,-1
Talk:Fraser_Island,Lady_Agatha_Russell,5
Lady_Agatha_Russell,Talk:Fraser_Island,-1
Talk:Fraser_Island,Talk:National_Security_Agency,5
Talk:National_Security_Agency,Troye_Sivan,5
Troye_Sivan,Franz_Martin_Hilgendorf,4
Franz_Martin_Hilgendorf,Jacob_Perkins,4
Jacob_Perkins,User_talk:Jsprocks101,-1
User_talk:Jsprocks101,Blaise_Pascal,-1
Napoleon,Franz_Martin_Hilgendorf,3
Franz_Martin_Hilgendorf,User_talk:Jsprocks101,-1
User_talk:Jsprocks101,Napoleon,-1
Napoleon,User:Potatoface6969,-1
User:Potatoface6969,User:TheUberTitties69,-1
User:TheUberTitties69,User_talk:TheUberTitties69,-1
User_talk:TheUberTitties69,User_talk:Jsprocks101,-1
George_Stephanopoulos,User:Epicgenius,-1
Al-Mazeedi,Talk:Unicorn_(disambiguation),-1
Talk:Unicorn_(disambiguation),Portal:History/Featured_biography/18,-1
Portal:History/Featured_biography/18,Invisible_Pink_Unicorn,-1
Ham,Shinee,3
Shinee,Obsidian,3
Obsidian,Shinee,4
Shinee,Big_Banana,4
L'Idéal_Cinéma_Jacques_Tati,Enterprise_Engine,5
Enterprise_Engine,"Killeen,_Texas",3
Death_of_Ian_Tomlinson,Michael_Gove,2
Michael_Gove,State_of_Florida_v._George_Zimmerman,3
Let_My_Puppets_Come,Ginger_Cow,4
Ginger_Cow,"Let_Go,_Let_Gov",2
"Let_Go,_Let_Gov",Informative_Murder_Porn,2
Informative_Murder_Porn,Goth_Kids_3:_Dawn_of_the_Posers,2
Goth_Kids_3:_Dawn_of_the_Posers,Out_of_the_Furnace,4
Out_of_the_Furnace,User_talk:CanadianLinuxUser,-1
User_talk:CanadianLinuxUser,Homefront_(film),6
Homefront_(film),Harry_Potter_action_figures,4
Harry_Potter_action_figures,Talk:Rugrats,4
Talk:Rugrats,User_talk:CanadianLinuxUser,-1
User_talk:CanadianLinuxUser,User:Flarn2006/Design_2,-1
User:Flarn2006/Design_2,Talk:Inside_Llewyn_Davis,-1
Talk:Inside_Llewyn_Davis,Made_in_America_(The_Sopranos),4
Edward_Snowden,User_talk:ImBackHerobrine,-1
Terrestrial_planet,Universe_Sandbox,3
Dragon_Ball_Z,Wikipedia:Sandbox,4
Wikipedia:Sandbox,User_talk:Flyer22,-1
The_Replacements_(TV_series),Rated_A_for_Awesome,3
Rated_A_for_Awesome,Storm_Hawks,2
Storm_Hawks,League_of_Super_Evil,1
League_of_Super_Evil,Perozes,4
Perozes,ChalkZone,4
Invader_Zim,"Middle_Melford,_Nova_Scotia",5
"Middle_Melford,_Nova_Scotia",Hypleurochilus_caudovittatus,6
Hypleurochilus_caudovittatus,Catscratch,4
Dave_the_Barbarian,Root_ball,4
Root_ball,Waves_Audio,5
Dorothy_Fosdick,Kick_Buttowski:_Suburban_Daredevil,3
Bill_Struth,User_talk:Escape_Orbit,-1
List_of_soccer_clubs_in_Australia,Conference_Premier,3
List_of_Artemis_Fowl_characters,User_talk:Dirtboy_13,-1
West_Parley,User_talk:Bobsheldon17,-1
"Billerica,_Massachusetts",Marina_and_the_Diamonds,3
Marina_and_the_Diamonds,"Lemont,_Illinois",3
"Lemont,_Illinois",McBusted,4
User:MarcAlexanderReed,Sadistic_personality_disorder,-1
Patty,Tytherington_School,4
Tytherington_School,Peppa_Pig,3
Mason_Mingus,Lucy_(Australopithecus),3
Lucy_(Australopithecus),Jacques_Schmidt,4
Jacques_Schmidt,Tualatin_River,4
SunCruz_Aquasino,Khare,-1
Khare,Animal_X_(TV_series),4
History_of_Europe,Epic_Rap_Battles_of_History,3
Gallic_Wars,User_talk:Bubbalegos,-1
Owen_Farrell,James_Hook_(rugby_union),2
American_Cream_Draft,KKK_Bosna,5
KKK_Bosna,Iraq,3
Satanism,User_talk:Babynutsmcgee,-1
Singh_Saab_the_Great,Talk:R..._Rajkumar,-1
Talk:R..._Rajkumar,Goliyon_Ki_Raasleela:_Ram-Leela,-1
Goliyon_Ki_Raasleela:_Ram-Leela,Rajjo,3
Rajjo,Satya_2,4
Satya_2,Insidious:_Chapter_2,4
Romain_Weingarten,User:Gregdavis1,-1
User:Gregdavis1,Robert_Clift,-1
Robert_Clift,User_talk:Gregdavis1,-1
User_talk:Gregdavis1,User:Gregdavis1,-1
User:Gregdavis1,Giorgi_Margvelashvili,-1
Giorgi_Margvelashvili,Hakimullah_Mehsud,4
Hakimullah_Mehsud,"Lobt_ihn_mit_Herz_und_Munde,_BWV_220",4
"Lobt_ihn_mit_Herz_und_Munde,_BWV_220",Michael_Owen,4
Michael_Owen,"Lobt_ihn_mit_Herz_und_Munde,_BWV_220",4
"Lobt_ihn_mit_Herz_und_Munde,_BWV_220",Michael_Owen,4
Whaley_Bridge,"Lobt_ihn_mit_Herz_und_Munde,_BWV_220",4
"Lobt_ihn_mit_Herz_und_Munde,_BWV_220",Michael_Owen,4
Michael_Owen,"Lobt_ihn_mit_Herz_und_Munde,_BWV_220",4
"Lobt_ihn_mit_Herz_und_Munde,_BWV_220",Chapel-en-le-Frith_High_School,4
Chapel-en-le-Frith_High_School,Stockport_Grammar_School,2
Stockport_Grammar_School,Chapel-en-le-Frith_High_School,3
Chapel-en-le-Frith_High_School,New_Mills,2
Stockport_Grammar_School,Chapel-en-le-Frith_High_School,3
Chapel-en-le-Frith_High_School,Stockport_Grammar_School,2
Stockport_Grammar_School,Chapel-en-le-Frith_High_School,3
Chapel-en-le-Frith_High_School,Stockport_Grammar_School,2
BlackBerry_Messenger,Yeovil,4
Instituto_San_Roberto,Shay_Mitchell,4
Lucas_Piazon,Romelu_Lukaku,2
Romelu_Lukaku,Juho_Annala,4
Dan_Norton,Beitstadfjorden,-1
Beitstadfjorden,Krępsko,5
Krępsko,User_talk:Scottmeredith82,-1
User_talk:Scottmeredith82,List_of_Playboy_Playmates_of_1980,5
List_of_Playboy_Playmates_of_1980,List_of_counties_in_Hawaii,3
Talk:PewDiePie,User:ZappaOMati,-1
Mali_Empire,Legends_Outlets_Kansas_City,4
User_talk:Whenidiepissonmytombstone,User_talk:MelbourneStar,-1
International_Christian_School_(Uijongbu),AdventureQuest_Worlds,5
AdventureQuest_Worlds,Pokémon_X_and_Y,3
Pokémon_X_and_Y,Urban_Terror,3
Lava_lamp,User:Anonnnn123,-1
Bobby_Rainey,Lamar_Miller,2
Bobby_Rainey,Lamar_Miller,2
Samuel_Shrimski,True_Love,4
Cotton_swab,User_talk:Buscus0987654321,-1
Kim_Ojo,Kim_Shin-wook,3
Kim_Shin-wook,Ben_Wharton,5
Fox_Sports,Fox_Sports_Networks,1
Fox_Sports_Networks,Fox_Sports_Arizona,1
User_talk:Asukite,User_talk:Regular-bypasser,-1
Alex_Cuthbert,George_North,2
George_North,Paul_O'Connell,2
Gulakai_Kot_(Shergol_Kot),The_Road_to_Camlann,5
The_Road_to_Camlann,List_of_places_in_Arizona_(H–O),6
List_of_places_in_Arizona_(H–O),David_Marques,5
Oedipus_rex_(opera),Danger_Run,5
Burqa,5,4
Faith,User_talk:Babsbab,-1
Wachtebeke,User_talk:Frederik_is_groot,-1
User_talk:Frederik_is_groot,User_talk:EvergreenFir,-1
Talakayan_Ng_Bayan,Trap,5
Yeshivat_Nahariya,Sfera_(satellite),4
Sfera_(satellite),Emerald_Awards,6
Emerald_Awards,Simandhar_Swami,4
Simandhar_Swami,Asia-Pacific,4
User:EpicBean36/sandbox,Bristol_Brunel_Academy,-1
S.M._Entertainment,User_talk:대한거나,-1
Jawed_Karim,John_Treloar_(museum_administrator),4
Louis_C.K.,User_talk:Flarn2006,-1
John_Treloar_(museum_administrator),Cheez_Whiz,4
John_Treloar_(museum_administrator),Spencer_Rice,4
Morgan_Freeman_filmography,Romeo_and_Juliet,3
Breakfast_at_Tiffany's_(film),Man_of_Steel_(film),3
Uncle_Ben,User:I_ate_people_and_you/sandbox,-1
"Kempsey,_New_South_Wales",User_talk:C.Fred,-1
Electric_toothbrush,User_talk:Bkchristmann,-1
Fifth_Harmony,Teala_Dunn,4
Robert_Eberhard_Launitz,Michael_F._Holick,5
Michael_F._Holick,Penkun,4
Penkun,"Qeshlaq,_Kermanshah",5
"Qeshlaq,_Kermanshah",Andreas_Hofgaard_Winsnes,5
Andreas_Hofgaard_Winsnes,Blue_Cave_(Kastellorizo),5
Blue_Cave_(Kastellorizo),John_Willson,5
John_Willson,Aplectana,5
Aplectana,TSV_Rain_am_Lech,6
TSV_Rain_am_Lech,Bangarang_(EP),5
Bangarang_(EP),Swan_Valley_Anglican_Community_School,5
Swan_Valley_Anglican_Community_School,Milane_Frantz,6
Milane_Frantz,I_Cesaroni,6
I_Cesaroni,House_of_Saraka,4
House_of_Saraka,Cecil_Cook_(Australia),4
Cecil_Cook_(Australia),C.I.D._Nazir,5
C.I.D._Nazir,Elizabeth_II,3
Esther_Abrahams,Blood_Ties_(Diagnosis:_Murder),5
Eric,Kelsey_(song),4
Alex_Cuthbert,Leigh_Halfpenny,2
Alex_Cuthbert,Adam_Rhys_Jones,2
"Cromwell,_California",Dragon's_Lair_(1990_video_game),5
Dragon's_Lair_(1990_video_game),ChalkZone,3
All_Grown_Up!,Ayas_Mehmed_Pasha,4
Ayas_Mehmed_Pasha,Simon_O'Neill,4
Simon_O'Neill,Myristica_brachypoda,5
Myristica_brachypoda,Paul_Frank_Baer,5
Paul_Frank_Baer,"Świerczynek,_Masovian_Voivodeship",5
Dove_Cameron,Skai_Jackson,3
Skai_Jackson,Karan_Brar,2
Moorti_Persaud,User:Samanthaoffical,-1
Moorti_Persaud,Zee_Rishtey_Awards,2
Moorti_Persaud,Hitler_Didi,1
Swamp,User_talk:Alexman25,-1
User:Matman55555,Running,-1
Emilio_Izaguirre,Robert_McHugh,2
Doug_Gottlieb,Anthony_Davis_(basketball),2
Anthony_Davis_(basketball),J._J._Redick,2
J._J._Redick,Andrew_Wiggins,2
Andrew_Wiggins,John_Wall_(basketball),2
Vaginal_bleeding,User:Rich_Smith/guestbook,-1
Missionary_Lake,"Costa_Rica,_Sinaloa",4
"Costa_Rica,_Sinaloa",Talk:Costa_Rica,-1
Gold_Dust_Woman,Hypnotized_(Fleetwood_Mac_song),2
Hypnotized_(Fleetwood_Mac_song),Sara_(Fleetwood_Mac_song),2
Sara_(Fleetwood_Mac_song),Christine_McVie,1
Stevie_Nicks,List_of_songs_considered_the_best,3
List_of_songs_considered_the_best,User:1cruisefan/sandbox,-1
User:1cruisefan/sandbox,Buckingham_Nicks,1
Buckingham_Nicks,User:1cruisefan/sandbox,-1
User:1cruisefan/sandbox,Over_My_Head_(Fleetwood_Mac_song),2
Rhiannon_(song),Say_You_Love_Me,2
Say_You_Love_Me,The_Dance_(Fleetwood_Mac_album),2
The_Dance_(Fleetwood_Mac_album),I'm_So_Afraid,1
I'm_So_Afraid,Dreams_(Fleetwood_Mac_song),2
Don't_Stop_(Fleetwood_Mac_song),In_Your_Dreams_(album),2
In_Your_Dreams_(album),The_Soundstage_Sessions,2
The_Soundstage_Sessions,Crystal_Visions_–_The_Very_Best_of_Stevie_Nicks,2
Crystal_Visions_–_The_Very_Best_of_Stevie_Nicks,Trouble_in_Shangri-La,2
Bandlamudi_Subba_Rao,User:Choudhury1234,-1
Happy_Tree_Friends,User:KillerChihuahua/barnstars,-1
User:KillerChihuahua/barnstars,User:KillerChihuahua/Sandbox,-1
User:KillerChihuahua/Sandbox,User_talk:Happytreefriendsdumb,-1
"Garrison,_New_York",User:Garrisonn,-1
Perineum,User_talk:Ireinbgieni,-1
User_talk:Ireinbgieni,Wikipedia:Edit_filter/False_positives/Reports,-1
Neil_Young,I'm_a_Celebrity...Get_Me_Out_of_Here!,3
I'm_a_Celebrity...Get_Me_Out_of_Here!,5:2_diet,4
Thirty_Years'_War,User_talk:Earl_Throg,-1
Billy_Fitchford,Demographics_of_Vietnam,4
Demographics_of_Vietnam,Yitzhak_Yitzhaky_(politician_born_1936),5
Yitzhak_Yitzhaky_(politician_born_1936),User:Twinklebut1234,-1
User:Twinklebut1234,"Clarence_S._Clay,_Jr.",-1
"Clarence_S._Clay,_Jr.",User_talk:Twinklebut1234,-1
Susan_B._Anthony,User_talk:Satellizer,-1
Jussi_Jokinen,Le_Sers_Airfield,5
Le_Sers_Airfield,KZ900,3
Southwest_Border_Security_Consortium,Pneumatic_refuse_conveying_system,4
McCarren_Park,2012_African_Championships_in_Athletics_–_Women's_discus_throw,5
2012_African_Championships_in_Athletics_–_Women's_discus_throw,User:Rollingboy17,-1
User:Rollingboy17,Shane_and_Friends,-1
Juanita_High_School,User_talk:Bbb23,-1
Juanita_High_School,User_talk:Dontbeastranger,-1
Juanita_High_School,User_talk:Dontbeastranger,-1
Juanita_High_School,User_talk:Dontbeastranger,-1
Wikipedia:Articles_for_deletion/Log/2013_November_6,Wikipedia:Articles_for_deletion/RNS_string_theory,-1
Wikipedia:Articles_for_deletion/RNS_string_theory,.se,-1
Lul,User:ReferencesAreImportant,-1
City,User:BoltonSM3,-1
User:BoltonSM3,User_talk:Doodlsn10gl,-1
User_talk:Doodlsn10gl,A_Child_of_Our_Time,1
A_Child_of_Our_Time,User_talk:ClueBot_Commons,-1
User_talk:ClueBot_Commons,A_Child_of_Our_Time,-1
A_Child_of_Our_Time,User_talk:Cobi,-1
User_talk:Cobi,User:BoltonSM3,-1
Latrodectus,User_talk:Earl_throgmorton,-1
"Rova,_Domžale",Nora_(name),4
Nora_(name),Human_overpopulation,3
Human_overpopulation,John_Frusciante,3
Naruto_Shippuden:_Legends:_Akatsuki_Rising,List_of_Tekken_characters,3
List_of_Tekken_characters,Talk:List_of_Ben_10_villains,4
Talk:List_of_Ben_10_villains,List_of_Tekken_characters,-1
List_of_Tekken_characters,Grand_Theft_Auto_(series),2
Grand_Theft_Auto_(series),List_of_Tekken_characters,3
List_of_Tekken_characters,Grand_Theft_Auto_(series),2
Jeffrey_Parazzo,User_talk:Deepak_Raj_at_the_XY_Foundation,-1
List_of_WWE_Intercontinental_Champions,List_of_current_champions_in_TNA_Wrestling,2
List_of_current_champions_in_TNA_Wrestling,List_of_current_champions_in_WWE,1
MVaaS,User_talk:Ford.haynes,-1
MVaaS,User_talk:Ford.haynes,-1
Carlos_González_(basketball),Alan_Murphy,5
Alan_Murphy,Scolecenchelys_puhioilo,6
Scolecenchelys_puhioilo,Prunus_subglabra,5
Prunus_subglabra,Singing_in_the_Dark,5
Singing_in_the_Dark,My_Scene_Goes_Hollywood,4
Aidan_Downes,Gever_Tulley,5
Gever_Tulley,Talk:Gever_Tulley,-1
Talk:Gever_Tulley,Trechus_lallemantii,-1
Trechus_lallemantii,Tim_Spencer_(singer),5
Tim_Spencer_(singer),Simon_Addo,5
"Tuscany-Canterbury,_Baltimore","Hesar,_Sarab",5
"Hesar,_Sarab",ChalkZone,5
The_Fairly_OddParents,Talk:The_Fairly_OddParents,1
Talk:The_Fairly_OddParents,"Piaski,_Świecie_County",-1
All_Grown_Up!,Neohelix_divesta,6
Neohelix_divesta,Housatonic_Range_Trail,5
Housatonic_Range_Trail,List_of_programs_broadcast_by_Nickelodeon,4
List_of_programs_broadcast_by_Nickelodeon,List_of_programs_broadcast_by_Nicktoons,1
List_of_programs_broadcast_by_Nicktoons,List_of_programs_broadcast_by_TeenNick,1
List_of_programs_broadcast_by_TeenNick,Aquilair_Swing,5
Aquilair_Swing,Rudy_Got_A_Chalk,4
Rudy_Got_A_Chalk,David_McAllister_(dancer),4
David_McAllister_(dancer),Talk:David_McAllister_(dancer),-1
Talk:David_McAllister_(dancer),Qore_(PlayStation_Network),-1
Scutinanthe,Talk:Scutinanthe,-1
Talk:Scutinanthe,User:TrelocKidding,-1
User:TrelocKidding,User_talk:TrelocKidding,-1
User_talk:TrelocKidding,Yao_language_(Trinidad),-1
Yao_language_(Trinidad),The_Adventures_of_Star_Saver,6
The_Adventures_of_Star_Saver,Talk:The_Adventures_of_Star_Saver,-1
Talk:The_Adventures_of_Star_Saver,Payam_Zamani,-1
Payam_Zamani,Japan_Air_Transport,4
The_Replacements_(TV_series),Kick_Buttowski:_Suburban_Daredevil,2
Kick_Buttowski:_Suburban_Daredevil,"Wilków,_Opole_Lubelskie_County",5
"Wilków,_Opole_Lubelskie_County",Eliot_Kid,5
Eliot_Kid,"Dude,_That's_My_Ghost!",4
"Dude,_That's_My_Ghost!",Wayside_(TV_series),3
Cyanoacetylene,Talk:Cyanoacetylene,-1
Talk:Cyanoacetylene,"Jeffery_Amherst,_1st_Baron_Amherst",-1
"Jeffery_Amherst,_1st_Baron_Amherst",Catchfrench,5
Catchfrench,Yuhi_(wrestler),5
Yuhi_(wrestler),Talk:Yuhi_(wrestler),-1
Talk:Yuhi_(wrestler),Altstadt_Salzburg,-1
Altstadt_Salzburg,Michael_F_Smith,4
Michael_F_Smith,Talk:Michael_F_Smith,-1
Talk:Michael_F_Smith,Finland_women's_national_rugby_union_team,5
Finland_women's_national_rugby_union_team,User:TrelocKidding,-1
User:TrelocKidding,Per_Il_Volo_Top_80,-1
Per_Il_Volo_Top_80,Vodëz,5
Vodëz,Vengaboys,4
Vengaboys,VVV-Venlo_(women),4
VVV-Venlo_(women),Cometa_(HVDC),5
Cometa_(HVDC),Chowder_(TV_series),3
Deuterostome,User:TrelocKidding/Automatic_taxonomy,-1
User:TrelocKidding/Automatic_taxonomy,User:TrelocKidding/Taxobox,-1
User:TrelocKidding/Taxobox,Filozoa,-1
Filozoa,Holozoa,2
Holozoa,Opisthokont,2
Eukaryote,Template:Taxonomy/Conosa,3
Template:Taxonomy/Conosa,Template:Taxonomy/Amoebozoa,-1
Template:Taxonomy/Amoebozoa,Template:Taxonomy/Bikonta,-1
Template:Taxonomy/Bikonta,Template:Taxonomy/VII,-1
Template:Taxonomy/VII,Template:Taxonomy/Hepadnaviridae,-1
Template:Taxonomy/Hepadnaviridae,Template:Taxonomy/Glires,-1
Template:Taxonomy/Glires,Template:Taxonomy/Lagomorpha,-1
Template:Taxonomy/Lagomorpha,User_talk:TrelocKidding,-1
Trombone,Uncle_Grandpa,4
Uncle_Grandpa,Ames_Nowell_State_Park,4
Talk:Halo_(series),Gillotts_School,4
Gillotts_School,User_talk:Aleksa_Lukic,-1
User_talk:Aleksa_Lukic,Highdown_School,4
Highdown_School,User_talk:Gogo_Dodo,-1
User_talk:Gogo_Dodo,User_talk:River34,-1
User_talk:River34,User:Trevj,-1
User:Trevj,User_talk:River34,-1
Harringay_Online,Kronberg_(mountain),5
Kronberg_(mountain),Ari_Cohen,5
Ari_Cohen,The_Agreement_on_Strategic_Partnership_and_Mutual_Support,4
The_Agreement_on_Strategic_Partnership_and_Mutual_Support,Draco_Malfoy,4
Draco_Malfoy,Pöpel,5
Pöpel,Ken_Goldberg,5
Orange,Talk:Computer,-1
Maltesers,User:Iamawalkingdictionary,-1
"Berlin,_Massachusetts",User_talk:149.119.224.108,-1
User_talk:149.119.224.108,County_of_Tripoli,-1
County_of_Tripoli,User_talk:99.117.42.176,-1
User_talk:99.117.42.176,Wikipedia:Administrator_intervention_against_vandalism,4
Wikipedia:Administrator_intervention_against_vandalism,User_talk:Alon_Calinao_Dy,-1
User_talk:Alon_Calinao_Dy,"Collierville,_Tennessee",5
"Collierville,_Tennessee",User_talk:Jwhite0316,-1
User_talk:Jwhite0316,Talk:Major_depressive_disorder,-1
Talk:Major_depressive_disorder,Gary_Miller,-1
Gary_Miller,User_talk:CFredkin,-1
User_talk:CFredkin,User_talk:172.7.220.74,-1
User_talk:172.7.220.74,Mende_people,5
Mende_people,User_talk:205.122.10.76,-1
User_talk:205.122.10.76,User_talk:78.146.73.108,-1
User_talk:78.146.73.108,User_talk:184.170.114.126,-1
User_talk:184.170.114.126,Sgt._Pepper's_Lonely_Hearts_Club_Band,4
Gary_Miller,User_talk:A_Goblet_and_Two_Maidens,-1
User_talk:A_Goblet_and_Two_Maidens,Talk:Major_depressive_disorder,-1
Talk:Major_depressive_disorder,List_of_oldest_dogs,-1
List_of_oldest_dogs,Christina_Fallin,4
Christina_Fallin,User_talk:99.162.10.0,-1
User_talk:99.162.10.0,Varg_Vikernes,-1
Varg_Vikernes,User_talk:186.145.177.126,-1
User_talk:186.145.177.126,User_talk:24.79.100.166,-1
User_talk:24.79.100.166,Costco,1
Costco,User_talk:173.196.15.29,-1
User_talk:173.196.15.29,Fez_Whatley,5
Fez_Whatley,User_talk:98.222.142.169,-1
User_talk:98.222.142.169,Wikipedia:Requests_for_page_protection,5
Wikipedia:Requests_for_page_protection,Hangaroa_River,5
Hangaroa_River,Ronald_O._Perelman_Heart_Institute,5
Ronald_O._Perelman_Heart_Institute,Amir_ElSaffar,5
Coteaux_Champenois_AOC,User_talk:Justinc,-1
User_talk:Justinc,Good_Vibes:_Remixes,5
Good_Vibes:_Remixes,Maurice_Bellemare,5
Maurice_Bellemare,User_talk:CanadianLinuxUser,-1
User_talk:CanadianLinuxUser,Thomas_Lloyd_Bell,7
Thomas_Lloyd_Bell,User_talk:CanadianLinuxUser,-1
User_talk:CanadianLinuxUser,Jack_Charles_(actor),6
Jack_Charles_(actor),Wikipedia:Administrator_intervention_against_vandalism,5
Wikipedia:Administrator_intervention_against_vandalism,Hatt,6
Garbage_Pail_Kids,Talk:Mirror_test,5
Talk:Mirror_test,Iron_Man,4
Tony_Little,Billy_Banks_(singer),4
Billy_Banks_(singer),Victoria_Day,3
User:FutureMayor1,Wikipedia_talk:No_paid_advocacy,-1
Wikipedia_talk:No_paid_advocacy,User_talk:FutureMayor1,-1
User_talk:FutureMayor1,St._Francis_Xavier_Secondary_School_(Mississauga),5
St._Francis_Xavier_Secondary_School_(Mississauga),User_talk:FutureMayor1,-1
Peckham,Achanak_(band),4
Achanak_(band),Vatici,6
Henri_Rousseau,User_talk:Isabellaseth,-1
User_talk:Isabellaseth,User:Isabellaseth,-1
User:Isabellaseth,User_talk:Isabellaseth,-1
Constant_elasticity_of_transformation,User_talk:Ashfanmemehasmultiplemeanings,-1
Heart,Adam_Thomas,4
Adam_Thomas,Fast_food,3
Fast_food,User:Madmanad15,-1
Best_Song_Ever_(song),YOLO_(song),3
YOLO_(song),User:Liam_Dennis_is_awesome,-1
User:Liam_Dennis_is_awesome,YOLO_(song),-1
YOLO_(song),User:Liam_Dennis_is_awesome,-1
User:MySceneFan101,User_talk:MySceneFan101,-1
User_talk:MySceneFan101,User_talk:Njol,-1
User_talk:Njol,User_talk:MySceneFan101,-1
User_talk:MySceneFan101,Wikipedia:Administrator_intervention_against_vandalism,-1
Wikipedia:Administrator_intervention_against_vandalism,User_talk:MySceneFan101,-1
"Tully,_Queensland",User_talk:Danielbrah,-1
Fabulous,Little_Mix,3
San_Ramon_Valley_High_School,Shelu_railway_station,5
Shelu_railway_station,Vehicle_registration_plates_of_Nigeria,5
Vehicle_registration_plates_of_Nigeria,Windmills_(Rick_Roberts_album),5
Windmills_(Rick_Roberts_album),Diagonal_magic_cube,6
Enter_the_Wu-Tang_(36_Chambers),Josh_Chomik,4
Josh_Chomik,User_talk:Patrice_chomik,-1
Second_Epistle_to_the_Thessalonians,User:Onetroller123,-1
User:Onetroller123,Urban_Dictionary,-1
Thomas_Madison,User:Historygeek1492,-1
El_Chavo_del_Ocho,Mastododera_jansoni,7
Mastododera_jansoni,"Qalat,_Bahmai",5
"Qalat,_Bahmai",José_de_Jesús_Corona,4
A_Riot_of_Goldfish,Sauerbrey_equation,5
Sauerbrey_equation,Lucha_Britannia,5
Lucha_Britannia,Ibrahima_Baldé,4
Ibrahima_Baldé,William_B._Slaughter,5
William_B._Slaughter,Michal_Hipp,4
Michal_Hipp,Marcus_Dixon,4
Human_body,User_talk:Slimyduck,-1
Humboldt_penguin,User_talk:John_P_Crapper,-1
Border_Collie,Wikipedia:Edit_filter/False_positives/Reports,-1
Wikipedia:Edit_filter/False_positives/Reports,Arthropod,3
Arthropod,User:Watchmewalkaway,-1
Martian_Manhunter,User:TheBatmanWikier,-1
User:TheBatmanWikier,Detective_Comics,2
Ponorogo_Regency,"Gainesville,_Florida",4
"Gainesville,_Florida",P._K._Yonge_Developmental_Research_School,1
P._K._Yonge_Developmental_Research_School,P._K._Yonge,1
P._K._Yonge,P._K._Yonge_Developmental_Research_School,1
P._K._Yonge_Developmental_Research_School,User:Austin_Halvosa,-1
User:Austin_Halvosa,User_talk:Ishdarian,-1
User_talk:Ishdarian,P._K._Yonge_Developmental_Research_School,3
P._K._Yonge_Developmental_Research_School,User_talk:Ishdarian,-1
Brittany_Spears,Pitch_Perfect,3
Pitch_Perfect,Transmission_tower,3
User:Ran_ran_ruu,Kitty_Pryde,-1
Kitty_Pryde,Psylocke_in_other_media,2
Psylocke_in_other_media,Kitty_Pryde,2
Category:Wikipedia_bot_owners,Virginia_Statute_for_Religious_Freedom,-1
Virginia_Statute_for_Religious_Freedom,Category:2013,5
Category:2013,MTV_Music_(Italy),-1
MTV_Music_(Italy),List_of_historical_anniversaries,4
List_of_historical_anniversaries,User_talk:Andrewlyly,-1
User_talk:Andrewlyly,User:Vincentvandermarck,-1
User:Vincentvandermarck,User_talk:Faizanalivarya,-1
User_talk:Faizanalivarya,List_of_fast_food_restaurant_chains,4
List_of_fast_food_restaurant_chains,User:Andrewlyly,-1
User:Andrewlyly,List_of_United_Nations_peacekeeping_missions,-1
Mobile_phone,2012_Munich_artworks_discovery,4
Thirty_Years'_War,User_talk:Moomoo123456789000,-1
User:Sethjajack,Gemini_Observatory,-1
MSNBC,NBCNews.com,1
NBCNews.com,ESPN,3
Centers_for_Disease_Control_and_Prevention,Talk:Car,-1
Talk:Car,Seed,3
Seed,Talk:Car,-1
Talk:Car,Danger/Disease_Control,6
Danger/Disease_Control,Talk:Car,-1
Talk:Car,People,3
Guitar_Hero_III:_Legends_of_Rock,Call_of_Duty:_Ghosts,2
Alvah_Curtis_Roebuck,User_talk:G33KF4C3!_=-047r,-1
Kids'_Lit_Quiz,Take_Me_Home_Tour_(One_Direction),4
Take_Me_Home_Tour_(One_Direction),Up_All_Night_Tour,2
Jake_King,G22_Qingdao–Lanzhou_Expressway,4
G22_Qingdao–Lanzhou_Expressway,"Osetno,_Podlaskie_Voivodeship",5
MaggieMoo's_Ice_Cream_and_Treatery,Kick_Buttowski:_Suburban_Daredevil,4
Kick_Buttowski:_Suburban_Daredevil,Chiapan_climbing_rat,4
Chiapan_climbing_rat,Mammal,2
Groove_FM,Talk:Groove_FM,-1
Talk:Groove_FM,User_talk:GelocKidding,-1
Mace_(company),User_talk:Lukebradford93,-1
Jennifer_Stone,María_Canals_Barrera,2
María_Canals_Barrera,G._Hannelius,3
Patient_Protection_and_Affordable_Care_Act,Clinton,3
"Tyrone,_Pennsylvania",User_talk:Brendanhulla,-1
Beulah_Hubbard_High_School,"Little_Rock,_Mississippi",1
George_Meade,Chris_B._Fox,6
African_National_Congress,Yesh_Atid,3
Tarantula,Doug_Martin_(running_back),4
Doug_Martin_(running_back),Bob_Sanders,3
Collide_with_the_Sky,George_Bush_Intercontinental_Airport,3
User:Footballfan169,Talk:Men's_rights_movement,-1
Talk:Men's_rights_movement,Hasil_Bizenjo,4
Hasil_Bizenjo,Salamanca_Press,5
Salamanca_Press,List_of_Painkiller_Jane_episodes,6
List_of_Painkiller_Jane_episodes,Jody_Trautwein,-1
Jody_Trautwein,Kamarkundu,5
Kamarkundu,1992_Cairo_earthquake,5
1992_Cairo_earthquake,Love_in_vein,-1
User:Footballfan169,User:EvergreenFir,-1
User:EvergreenFir,Category:User_ja-2,-1
Category:User_ja-2,NRJ_Music_Awards_2009,-1
NRJ_Music_Awards_2009,User_talk:EvergreenFir,-1
Service_dog,User:Igazori510,-1
User:Igazori510,User:Igazori510/sandbox,-1
User_talk:Dave1185,User_talk:BilCat,-1
Talk:Deer,User_talk:Lord_Of_Derp,-1
Kim_Ojo,Adnan_Januzaj,3
Adnan_Januzaj,User_talk:TheBloondeOne,-1
User_talk:TheBloondeOne,Adebayo_Akinfenwa,4
2012_Formula_One_season,Ashley_Young,2
Nani,David_de_Gea,2
David_de_Gea,Nani,2
Chestermere_High_School,Chestermere,1
User:Ziahlao/sandbox,Roller_coaster,-1
Roller_coaster,User_talk:Regiquaza_Jiroxy,-1
User:DeBunnsAGlory/sandbox,Tire,-1
Burnley_F.C.,2012–13_Blackburn_Rovers_F.C._season,2
Arsenal_F.C.,User:WilfredTheSheep,-1
Celebrity,User:Sickskier93/sandbox,-1
User:Sickskier93/sandbox,User:Sickskier93,-1
Diljit_Dosanjh,H-Dhami,3
Diljit_Dosanjh,H-Dhami,3
Liberalism_in_Portugal,User_talk:Fluffernutter,-1
User_talk:Fluffernutter,User_talk:AAABBBOOOVVV,-1
User_talk:AAABBBOOOVVV,Wikipedia:The_Wikipedia_Adventure,-1
Chile,Bradley_Fletcher,4
Bradley_Fletcher,Patrick_Chung,3
Patrick_Chung,Jason_Phillips_(linebacker),3
Jason_Phillips_(linebacker),Michael_Carter-Williams,3
User:KristyVan,User:Norwikian,-1
Patient_Protection_and_Affordable_Care_Act,Assassination_threats_against_Barack_Obama,2
Template:LGBT_rights_table_Africa,Special_education,3
Dean_Whitehead,Yaya_Sanogo,2
Yaya_Sanogo,"Michael_Keane_(footballer,_born_1993)",3
"Michael_Keane_(footballer,_born_1993)",Eric_Djemba-Djemba,3
Lao_Airlines_Flight_301,Dana_Air_Flight_992,3
Dana_Air_Flight_992,Airblue_Flight_202,3
User:Kolokolokolokolo/sandbox,Stephen,-1
Stephen,User_talk:Antiqueight,-1
User_talk:Antiqueight,User:Antiqueight,-1
User:Antiqueight,Bob,-1
Superman_vs._the_Amazing_Spider-Man,Hunter_Brown,-1
Luke_Evans_(actor),Dino_Hotić,5
Dino_Hotić,"Sterling_Hill_Historic_District_(Plainfield_and_Sterling,_Connecticut)",5
"Sterling_Hill_Historic_District_(Plainfield_and_Sterling,_Connecticut)",National_churches_in_Rome,4
National_churches_in_Rome,Abe_Knoop,4
Abe_Knoop,Arbat-e_Sofla,5
Arbat-e_Sofla,University_of_Central_Florida_Board_of_Trustees,5
"Prichard,_Alabama",User_talk:Minnelinusa,-1
User_talk:Minnelinusa,The_Replacements_(TV_series),2
The_Replacements_(TV_series),List_of_programs_broadcast_by_Sprout,3
List_of_programs_broadcast_by_Sprout,Chordate,3
Mollusca,Template:TV5_Shows_(current_and_upcoming),5
Template:TV5_Shows_(current_and_upcoming),Template:Disney_Channel_Original_Series,-1
Template:Disney_Channel_Original_Series,American_Dragon:_Jake_Long,-1
The_Replacements_(TV_series),Template:TV5_Shows_(current_and_upcoming),4
Template:TV5_Shows_(current_and_upcoming),List_of_programs_broadcast_by_TV5,-1
List_of_programs_broadcast_by_TV5,List_of_programs_broadcast_by_Disney_Channel,1
Usenet,User_talk:Jack_Greenmaven,-1
User_talk:Jack_Greenmaven,User:Jack_Greenmaven,-1
User:Jack_Greenmaven,User_talk:JohnBlackburne,-1
User_talk:JohnBlackburne,User_talk:Jzisawesome,-1
User_talk:Jzisawesome,Scratch_(programming_language),-1
Lobster,User_talk:Jzisawesome,-1
User_talk:Koavf/Archive042,User_talk:Taivo,-1
User_talk:Taivo,User_talk:Kwamikagami/Archive_23,-1
User_talk:Kwamikagami/Archive_23,User_talk:DGG,-1
User_talk:DGG,User_talk:SlimVirgin,-1
User_talk:SlimVirgin,User_talk:Japanese_Lesbian,-1
User_talk:Japanese_Lesbian,User_talk:Xxanthippe,-1
User_talk:Xxanthippe,User_talk:Jimbo_Wales,-1
User_talk:Jimbo_Wales,User_talk:Fireplace,-1
User_talk:Fireplace,User_talk:Dybryd,-1
User_talk:Dybryd,User_talk:Homosexuality_is_a_sickness,-1
Liu_Bolin,"Renaissance_College,_Hong_Kong",4
Fourth_wall,User:Vampirestingray,-1
Theory_of_relativity,Talk:Ugly,-1
Talk:Ugly,Creativity,3
Marines,User_talk:Jack8258,-1
Aboriginal_Australians,User:LINKHYRULEZBALLZ,-1
Aboriginal_Australians,User_talk:LINKHYRULEZBALLZ,-1
User:Anorox10/sandbox,Saber-toothed_cat,-1
List_of_Doges_of_Venice,Template:Doge_of_Venice,2
Template:Doge_of_Venice,User:WowSuchAuthority,-1
User:WowSuchAuthority,Stream_of_consciousness_(narrative_mode),-1
Stream_of_consciousness_(narrative_mode),Andrea_Gritti,4
Intelligence,Mars_Orbiter_Mission,4
Mars_Orbiter_Mission,Jacob_H._Stewart,4
Big_Kuntry_King,P$C,1
User_talk:Another_Informer,Chi_Centauri,-1
In_My_Brother's_Shadow,User:Antiqueight,-1
User:Antiqueight,Topolovci,-1
Topolovci,In_My_Brother's_Shadow,5
Kick_Buttowski:_Suburban_Daredevil,Uncle_Grandpa,2
Uncle_Grandpa,Secret_Mountain_Fort_Awesome,1
Secret_Mountain_Fort_Awesome,Krypto_the_Superdog,2
Filipino_Monkey,Röderbach_(Aschaff),6
Röderbach_(Aschaff),The_Road_Home_(1999_film),4
Zhang_Yimou,The_Flowers_of_War,1
The_Flowers_of_War,"Allen_Parish,_Louisiana",3
"Allen_Parish,_Louisiana",National_Freedom_Party_(Trinidad_and_Tobago),4
National_Freedom_Party_(Trinidad_and_Tobago),"Pokrzywno,_Pomeranian_Voivodeship",5
"Pokrzywno,_Pomeranian_Voivodeship",Chojnice_County,1
User_talk:Pinethicket,Copper(II)_sulfate,5
Copper(II)_sulfate,User_talk:Pietheman1,-1
Government_shutdown_in_the_United_States,Hair,3
Joseph_Plumb_Martin,User_talk:Darkrai_Crogunk,-1
User_talk:Darkrai_Crogunk,Darren_Shan,4
Darren_Shan,User:Darkrai_Crogunk,-1
User:Darkrai_Crogunk,User_talk:Darkrai_Crogunk,-1
User_talk:Darkrai_Crogunk,Roller_coaster,1
Kinglassie,User:Hugolg79,-1
User:Hugolg79,David_Almond,-1
Janjaweed,User_talk:Caleb1515,-1
Yahoo!,User:LOLOLOLOLOLOLOLOLOLOLOLOLOL1,-1
User:LOLOLOLOLOLOLOLOLOLOLOLOLOL1,User_talk:LOLOLOLOLOLOLOLOLOLOLOLOLOL1,-1
Yahoo!,User_talk:LOLOLOLOLOLOLOLOLOLOLOLOLOL1,-1
Yahoo!,User_talk:LOLOLOLOLOLOLOLOLOLOLOLOLOL1,-1
"Faculty_of_Civil_Engineering,_Iași",Wikipedia:Sandbox,4
Wikipedia:Sandbox,Neil_Finn,-1
Neil_Finn,User_talk:DrofXela,-1
Wikipedia:Today's_featured_list/submissions,Wikipedia_talk:Today's_featured_list/prep,-1
Plantsbrook_School,User_talk:Hansun,-1
Mamadou_Sakho,Cheick_Tioté,2
Glass,User:M3owUsername1,-1
User:M3owUsername1,Courage_the_Cowardly_Dog,-1
The_Rolling_Stones,Montee_Ball,3
Montee_Ball,Matt_Ryan,2
Ben_Obomanu,Wikipedia:Teahouse/Questions,-1
Carson_Palmer,Wikipedia:Teahouse/Questions,-1
Wikipedia:Teahouse/Questions,Matt_Flynn,4
Matt_Flynn,Wikipedia:Teahouse/Questions,-1
Wikipedia:Teahouse/Questions,Colt_McCoy,4
Colt_McCoy,Template:Tennessee_Titans_roster,2
Template:Tennessee_Titans_roster,Luke_McCown,-1
Brady_Quinn,Matt_Simms,2
Matt_Simms,Jesus,3
Tim_Tebow,Wikipedia:Teahouse/Questions,-1
Wikipedia:Teahouse/Questions,Wikipedia:Requested_articles/Sports,-1
Wikipedia:Requested_articles/Sports,Wikipedia:Teahouse/Questions,-1
Wikipedia:Teahouse/Questions,Jared_Abbrederis,5
Jared_Abbrederis,Wikipedia:Sandbox,4
Wikipedia:Sandbox,User:MattFlynnForPresident/sandbox,-1
User:MattFlynnForPresident/sandbox,Tim_Tebow,2
Tim_Tebow,Template:Green_Bay_Packers_roster,2
Template:Green_Bay_Packers_roster,Desmond_Bishop,-1
Desmond_Bishop,Terrell_Sinkfield,4
Terrell_Sinkfield,American_football_positions,2
American_football_positions,Sharrif_Floyd,3
Sharrif_Floyd,Tim_Tebow,2
Matt_Flynn,User_talk:MattFlynnForPresident,-1
User_talk:MattFlynnForPresident,Template:Cincinnati_Bengals_roster,2
Template:Cincinnati_Bengals_roster,Andy_Dalton,-1
Seneca_Wallace,B._J._Coleman,3
B._J._Coleman,Ricky_Stanzi,3
Ricky_Stanzi,User_talk:MattFlynnForPresident,-1
User_talk:MattFlynnForPresident,User:MattFlynnForPresident/sandbox,-1
User:MattFlynnForPresident/sandbox,Graham_Harrell,2
Graham_Harrell,Template:Green_Bay_Packers_roster,2
Template:Green_Bay_Packers_roster,Matt_McGloin,-1
Matt_McGloin,Rodney_Smith_(American_football),3
Rodney_Smith_(American_football),Denard_Robinson,3
Denard_Robinson,User:MattFlynnForPresident/sandbox,-1
User:MattFlynnForPresident/sandbox,User_talk:Richmond96,-1
User_talk:Richmond96,Matt_Barkley,3
Caleb_Hanie,Cordarrelle_Patterson,2
Cordarrelle_Patterson,Matt_Cassel,2
Matt_Cassel,Eddie_Lacy,2
Eddie_Lacy,Chandler_Harnish,3
Chandler_Harnish,Josh_Freeman,2
Josh_Freeman,User:MattFlynnForPresident/sandbox,-1
User:MattFlynnForPresident/sandbox,The_Jackson_5,3
Aaron_Rodgers,User_talk:MattFlynnForPresident,-1
"Vandorf,_Ontario",Wrecking_Ball_(Miley_Cyrus_song),4
Wrecking_Ball_(Miley_Cyrus_song),"Vandorf,_Ontario",3
"Vandorf,_Ontario",User_talk:Widr,-1
Internal_combustion_engine,Captain_Price,4
Captain_Price,Call_of_Duty:_Ghosts,2
Call_of_Duty:_Ghosts,Pricing_strategies,3
Wildcard_character,Captain_Price,4
Twickenham_Academy,Hounslow,2
Manipulation_of_atoms_by_optical_field,Baltimore,3
Gay_Street_(Baltimore),The_Hunger_Games:_Catching_Fire,4
The_Hunger_Games:_Catching_Fire,Original_57_merit_badges_(Boy_Scouts_of_America),4
Original_57_merit_badges_(Boy_Scouts_of_America),"Liverpool,_New_South_Wales",3
Niten_Ichi-ryū,Miyamoto_Musashi,1
Niten_Ichi-ryū,Miyamoto_Musashi,1
The_Hall_School_(Hampstead),South_Hampstead_High_School,1
Hassenbrook_Academy,Beacon_Hill_Academy,1
Beacon_Hill_Academy,Team_America,-1
Odagaon,Assassins,4
Homo,User_talk:TheExecutionerFTW,-1
Erwin_Schrödinger,User:Chrisykimmy0116,-1
Nineteen_Eighty-Four,Talk:Bear,-1
Talk:Bear,Talk:Elephant,-1
Talk:Elephant,User_talk:Gogo_Dodo,-1
User_talk:Gogo_Dodo,User_talk:Flktgfltg5tg53gg3,-1
User_talk:Flktgfltg5tg53gg3,User_talk:Scope_creep,-1
User_talk:Scope_creep,User_talk:Yngvadottir,-1
User_talk:Yngvadottir,User_talk:Drmies,-1
User_talk:Drmies,User_talk:CorporateM,-1
User_talk:CorporateM,User:CorporateM,-1
User:CorporateM,User_talk:Brainy_J,-1
User_talk:Brainy_J,User_talk:Gogo_Dodo,-1
Castle_Walls,User:Anthmone/sandbox,-1
User:Anthmone/sandbox,Toyota_Fortuner,-1
Anthony_Sullivan,User_talk:Barrackollama5,-1
Christy_Mack,FPSRussia,4
Talk:Brian_Scalabrine,Iman_Shumpert,-1
Iman_Shumpert,Michael_Carter-Williams,3
Michael_Carter-Williams,Andray_Blatche,3
Christchurch,Australian_ten-cent_coin,3
Persian-Sassanid_art_patterns,Duladeo_Temple,4
Duladeo_Temple,Lisa_the_Skeptic,5
Lisa_the_Skeptic,Kasakela_Chimpanzee_Community,3
Funk,User_talk:ShutShatChris,-1
Newark_Academy,Reconstruction_Era,2
Reconstruction_Era,Dominoes,3
User_talk:Thisisyourbackstory,Ace_Ventura:_When_Nature_Calls,-1
Ace_Ventura:_When_Nature_Calls,Wikipedia:Reference_desk/Miscellaneous,-1
Wikipedia:Reference_desk/Miscellaneous,NX_Zero,4
NX_Zero,Gus_Troxler,5
Gus_Troxler,Wikipedia:Reference_desk/Miscellaneous,-1
Wikipedia:Reference_desk/Miscellaneous,Ipronidazole,5
Ipronidazole,Bingley,4
Yhency_Brazobán,Greek_National_Road_63,5
Greek_National_Road_63,Clark_and_McCullough,4
Clark_and_McCullough,Duplicaria_helenae,7
Duplicaria_helenae,Phils_River,5
Phils_River,Hein_Hoyer,5
Hein_Hoyer,Lissotesta_inscripta,6
Lissotesta_inscripta,Gmina_Lwówek_Śląski,5
"Sunnyvale,_California",Wikipedia:Edit_filter/False_positives/Reports,-1
Wikipedia:Edit_filter/False_positives/Reports,User:Mombut,-1
User:Mombut,User_talk:Mombut,-1
User_talk:Mombut,User_talk:Bongwarrior,-1
Demographics_of_atheism,Ulla_Lindström,3
Demographics_of_atheism,Ulla_Lindström,3
Demographics_of_atheism,Importance_of_religion_by_country,2
Importance_of_religion_by_country,Ulla_Lindström,4
Demographics_of_atheism,Importance_of_religion_by_country,2
Demographics_of_atheism,Importance_of_religion_by_country,2
Importance_of_religion_by_country,Ulla_Lindström,4
Demographics_of_atheism,Importance_of_religion_by_country,2
Demographics_of_atheism,Ulla_Lindström,3
Ulla_Lindström,Importance_of_religion_by_country,3
Demographics_of_atheism,Importance_of_religion_by_country,2
Demographics_of_atheism,List_of_World_War_II_flying_aces,4
Bryn_Knowelden,Paintball,2
"Yellow_Pine,_Alabama",Birch,3
Lie,Montell,-1
Rational_trigonometry,User_talk:Darkwind,-1
Rational_trigonometry,User_talk:Darkwind,-1
User_talk:Darkwind,User_talk:Qasdfg123,-1
Cardiac_muscle,Skeletal_striated_muscle,1
User_talk:TELEPHONESPAM,User_talk:JamesBWatson,-1
2013_Formula_One_season,2012_Formula_One_season,2
2012_Formula_One_season,2012_Australian_Grand_Prix,2
2012_Australian_Grand_Prix,2012_Malaysian_Grand_Prix,2
2012_Malaysian_Grand_Prix,2012_Chinese_Grand_Prix,2
2012_Chinese_Grand_Prix,2012_Bahrain_Grand_Prix,2
2013_Formula_One_season,User:Bretonbanquet,-1
2013_Formula_One_season,User:Bretonbanquet,-1
User:Bretonbanquet,User:Antiqueight,-1
2013_Formula_One_season,User:Bretonbanquet,-1
User:Bretonbanquet,User:Antiqueight,-1
Tasmania,List_of_people_from_Melbourne,3
Harper_Green_School,Kearsley_Power_Station,3
Heian_period,User:XxSWAGYOLOxx,-1
User:XxSWAGYOLOxx,PlayStation,-1
Magpul_PDR,Into_Thin_Air,4
Into_Thin_Air,User_talk:XxSWAGYOLOxx,-1
User_talk:XxSWAGYOLOxx,Into_Thin_Air,1
Into_Thin_Air,YOLO_(motto),4
Isac_Elliot,In_God_we_trust,4
User_talk:Vikas_Choudhary_Tangor,India_Under-19_cricket_team,-1
India_Under-19_cricket_team,2013_Top_End_Under-19_Series_in_Australia,2
Pentagram,User_talk:Jim1138,-1
User_talk:Jim1138,User_talk:NeilN,-1
Michael_Bublé,Ross_Lynch,3
Ross_Lynch,Jessie_(TV_series),1
User_talk:Thomashookereater,User:Jfmantis,-1
Thomas_Hobbes,User:Ilikepoop1223123,-1
ChalkZone,Hiera_(mythology),5
Hiera_(mythology),The_Buzz_on_Maggie,4
The_Buzz_on_Maggie,World_Weightlifting_Championships,4
World_Weightlifting_Championships,Gare_de_Cramoisy,5
Gare_de_Cramoisy,Gare_de_Montataire,2
Gare_de_Montataire,Gare_de_Cires-lès-Mello,3
Gare_de_Cires-lès-Mello,Ivar's,4
The_Replacements_(TV_series),Kick_Buttowski:_Suburban_Daredevil,2
Kick_Buttowski:_Suburban_Daredevil,Virginia_V,4
Virginia_V,Disney_Channel_(Czech_Republic),4
Connecticut_Colony,User_talk:Thegamingcollection,-1
User_talk:Thegamingcollection,David_Smith,-1
Basil_Brush,Child_beauty_pageant,4
Child_beauty_pageant,Cosmetics,2
User_talk:I_Am_A_Happy_Face,User:I_Am_A_Happy_Face,-1
User:I_Am_A_Happy_Face,"John_Poulett,_2nd_Baron_Poulett",-1
"John_Poulett,_2nd_Baron_Poulett",User:I_Am_A_Happy_Face,-1
User:I_Am_A_Happy_Face,Wikipedia:Requests_for_adminship/Nominate,-1
User_talk:I_Am_A_Happy_Face,User_talk:Largoplazo,-1
Satanism,User_talk:Gogo_Dodo,-1
User_talk:Gogo_Dodo,Lima-class_submarine,5
Storage_Hunters,Adebayo_Akinfenwa,4
Turkey_(bird),Winged_unicorn,3
Honest_Jon's,Wikipedia:Edit_filter/False_positives/Reports,-1
Saint_Joseph,Talk:Adolf_Hitler,-1
Rudolf_Hess,User_talk:Yintan,-1
User_talk:Yintan,User:Kdawg234,-1
Zaolzie,User:Grzechu25,-1
User:Grzechu25,Lithuania,-1
Ukraine,Health_in_Ukraine,1
Bulldog,Kath_&_Kim_(Australian_TV_series),4
Kath_&_Kim_(Australian_TV_series),Ja'mie:_Private_School_Girl,2
Ja'mie:_Private_School_Girl,User_talk:IEndorseThisEventOrProduct,-1
Germen,Clarinet,4
Bombardier_C20,Suryanagri_Express,4
User:Lowercase_sigmabot_III/Shutoff,User:Dark_Mistress,-1
User:Dark_Mistress,User:StAnselm,-1
Wikipedia:Edit_filter/False_positives/Reports,Hayden_Ballantyne,5
Hayden_Ballantyne,User_talk:Bay_Bender,-1
Time_marketing,Guru_Gaddi,6
Guru_Gaddi,Arab_Spring,3
Saint_Peter,Matthew_the_Apostle,2
Tianjin_International_School,Joe_Namath,4
Ostrich,Lluïsa_Vidal,-1
The_Beautiful_Game,1992–93_FA_Premier_League,2
1992–93_FA_Premier_League,1993–94_FA_Premier_League,2
1993–94_FA_Premier_League,1994–95_FA_Premier_League,2
1994–95_FA_Premier_League,1995–96_FA_Premier_League,2
1995–96_FA_Premier_League,1996–97_FA_Premier_League,2
1996–97_FA_Premier_League,1993–94_FA_Premier_League,2
1993–94_FA_Premier_League,1994–95_FA_Premier_League,2
1994–95_FA_Premier_League,1997–98_FA_Premier_League,2
1997–98_FA_Premier_League,1998–99_FA_Premier_League,2
1998–99_FA_Premier_League,1999–2000_FA_Premier_League,2
1999–2000_FA_Premier_League,2000–01_FA_Premier_League,2
2000–01_FA_Premier_League,1999–2000_FA_Premier_League,2
1999–2000_FA_Premier_League,2000–01_FA_Premier_League,2
2000–01_FA_Premier_League,2001–02_FA_Premier_League,2
2001–02_FA_Premier_League,Ood,4
Black_Panther_Party,User_talk:FRIEDCHICKEN47,-1
Notre_Dame_de_Paris,Corn_(medicine),4
Corn_(medicine),String_theory,3
M-theory,Amer_Iqbal,3
Amer_Iqbal,Rake,5
Bilfinger_Berger_Power_Services,User_talk:Leo_howard_23457,-1
Battle_of_Britain,The_Binding_of_Isaac_(video_game),4
The_Binding_of_Isaac_(video_game),User_talk:Sharkato,-1
User:Punk_rocker_dancing,Sonic_Heroes,4
Steve_Wozniak,Religious_affiliation_in_the_United_States_Senate,3
Jason_Done,Wikipedia:Edit_filter/False_positives/Reports,-1
Wikipedia:Edit_filter/False_positives/Reports,User_talk:Gemminajbarbiemylanscott,-1
Craig_Cobb,User_talk:Eepmaster,-1
Pebble,User:Yoloswag12121212/sandbox,-1
Nirvana_(band),Emblem3,3
Red_panda,Wikipedia:Sandbox,4
Wikipedia:Sandbox,User_talk:Taterboy10,-1
User_talk:Taterboy10,Tate,1
A_Serbian_Film,Meat,2
Meat,Tea_bag_(sexual_act),3
Tea_bag_(sexual_act),Meat,3
Lie_Kim_Hok,Malajoe_Batawi,1
Malajoe_Batawi,Betawi_language,2
Indonesia,Kick_Buttowski:_Suburban_Daredevil,3
Kick_Buttowski:_Suburban_Daredevil,List_of_programs_broadcast_by_Sprout,3
List_of_programs_broadcast_by_Sprout,Langue_(Knights_Hospitaller),4
Langue_(Knights_Hospitaller),Knights_Hospitaller,1
Lee_Evans_(comedian),Paul_Chowdhry,2
Paul_Chowdhry,Slough,3
Peter_Hitchens,The_Last_Leg,3
Uri_Geller,Talk:Uri_Geller,-1
Talk:Uri_Geller,User_talk:Antiqueight,-1
User_talk:Antiqueight,Talk:Uri_Geller,-1
Rachakonda_Viswanatha_Sastry,Bugs_Bunny,3
User_talk:Drmies,User_talk:Mike_Rosoft,-1
User_talk:CocoBeMorocco,Wikipedia:Articles_for_deletion/Gogo_Dodo,-1
Wikipedia:Articles_for_deletion/Gogo_Dodo,User_talk:Rouoetyjsjabdb,-1
User:WaTcHoUT2000/sandbox,Jump,-1
State_(polity),User:Pharaoh_of_the_Wizards,-1
Enzo_Ferrari_(automobile),Nexian,4
Nexian,Samsung_Galaxy_Pocket,2
Samsung_Galaxy_Pocket,Top_Gear_(2002_TV_series),4
Top_Gear_(2002_TV_series),Samsung_Galaxy_Y,3
Samsung_Galaxy_Y,Rolls-Royce_Motor_Cars,4
Lamborghini_Miura,Lamborghini_Aventador,2
Enzo_Ferrari_(automobile),Ferrari_FXX,1
Ferrari_FXX,LaFerrari,2
LaFerrari,List_of_fastest_production_cars,2
Enzo_Ferrari_(automobile),Ferrari_P4/5_by_Pininfarina,2
Ferrari_612_Scaglietti,Ferrari_FF,1
Ferrari_FF,Ferrari_F12berlinetta,2
Ferrari_F12berlinetta,Android_(operating_system),3
Android_(operating_system),Chevrolet_Camaro_(fifth_generation),3
Pikey,User_talk:ImAwkward,-1
I'm_Awesome,Igor_Sikorsky,3
User:Phil_Sandifer,User:Jayjg,-1
User:Jayjg,User_talk:MZMcBride,-1
Issues_of_the_American_Civil_War,Instagram,3
Instagram,Ecological_succession,3
Primary_succession,User_talk:Jiggly123,-1
User_talk:Jiggly123,Lichen,1
Wangaratta,User:Blarneytherinosaur,-1
User:Blarneytherinosaur,Friends,3
Friends,McKinnon_railway_station,4
McKinnon_railway_station,Galen_Catholic_College,3
Dean_Woods,Celebrating_50_Glorious_Years,4
Celebrating_50_Glorious_Years,Wangaratta,3
Wangaratta,User_talk:Mcndogg,-1
Journey_to_Regionals,Granville_Adams,4
Ice_cream_cake,User_talk:Yachae12,-1
Muhammad_Bhola,Falconbury_School,5
Falconbury_School,Loučany,5
Loučany,Cahill's_Farm_Cheese,5
Cahill's_Farm_Cheese,University_of_Central_Florida_Board_of_Trustees,4
Allophylus_edulis,Vacuum_cleaner,4
"Leigh,_Dorset",2010_Northumbria_Police_manhunt,3
Sophie_Ellis-Bextor,Olly_Murs,3
Olly_Murs,Tony_Hawk,2
Thomas_Edison,LuAnn_de_Lesseps,4
LuAnn_de_Lesseps,Sponge,3
